<?xml version="1.0" encoding="utf-8"?>
<gpx xmlns="http://www.topografix.com/GPX/1/1" version="1.1" creator="SportsTrackingData" xsi:schemaLocation="http://www.topografix.com/GPX/1/1 http://www.topografix.com/GPX/1/1/gpx.xsd http://www.garmin.com/xmlschemas/TrackPointExtension/v1 http://www.garmin.com/xmlschemas/TrackPointExtensionv1.xsd" xmlns:gpxtpx="http://www.garmin.com/xmlschemas/TrackPointExtension/v1" xmlns:xsi="http://www.w3.org/2001/XMLSchema-instance"><metadata><name>Sortie VTT</name><time>2025-11-13T11:20:00+01:00</time></metadata><trk><name>Sortie VTT</name><trkseg><trkpt lat="50.760695" lon="4.446922"><ele>121.5</ele><time>2025-11-13T11:20:05+01:00</time><extensions><gpxtpx:TrackPointExtension><gpxtpx:hr>0</gpxtpx:hr></gpxtpx:TrackPointExtension></extensions></trkpt><trkpt lat="50.76066" lon="4.44681"><ele>121.90039</ele><time>2025-11-13T11:20:10+01:00</time><extensions><gpxtpx:TrackPointExtension><gpxtpx:hr>0</gpxtpx:hr></gpxtpx:TrackPointExtension></extensions></trkpt><trkpt lat="50.760582" lon="4.446682"><ele>122.40039</ele><time>2025-11-13T11:20:15+01:00</time><extensions><gpxtpx:TrackPointExtension><gpxtpx:hr>0</gpxtpx:hr></gpxtpx:TrackPointExtension></extensions></trkpt><trkpt lat="50.760492" lon="4.446538"><ele>122.5</ele><time>2025-11-13T11:20:20+01:00</time><extensions><gpxtpx:TrackPointExtension><gpxtpx:hr>0</gpxtpx:hr></gpxtpx:TrackPointExtension></extensions></trkpt><trkpt lat="50.76043" lon="4.446445"><ele>122.40039</ele><time>2025-11-13T11:20:25+01:00</time><extensions><gpxtpx:TrackPointExtension><gpxtpx:hr>0</gpxtpx:hr></gpxtpx:TrackPointExtension></extensions></trkpt><trkpt lat="50.760348" lon="4.446342"><ele>122.299805</ele><time>2025-11-13T11:20:30+01:00</time><extensions><gpxtpx:TrackPointExtension><gpxtpx:hr>0</gpxtpx:hr></gpxtpx:TrackPointExtension></extensions></trkpt><trkpt lat="50.76027" lon="4.446238"><ele>122.200195</ele><time>2025-11-13T11:20:35+01:00</time><extensions><gpxtpx:TrackPointExtension><gpxtpx:hr>0</gpxtpx:hr></gpxtpx:TrackPointExtension></extensions></trkpt><trkpt lat="50.7602" lon="4.446122"><ele>122.200195</ele><time>2025-11-13T11:20:40+01:00</time><extensions><gpxtpx:TrackPointExtension><gpxtpx:hr>0</gpxtpx:hr></gpxtpx:TrackPointExtension></extensions></trkpt><trkpt lat="50.760123" lon="4.44599"><ele>122.40039</ele><time>2025-11-13T11:20:45+01:00</time><extensions><gpxtpx:TrackPointExtension><gpxtpx:hr>0</gpxtpx:hr></gpxtpx:TrackPointExtension></extensions></trkpt><trkpt lat="50.760032" lon="4.445842"><ele>122.600586</ele><time>2025-11-13T11:20:50+01:00</time><extensions><gpxtpx:TrackPointExtension><gpxtpx:hr>0</gpxtpx:hr></gpxtpx:TrackPointExtension></extensions></trkpt><trkpt lat="50.759937" lon="4.445697"><ele>123</ele><time>2025-11-13T11:20:55+01:00</time><extensions><gpxtpx:TrackPointExtension><gpxtpx:hr>0</gpxtpx:hr></gpxtpx:TrackPointExtension></extensions></trkpt><trkpt lat="50.759855" lon="4.445577"><ele>123.700195</ele><time>2025-11-13T11:21:00+01:00</time><extensions><gpxtpx:TrackPointExtension><gpxtpx:hr>0</gpxtpx:hr></gpxtpx:TrackPointExtension></extensions></trkpt><trkpt lat="50.75976" lon="4.445443"><ele>123.90039</ele><time>2025-11-13T11:21:05+01:00</time><extensions><gpxtpx:TrackPointExtension><gpxtpx:hr>0</gpxtpx:hr></gpxtpx:TrackPointExtension></extensions></trkpt><trkpt lat="50.759668" lon="4.445317"><ele>124.5</ele><time>2025-11-13T11:21:10+01:00</time><extensions><gpxtpx:TrackPointExtension><gpxtpx:hr>0</gpxtpx:hr></gpxtpx:TrackPointExtension></extensions></trkpt><trkpt lat="50.75957" lon="4.445157"><ele>125</ele><time>2025-11-13T11:21:15+01:00</time><extensions><gpxtpx:TrackPointExtension><gpxtpx:hr>0</gpxtpx:hr></gpxtpx:TrackPointExtension></extensions></trkpt><trkpt lat="50.75948" lon="4.445"><ele>125.5</ele><time>2025-11-13T11:21:20+01:00</time><extensions><gpxtpx:TrackPointExtension><gpxtpx:hr>0</gpxtpx:hr></gpxtpx:TrackPointExtension></extensions></trkpt><trkpt lat="50.75938" lon="4.444842"><ele>125.40039</ele><time>2025-11-13T11:21:25+01:00</time><extensions><gpxtpx:TrackPointExtension><gpxtpx:hr>0</gpxtpx:hr></gpxtpx:TrackPointExtension></extensions></trkpt><trkpt lat="50.75928" lon="4.444703"><ele>125.299805</ele><time>2025-11-13T11:21:30+01:00</time><extensions><gpxtpx:TrackPointExtension><gpxtpx:hr>0</gpxtpx:hr></gpxtpx:TrackPointExtension></extensions></trkpt><trkpt lat="50.759172" lon="4.444558"><ele>125.100586</ele><time>2025-11-13T11:21:35+01:00</time><extensions><gpxtpx:TrackPointExtension><gpxtpx:hr>0</gpxtpx:hr></gpxtpx:TrackPointExtension></extensions></trkpt><trkpt lat="50.759075" lon="4.44443"><ele>124.90039</ele><time>2025-11-13T11:21:40+01:00</time><extensions><gpxtpx:TrackPointExtension><gpxtpx:hr>0</gpxtpx:hr></gpxtpx:TrackPointExtension></extensions></trkpt><trkpt lat="50.75897" lon="4.444282"><ele>124.40039</ele><time>2025-11-13T11:21:45+01:00</time><extensions><gpxtpx:TrackPointExtension><gpxtpx:hr>0</gpxtpx:hr></gpxtpx:TrackPointExtension></extensions></trkpt><trkpt lat="50.758842" lon="4.444095"><ele>123.799805</ele><time>2025-11-13T11:21:50+01:00</time><extensions><gpxtpx:TrackPointExtension><gpxtpx:hr>0</gpxtpx:hr></gpxtpx:TrackPointExtension></extensions></trkpt><trkpt lat="50.758718" lon="4.44391"><ele>123.40039</ele><time>2025-11-13T11:21:55+01:00</time><extensions><gpxtpx:TrackPointExtension><gpxtpx:hr>0</gpxtpx:hr></gpxtpx:TrackPointExtension></extensions></trkpt><trkpt lat="50.758567" lon="4.443688"><ele>122.600586</ele><time>2025-11-13T11:22:00+01:00</time><extensions><gpxtpx:TrackPointExtension><gpxtpx:hr>0</gpxtpx:hr></gpxtpx:TrackPointExtension></extensions></trkpt><trkpt lat="50.758425" lon="4.443468"><ele>122.5</ele><time>2025-11-13T11:22:05+01:00</time><extensions><gpxtpx:TrackPointExtension><gpxtpx:hr>0</gpxtpx:hr></gpxtpx:TrackPointExtension></extensions></trkpt><trkpt lat="50.758293" lon="4.44325"><ele>122.299805</ele><time>2025-11-13T11:22:10+01:00</time><extensions><gpxtpx:TrackPointExtension><gpxtpx:hr>0</gpxtpx:hr></gpxtpx:TrackPointExtension></extensions></trkpt><trkpt lat="50.758175" lon="4.443052"><ele>122.700195</ele><time>2025-11-13T11:22:15+01:00</time><extensions><gpxtpx:TrackPointExtension><gpxtpx:hr>0</gpxtpx:hr></gpxtpx:TrackPointExtension></extensions></trkpt><trkpt lat="50.758088" lon="4.442907"><ele>122.600586</ele><time>2025-11-13T11:22:20+01:00</time><extensions><gpxtpx:TrackPointExtension><gpxtpx:hr>0</gpxtpx:hr></gpxtpx:TrackPointExtension></extensions></trkpt><trkpt lat="50.75801" lon="4.442778"><ele>122.799805</ele><time>2025-11-13T11:22:25+01:00</time><extensions><gpxtpx:TrackPointExtension><gpxtpx:hr>0</gpxtpx:hr></gpxtpx:TrackPointExtension></extensions></trkpt><trkpt lat="50.757927" lon="4.442647"><ele>122.90039</ele><time>2025-11-13T11:22:30+01:00</time><extensions><gpxtpx:TrackPointExtension><gpxtpx:hr>0</gpxtpx:hr></gpxtpx:TrackPointExtension></extensions></trkpt><trkpt lat="50.757845" lon="4.442545"><ele>123.100586</ele><time>2025-11-13T11:22:35+01:00</time><extensions><gpxtpx:TrackPointExtension><gpxtpx:hr>0</gpxtpx:hr></gpxtpx:TrackPointExtension></extensions></trkpt><trkpt lat="50.757755" lon="4.442412"><ele>122.90039</ele><time>2025-11-13T11:22:40+01:00</time><extensions><gpxtpx:TrackPointExtension><gpxtpx:hr>0</gpxtpx:hr></gpxtpx:TrackPointExtension></extensions></trkpt><trkpt lat="50.75768" lon="4.442262"><ele>123</ele><time>2025-11-13T11:22:45+01:00</time><extensions><gpxtpx:TrackPointExtension><gpxtpx:hr>0</gpxtpx:hr></gpxtpx:TrackPointExtension></extensions></trkpt><trkpt lat="50.757562" lon="4.442092"><ele>123</ele><time>2025-11-13T11:22:50+01:00</time><extensions><gpxtpx:TrackPointExtension><gpxtpx:hr>0</gpxtpx:hr></gpxtpx:TrackPointExtension></extensions></trkpt><trkpt lat="50.757443" lon="4.441932"><ele>123.100586</ele><time>2025-11-13T11:22:55+01:00</time><extensions><gpxtpx:TrackPointExtension><gpxtpx:hr>0</gpxtpx:hr></gpxtpx:TrackPointExtension></extensions></trkpt><trkpt lat="50.75733" lon="4.441742"><ele>123.200195</ele><time>2025-11-13T11:23:00+01:00</time><extensions><gpxtpx:TrackPointExtension><gpxtpx:hr>0</gpxtpx:hr></gpxtpx:TrackPointExtension></extensions></trkpt><trkpt lat="50.757218" lon="4.441575"><ele>123.40039</ele><time>2025-11-13T11:23:05+01:00</time><extensions><gpxtpx:TrackPointExtension><gpxtpx:hr>0</gpxtpx:hr></gpxtpx:TrackPointExtension></extensions></trkpt><trkpt lat="50.757108" lon="4.44142"><ele>123.90039</ele><time>2025-11-13T11:23:10+01:00</time><extensions><gpxtpx:TrackPointExtension><gpxtpx:hr>0</gpxtpx:hr></gpxtpx:TrackPointExtension></extensions></trkpt><trkpt lat="50.756995" lon="4.44125"><ele>124.40039</ele><time>2025-11-13T11:23:15+01:00</time><extensions><gpxtpx:TrackPointExtension><gpxtpx:hr>0</gpxtpx:hr></gpxtpx:TrackPointExtension></extensions></trkpt><trkpt lat="50.756888" lon="4.441098"><ele>125.100586</ele><time>2025-11-13T11:23:20+01:00</time><extensions><gpxtpx:TrackPointExtension><gpxtpx:hr>0</gpxtpx:hr></gpxtpx:TrackPointExtension></extensions></trkpt><trkpt lat="50.756758" lon="4.440907"><ele>125.90039</ele><time>2025-11-13T11:23:25+01:00</time><extensions><gpxtpx:TrackPointExtension><gpxtpx:hr>0</gpxtpx:hr></gpxtpx:TrackPointExtension></extensions></trkpt><trkpt lat="50.756627" lon="4.440725"><ele>126.5</ele><time>2025-11-13T11:23:30+01:00</time><extensions><gpxtpx:TrackPointExtension><gpxtpx:hr>0</gpxtpx:hr></gpxtpx:TrackPointExtension></extensions></trkpt><trkpt lat="50.756502" lon="4.440523"><ele>127.40039</ele><time>2025-11-13T11:23:35+01:00</time><extensions><gpxtpx:TrackPointExtension><gpxtpx:hr>0</gpxtpx:hr></gpxtpx:TrackPointExtension></extensions></trkpt><trkpt lat="50.756405" lon="4.440375"><ele>128.2002</ele><time>2025-11-13T11:23:40+01:00</time><extensions><gpxtpx:TrackPointExtension><gpxtpx:hr>0</gpxtpx:hr></gpxtpx:TrackPointExtension></extensions></trkpt><trkpt lat="50.75629" lon="4.440197"><ele>129.2998</ele><time>2025-11-13T11:23:45+01:00</time><extensions><gpxtpx:TrackPointExtension><gpxtpx:hr>0</gpxtpx:hr></gpxtpx:TrackPointExtension></extensions></trkpt><trkpt lat="50.756183" lon="4.440035"><ele>130.2002</ele><time>2025-11-13T11:23:50+01:00</time><extensions><gpxtpx:TrackPointExtension><gpxtpx:hr>0</gpxtpx:hr></gpxtpx:TrackPointExtension></extensions></trkpt><trkpt lat="50.756098" lon="4.439883"><ele>131.10059</ele><time>2025-11-13T11:23:55+01:00</time><extensions><gpxtpx:TrackPointExtension><gpxtpx:hr>0</gpxtpx:hr></gpxtpx:TrackPointExtension></extensions></trkpt><trkpt lat="50.755995" lon="4.439725"><ele>131.7002</ele><time>2025-11-13T11:24:00+01:00</time><extensions><gpxtpx:TrackPointExtension><gpxtpx:hr>0</gpxtpx:hr></gpxtpx:TrackPointExtension></extensions></trkpt><trkpt lat="50.755905" lon="4.439587"><ele>132</ele><time>2025-11-13T11:24:05+01:00</time><extensions><gpxtpx:TrackPointExtension><gpxtpx:hr>0</gpxtpx:hr></gpxtpx:TrackPointExtension></extensions></trkpt><trkpt lat="50.755807" lon="4.439462"><ele>132.40039</ele><time>2025-11-13T11:24:10+01:00</time><extensions><gpxtpx:TrackPointExtension><gpxtpx:hr>0</gpxtpx:hr></gpxtpx:TrackPointExtension></extensions></trkpt><trkpt lat="50.755698" lon="4.439322"><ele>132.7998</ele><time>2025-11-13T11:24:15+01:00</time><extensions><gpxtpx:TrackPointExtension><gpxtpx:hr>0</gpxtpx:hr></gpxtpx:TrackPointExtension></extensions></trkpt><trkpt lat="50.755592" lon="4.43916"><ele>133.2002</ele><time>2025-11-13T11:24:20+01:00</time><extensions><gpxtpx:TrackPointExtension><gpxtpx:hr>0</gpxtpx:hr></gpxtpx:TrackPointExtension></extensions></trkpt><trkpt lat="50.755468" lon="4.438997"><ele>133.5</ele><time>2025-11-13T11:24:25+01:00</time><extensions><gpxtpx:TrackPointExtension><gpxtpx:hr>0</gpxtpx:hr></gpxtpx:TrackPointExtension></extensions></trkpt><trkpt lat="50.755345" lon="4.438817"><ele>134.10059</ele><time>2025-11-13T11:24:30+01:00</time><extensions><gpxtpx:TrackPointExtension><gpxtpx:hr>0</gpxtpx:hr></gpxtpx:TrackPointExtension></extensions></trkpt><trkpt lat="50.755193" lon="4.438725"><ele>134.5</ele><time>2025-11-13T11:24:35+01:00</time><extensions><gpxtpx:TrackPointExtension><gpxtpx:hr>0</gpxtpx:hr></gpxtpx:TrackPointExtension></extensions></trkpt><trkpt lat="50.75505" lon="4.438662"><ele>134.7998</ele><time>2025-11-13T11:24:40+01:00</time><extensions><gpxtpx:TrackPointExtension><gpxtpx:hr>0</gpxtpx:hr></gpxtpx:TrackPointExtension></extensions></trkpt><trkpt lat="50.754888" lon="4.438683"><ele>135.2002</ele><time>2025-11-13T11:24:45+01:00</time><extensions><gpxtpx:TrackPointExtension><gpxtpx:hr>0</gpxtpx:hr></gpxtpx:TrackPointExtension></extensions></trkpt><trkpt lat="50.754748" lon="4.438805"><ele>135.40039</ele><time>2025-11-13T11:24:50+01:00</time><extensions><gpxtpx:TrackPointExtension><gpxtpx:hr>0</gpxtpx:hr></gpxtpx:TrackPointExtension></extensions></trkpt><trkpt lat="50.754625" lon="4.4389"><ele>135.60059</ele><time>2025-11-13T11:24:55+01:00</time><extensions><gpxtpx:TrackPointExtension><gpxtpx:hr>0</gpxtpx:hr></gpxtpx:TrackPointExtension></extensions></trkpt><trkpt lat="50.754493" lon="4.43902"><ele>135.60059</ele><time>2025-11-13T11:25:00+01:00</time><extensions><gpxtpx:TrackPointExtension><gpxtpx:hr>0</gpxtpx:hr></gpxtpx:TrackPointExtension></extensions></trkpt><trkpt lat="50.754363" lon="4.439085"><ele>136</ele><time>2025-11-13T11:25:05+01:00</time><extensions><gpxtpx:TrackPointExtension><gpxtpx:hr>0</gpxtpx:hr></gpxtpx:TrackPointExtension></extensions></trkpt><trkpt lat="50.754208" lon="4.439133"><ele>136.40039</ele><time>2025-11-13T11:25:10+01:00</time><extensions><gpxtpx:TrackPointExtension><gpxtpx:hr>0</gpxtpx:hr></gpxtpx:TrackPointExtension></extensions></trkpt><trkpt lat="50.754048" lon="4.439183"><ele>136.60059</ele><time>2025-11-13T11:25:15+01:00</time><extensions><gpxtpx:TrackPointExtension><gpxtpx:hr>0</gpxtpx:hr></gpxtpx:TrackPointExtension></extensions></trkpt><trkpt lat="50.753903" lon="4.439218"><ele>136.7998</ele><time>2025-11-13T11:25:20+01:00</time><extensions><gpxtpx:TrackPointExtension><gpxtpx:hr>0</gpxtpx:hr></gpxtpx:TrackPointExtension></extensions></trkpt><trkpt lat="50.75375" lon="4.439257"><ele>137</ele><time>2025-11-13T11:25:25+01:00</time><extensions><gpxtpx:TrackPointExtension><gpxtpx:hr>0</gpxtpx:hr></gpxtpx:TrackPointExtension></extensions></trkpt><trkpt lat="50.753577" lon="4.439268"><ele>137.2002</ele><time>2025-11-13T11:25:30+01:00</time><extensions><gpxtpx:TrackPointExtension><gpxtpx:hr>0</gpxtpx:hr></gpxtpx:TrackPointExtension></extensions></trkpt><trkpt lat="50.753412" lon="4.43918"><ele>137.7998</ele><time>2025-11-13T11:25:35+01:00</time><extensions><gpxtpx:TrackPointExtension><gpxtpx:hr>0</gpxtpx:hr></gpxtpx:TrackPointExtension></extensions></trkpt><trkpt lat="50.753257" lon="4.439118"><ele>138.5</ele><time>2025-11-13T11:25:40+01:00</time><extensions><gpxtpx:TrackPointExtension><gpxtpx:hr>0</gpxtpx:hr></gpxtpx:TrackPointExtension></extensions></trkpt><trkpt lat="50.753097" lon="4.43906"><ele>139.2998</ele><time>2025-11-13T11:25:45+01:00</time><extensions><gpxtpx:TrackPointExtension><gpxtpx:hr>0</gpxtpx:hr></gpxtpx:TrackPointExtension></extensions></trkpt><trkpt lat="50.752987" lon="4.438932"><ele>140.2002</ele><time>2025-11-13T11:25:50+01:00</time><extensions><gpxtpx:TrackPointExtension><gpxtpx:hr>0</gpxtpx:hr></gpxtpx:TrackPointExtension></extensions></trkpt><trkpt lat="50.752895" lon="4.43881"><ele>141.40039</ele><time>2025-11-13T11:25:55+01:00</time><extensions><gpxtpx:TrackPointExtension><gpxtpx:hr>0</gpxtpx:hr></gpxtpx:TrackPointExtension></extensions></trkpt><trkpt lat="50.75283" lon="4.438632"><ele>142.40039</ele><time>2025-11-13T11:26:00+01:00</time><extensions><gpxtpx:TrackPointExtension><gpxtpx:hr>0</gpxtpx:hr></gpxtpx:TrackPointExtension></extensions></trkpt><trkpt lat="50.752727" lon="4.438387"><ele>143.5</ele><time>2025-11-13T11:26:05+01:00</time><extensions><gpxtpx:TrackPointExtension><gpxtpx:hr>0</gpxtpx:hr></gpxtpx:TrackPointExtension></extensions></trkpt><trkpt lat="50.752622" lon="4.43823"><ele>144.2002</ele><time>2025-11-13T11:26:10+01:00</time><extensions><gpxtpx:TrackPointExtension><gpxtpx:hr>0</gpxtpx:hr></gpxtpx:TrackPointExtension></extensions></trkpt><trkpt lat="50.752522" lon="4.438047"><ele>145.2002</ele><time>2025-11-13T11:26:15+01:00</time><extensions><gpxtpx:TrackPointExtension><gpxtpx:hr>0</gpxtpx:hr></gpxtpx:TrackPointExtension></extensions></trkpt><trkpt lat="50.75244" lon="4.43788"><ele>145.40039</ele><time>2025-11-13T11:26:20+01:00</time><extensions><gpxtpx:TrackPointExtension><gpxtpx:hr>0</gpxtpx:hr></gpxtpx:TrackPointExtension></extensions></trkpt><trkpt lat="50.752373" lon="4.437722"><ele>145.7002</ele><time>2025-11-13T11:26:25+01:00</time><extensions><gpxtpx:TrackPointExtension><gpxtpx:hr>0</gpxtpx:hr></gpxtpx:TrackPointExtension></extensions></trkpt><trkpt lat="50.752287" lon="4.437483"><ele>145.7002</ele><time>2025-11-13T11:26:30+01:00</time><extensions><gpxtpx:TrackPointExtension><gpxtpx:hr>0</gpxtpx:hr></gpxtpx:TrackPointExtension></extensions></trkpt><trkpt lat="50.752198" lon="4.437267"><ele>145.60059</ele><time>2025-11-13T11:26:35+01:00</time><extensions><gpxtpx:TrackPointExtension><gpxtpx:hr>0</gpxtpx:hr></gpxtpx:TrackPointExtension></extensions></trkpt><trkpt lat="50.75209" lon="4.437103"><ele>145.60059</ele><time>2025-11-13T11:26:40+01:00</time><extensions><gpxtpx:TrackPointExtension><gpxtpx:hr>0</gpxtpx:hr></gpxtpx:TrackPointExtension></extensions></trkpt><trkpt lat="50.751988" lon="4.436945"><ele>145.60059</ele><time>2025-11-13T11:26:45+01:00</time><extensions><gpxtpx:TrackPointExtension><gpxtpx:hr>0</gpxtpx:hr></gpxtpx:TrackPointExtension></extensions></trkpt><trkpt lat="50.75194" lon="4.43675"><ele>145.40039</ele><time>2025-11-13T11:26:50+01:00</time><extensions><gpxtpx:TrackPointExtension><gpxtpx:hr>0</gpxtpx:hr></gpxtpx:TrackPointExtension></extensions></trkpt><trkpt lat="50.75194" lon="4.436548"><ele>145.10059</ele><time>2025-11-13T11:26:55+01:00</time><extensions><gpxtpx:TrackPointExtension><gpxtpx:hr>0</gpxtpx:hr></gpxtpx:TrackPointExtension></extensions></trkpt><trkpt lat="50.751922" lon="4.436318"><ele>144.60059</ele><time>2025-11-13T11:27:00+01:00</time><extensions><gpxtpx:TrackPointExtension><gpxtpx:hr>0</gpxtpx:hr></gpxtpx:TrackPointExtension></extensions></trkpt><trkpt lat="50.751907" lon="4.43612"><ele>144.2002</ele><time>2025-11-13T11:27:05+01:00</time><extensions><gpxtpx:TrackPointExtension><gpxtpx:hr>0</gpxtpx:hr></gpxtpx:TrackPointExtension></extensions></trkpt><trkpt lat="50.751825" lon="4.43589"><ele>143.60059</ele><time>2025-11-13T11:27:10+01:00</time><extensions><gpxtpx:TrackPointExtension><gpxtpx:hr>0</gpxtpx:hr></gpxtpx:TrackPointExtension></extensions></trkpt><trkpt lat="50.751735" lon="4.435715"><ele>143.2002</ele><time>2025-11-13T11:27:15+01:00</time><extensions><gpxtpx:TrackPointExtension><gpxtpx:hr>0</gpxtpx:hr></gpxtpx:TrackPointExtension></extensions></trkpt><trkpt lat="50.751632" lon="4.435542"><ele>142.90039</ele><time>2025-11-13T11:27:20+01:00</time><extensions><gpxtpx:TrackPointExtension><gpxtpx:hr>0</gpxtpx:hr></gpxtpx:TrackPointExtension></extensions></trkpt><trkpt lat="50.751567" lon="4.43535"><ele>142.5</ele><time>2025-11-13T11:27:25+01:00</time><extensions><gpxtpx:TrackPointExtension><gpxtpx:hr>0</gpxtpx:hr></gpxtpx:TrackPointExtension></extensions></trkpt><trkpt lat="50.751578" lon="4.435218"><ele>142.2998</ele><time>2025-11-13T11:27:30+01:00</time><extensions><gpxtpx:TrackPointExtension><gpxtpx:hr>0</gpxtpx:hr></gpxtpx:TrackPointExtension></extensions></trkpt><trkpt lat="50.75156" lon="4.435012"><ele>141.60059</ele><time>2025-11-13T11:27:35+01:00</time><extensions><gpxtpx:TrackPointExtension><gpxtpx:hr>0</gpxtpx:hr></gpxtpx:TrackPointExtension></extensions></trkpt><trkpt lat="50.751457" lon="4.434847"><ele>141.2998</ele><time>2025-11-13T11:27:40+01:00</time><extensions><gpxtpx:TrackPointExtension><gpxtpx:hr>0</gpxtpx:hr></gpxtpx:TrackPointExtension></extensions></trkpt><trkpt lat="50.751297" lon="4.434717"><ele>141.5</ele><time>2025-11-13T11:27:45+01:00</time><extensions><gpxtpx:TrackPointExtension><gpxtpx:hr>0</gpxtpx:hr></gpxtpx:TrackPointExtension></extensions></trkpt><trkpt lat="50.751157" lon="4.434643"><ele>141.60059</ele><time>2025-11-13T11:27:50+01:00</time><extensions><gpxtpx:TrackPointExtension><gpxtpx:hr>0</gpxtpx:hr></gpxtpx:TrackPointExtension></extensions></trkpt><trkpt lat="50.75104" lon="4.434585"><ele>141.7002</ele><time>2025-11-13T11:27:55+01:00</time><extensions><gpxtpx:TrackPointExtension><gpxtpx:hr>0</gpxtpx:hr></gpxtpx:TrackPointExtension></extensions></trkpt><trkpt lat="50.750917" lon="4.434513"><ele>141.60059</ele><time>2025-11-13T11:28:00+01:00</time><extensions><gpxtpx:TrackPointExtension><gpxtpx:hr>0</gpxtpx:hr></gpxtpx:TrackPointExtension></extensions></trkpt><trkpt lat="50.750787" lon="4.434423"><ele>141.7002</ele><time>2025-11-13T11:28:05+01:00</time><extensions><gpxtpx:TrackPointExtension><gpxtpx:hr>0</gpxtpx:hr></gpxtpx:TrackPointExtension></extensions></trkpt><trkpt lat="50.75066" lon="4.434338"><ele>141.7002</ele><time>2025-11-13T11:28:10+01:00</time><extensions><gpxtpx:TrackPointExtension><gpxtpx:hr>0</gpxtpx:hr></gpxtpx:TrackPointExtension></extensions></trkpt><trkpt lat="50.75054" lon="4.434262"><ele>141.60059</ele><time>2025-11-13T11:28:15+01:00</time><extensions><gpxtpx:TrackPointExtension><gpxtpx:hr>0</gpxtpx:hr></gpxtpx:TrackPointExtension></extensions></trkpt><trkpt lat="50.750427" lon="4.434198"><ele>141.90039</ele><time>2025-11-13T11:28:20+01:00</time><extensions><gpxtpx:TrackPointExtension><gpxtpx:hr>0</gpxtpx:hr></gpxtpx:TrackPointExtension></extensions></trkpt><trkpt lat="50.75031" lon="4.434112"><ele>142</ele><time>2025-11-13T11:28:25+01:00</time><extensions><gpxtpx:TrackPointExtension><gpxtpx:hr>0</gpxtpx:hr></gpxtpx:TrackPointExtension></extensions></trkpt><trkpt lat="50.750192" lon="4.434032"><ele>142.2998</ele><time>2025-11-13T11:28:30+01:00</time><extensions><gpxtpx:TrackPointExtension><gpxtpx:hr>0</gpxtpx:hr></gpxtpx:TrackPointExtension></extensions></trkpt><trkpt lat="50.750073" lon="4.433968"><ele>142.40039</ele><time>2025-11-13T11:28:35+01:00</time><extensions><gpxtpx:TrackPointExtension><gpxtpx:hr>0</gpxtpx:hr></gpxtpx:TrackPointExtension></extensions></trkpt><trkpt lat="50.749947" lon="4.433888"><ele>142.60059</ele><time>2025-11-13T11:28:40+01:00</time><extensions><gpxtpx:TrackPointExtension><gpxtpx:hr>0</gpxtpx:hr></gpxtpx:TrackPointExtension></extensions></trkpt><trkpt lat="50.7498" lon="4.433807"><ele>142.90039</ele><time>2025-11-13T11:28:45+01:00</time><extensions><gpxtpx:TrackPointExtension><gpxtpx:hr>0</gpxtpx:hr></gpxtpx:TrackPointExtension></extensions></trkpt><trkpt lat="50.749667" lon="4.433728"><ele>142.90039</ele><time>2025-11-13T11:28:50+01:00</time><extensions><gpxtpx:TrackPointExtension><gpxtpx:hr>0</gpxtpx:hr></gpxtpx:TrackPointExtension></extensions></trkpt><trkpt lat="50.749538" lon="4.433672"><ele>143.7002</ele><time>2025-11-13T11:28:55+01:00</time><extensions><gpxtpx:TrackPointExtension><gpxtpx:hr>0</gpxtpx:hr></gpxtpx:TrackPointExtension></extensions></trkpt><trkpt lat="50.749393" lon="4.433607"><ele>143.90039</ele><time>2025-11-13T11:29:00+01:00</time><extensions><gpxtpx:TrackPointExtension><gpxtpx:hr>0</gpxtpx:hr></gpxtpx:TrackPointExtension></extensions></trkpt><trkpt lat="50.749263" lon="4.433563"><ele>144.40039</ele><time>2025-11-13T11:29:05+01:00</time><extensions><gpxtpx:TrackPointExtension><gpxtpx:hr>0</gpxtpx:hr></gpxtpx:TrackPointExtension></extensions></trkpt><trkpt lat="50.74914" lon="4.433507"><ele>144.90039</ele><time>2025-11-13T11:29:10+01:00</time><extensions><gpxtpx:TrackPointExtension><gpxtpx:hr>0</gpxtpx:hr></gpxtpx:TrackPointExtension></extensions></trkpt><trkpt lat="50.749018" lon="4.433457"><ele>145.10059</ele><time>2025-11-13T11:29:15+01:00</time><extensions><gpxtpx:TrackPointExtension><gpxtpx:hr>0</gpxtpx:hr></gpxtpx:TrackPointExtension></extensions></trkpt><trkpt lat="50.748897" lon="4.433395"><ele>145.40039</ele><time>2025-11-13T11:29:20+01:00</time><extensions><gpxtpx:TrackPointExtension><gpxtpx:hr>0</gpxtpx:hr></gpxtpx:TrackPointExtension></extensions></trkpt><trkpt lat="50.748767" lon="4.43335"><ele>146</ele><time>2025-11-13T11:29:25+01:00</time><extensions><gpxtpx:TrackPointExtension><gpxtpx:hr>0</gpxtpx:hr></gpxtpx:TrackPointExtension></extensions></trkpt><trkpt lat="50.748617" lon="4.43329"><ele>146.2998</ele><time>2025-11-13T11:29:30+01:00</time><extensions><gpxtpx:TrackPointExtension><gpxtpx:hr>0</gpxtpx:hr></gpxtpx:TrackPointExtension></extensions></trkpt><trkpt lat="50.748478" lon="4.433252"><ele>146.60059</ele><time>2025-11-13T11:29:35+01:00</time><extensions><gpxtpx:TrackPointExtension><gpxtpx:hr>0</gpxtpx:hr></gpxtpx:TrackPointExtension></extensions></trkpt><trkpt lat="50.748333" lon="4.433222"><ele>146.7998</ele><time>2025-11-13T11:29:40+01:00</time><extensions><gpxtpx:TrackPointExtension><gpxtpx:hr>0</gpxtpx:hr></gpxtpx:TrackPointExtension></extensions></trkpt><trkpt lat="50.748183" lon="4.43318"><ele>147</ele><time>2025-11-13T11:29:45+01:00</time><extensions><gpxtpx:TrackPointExtension><gpxtpx:hr>0</gpxtpx:hr></gpxtpx:TrackPointExtension></extensions></trkpt><trkpt lat="50.74807" lon="4.433138"><ele>146.7998</ele><time>2025-11-13T11:29:50+01:00</time><extensions><gpxtpx:TrackPointExtension><gpxtpx:hr>0</gpxtpx:hr></gpxtpx:TrackPointExtension></extensions></trkpt><trkpt lat="50.74797" lon="4.433135"><ele>146.7998</ele><time>2025-11-13T11:29:55+01:00</time><extensions><gpxtpx:TrackPointExtension><gpxtpx:hr>0</gpxtpx:hr></gpxtpx:TrackPointExtension></extensions></trkpt><trkpt lat="50.747848" lon="4.433142"><ele>146.7002</ele><time>2025-11-13T11:30:00+01:00</time><extensions><gpxtpx:TrackPointExtension><gpxtpx:hr>0</gpxtpx:hr></gpxtpx:TrackPointExtension></extensions></trkpt><trkpt lat="50.74773" lon="4.433105"><ele>146.7002</ele><time>2025-11-13T11:30:05+01:00</time><extensions><gpxtpx:TrackPointExtension><gpxtpx:hr>0</gpxtpx:hr></gpxtpx:TrackPointExtension></extensions></trkpt><trkpt lat="50.747605" lon="4.43308"><ele>146.7002</ele><time>2025-11-13T11:30:10+01:00</time><extensions><gpxtpx:TrackPointExtension><gpxtpx:hr>0</gpxtpx:hr></gpxtpx:TrackPointExtension></extensions></trkpt><trkpt lat="50.747463" lon="4.43308"><ele>146.90039</ele><time>2025-11-13T11:30:15+01:00</time><extensions><gpxtpx:TrackPointExtension><gpxtpx:hr>0</gpxtpx:hr></gpxtpx:TrackPointExtension></extensions></trkpt><trkpt lat="50.747335" lon="4.433055"><ele>147.10059</ele><time>2025-11-13T11:30:20+01:00</time><extensions><gpxtpx:TrackPointExtension><gpxtpx:hr>0</gpxtpx:hr></gpxtpx:TrackPointExtension></extensions></trkpt><trkpt lat="50.747173" lon="4.43302"><ele>147.7998</ele><time>2025-11-13T11:30:25+01:00</time><extensions><gpxtpx:TrackPointExtension><gpxtpx:hr>0</gpxtpx:hr></gpxtpx:TrackPointExtension></extensions></trkpt><trkpt lat="50.747005" lon="4.433012"><ele>148.60059</ele><time>2025-11-13T11:30:30+01:00</time><extensions><gpxtpx:TrackPointExtension><gpxtpx:hr>0</gpxtpx:hr></gpxtpx:TrackPointExtension></extensions></trkpt><trkpt lat="50.746847" lon="4.432978"><ele>149.10059</ele><time>2025-11-13T11:30:35+01:00</time><extensions><gpxtpx:TrackPointExtension><gpxtpx:hr>0</gpxtpx:hr></gpxtpx:TrackPointExtension></extensions></trkpt><trkpt lat="50.746647" lon="4.43289"><ele>149.7002</ele><time>2025-11-13T11:30:40+01:00</time><extensions><gpxtpx:TrackPointExtension><gpxtpx:hr>0</gpxtpx:hr></gpxtpx:TrackPointExtension></extensions></trkpt><trkpt lat="50.746483" lon="4.432827"><ele>149.90039</ele><time>2025-11-13T11:30:45+01:00</time><extensions><gpxtpx:TrackPointExtension><gpxtpx:hr>0</gpxtpx:hr></gpxtpx:TrackPointExtension></extensions></trkpt><trkpt lat="50.74634" lon="4.432755"><ele>149.7998</ele><time>2025-11-13T11:30:50+01:00</time><extensions><gpxtpx:TrackPointExtension><gpxtpx:hr>0</gpxtpx:hr></gpxtpx:TrackPointExtension></extensions></trkpt><trkpt lat="50.746195" lon="4.432687"><ele>149.7002</ele><time>2025-11-13T11:30:55+01:00</time><extensions><gpxtpx:TrackPointExtension><gpxtpx:hr>0</gpxtpx:hr></gpxtpx:TrackPointExtension></extensions></trkpt><trkpt lat="50.74602" lon="4.4326"><ele>149.7002</ele><time>2025-11-13T11:31:00+01:00</time><extensions><gpxtpx:TrackPointExtension><gpxtpx:hr>0</gpxtpx:hr></gpxtpx:TrackPointExtension></extensions></trkpt><trkpt lat="50.745883" lon="4.432515"><ele>149.7998</ele><time>2025-11-13T11:31:05+01:00</time><extensions><gpxtpx:TrackPointExtension><gpxtpx:hr>0</gpxtpx:hr></gpxtpx:TrackPointExtension></extensions></trkpt><trkpt lat="50.745715" lon="4.432442"><ele>149.90039</ele><time>2025-11-13T11:31:10+01:00</time><extensions><gpxtpx:TrackPointExtension><gpxtpx:hr>0</gpxtpx:hr></gpxtpx:TrackPointExtension></extensions></trkpt><trkpt lat="50.74554" lon="4.432353"><ele>150</ele><time>2025-11-13T11:31:15+01:00</time><extensions><gpxtpx:TrackPointExtension><gpxtpx:hr>0</gpxtpx:hr></gpxtpx:TrackPointExtension></extensions></trkpt><trkpt lat="50.745378" lon="4.432272"><ele>150.2002</ele><time>2025-11-13T11:31:20+01:00</time><extensions><gpxtpx:TrackPointExtension><gpxtpx:hr>0</gpxtpx:hr></gpxtpx:TrackPointExtension></extensions></trkpt><trkpt lat="50.745223" lon="4.432183"><ele>150.40039</ele><time>2025-11-13T11:31:25+01:00</time><extensions><gpxtpx:TrackPointExtension><gpxtpx:hr>0</gpxtpx:hr></gpxtpx:TrackPointExtension></extensions></trkpt><trkpt lat="50.74507" lon="4.432107"><ele>150.40039</ele><time>2025-11-13T11:31:30+01:00</time><extensions><gpxtpx:TrackPointExtension><gpxtpx:hr>0</gpxtpx:hr></gpxtpx:TrackPointExtension></extensions></trkpt><trkpt lat="50.744917" lon="4.432048"><ele>150.40039</ele><time>2025-11-13T11:31:35+01:00</time><extensions><gpxtpx:TrackPointExtension><gpxtpx:hr>0</gpxtpx:hr></gpxtpx:TrackPointExtension></extensions></trkpt><trkpt lat="50.744732" lon="4.43199"><ele>150.10059</ele><time>2025-11-13T11:31:40+01:00</time><extensions><gpxtpx:TrackPointExtension><gpxtpx:hr>0</gpxtpx:hr></gpxtpx:TrackPointExtension></extensions></trkpt><trkpt lat="50.744553" lon="4.431948"><ele>149.5</ele><time>2025-11-13T11:31:45+01:00</time><extensions><gpxtpx:TrackPointExtension><gpxtpx:hr>0</gpxtpx:hr></gpxtpx:TrackPointExtension></extensions></trkpt><trkpt lat="50.74439" lon="4.431912"><ele>148.90039</ele><time>2025-11-13T11:31:50+01:00</time><extensions><gpxtpx:TrackPointExtension><gpxtpx:hr>0</gpxtpx:hr></gpxtpx:TrackPointExtension></extensions></trkpt><trkpt lat="50.744255" lon="4.4319"><ele>148.40039</ele><time>2025-11-13T11:31:55+01:00</time><extensions><gpxtpx:TrackPointExtension><gpxtpx:hr>0</gpxtpx:hr></gpxtpx:TrackPointExtension></extensions></trkpt><trkpt lat="50.744092" lon="4.431862"><ele>147.90039</ele><time>2025-11-13T11:32:00+01:00</time><extensions><gpxtpx:TrackPointExtension><gpxtpx:hr>0</gpxtpx:hr></gpxtpx:TrackPointExtension></extensions></trkpt><trkpt lat="50.743928" lon="4.431807"><ele>147.7002</ele><time>2025-11-13T11:32:05+01:00</time><extensions><gpxtpx:TrackPointExtension><gpxtpx:hr>0</gpxtpx:hr></gpxtpx:TrackPointExtension></extensions></trkpt><trkpt lat="50.743775" lon="4.43177"><ele>147.40039</ele><time>2025-11-13T11:32:10+01:00</time><extensions><gpxtpx:TrackPointExtension><gpxtpx:hr>0</gpxtpx:hr></gpxtpx:TrackPointExtension></extensions></trkpt><trkpt lat="50.743635" lon="4.4317"><ele>147.2998</ele><time>2025-11-13T11:32:15+01:00</time><extensions><gpxtpx:TrackPointExtension><gpxtpx:hr>0</gpxtpx:hr></gpxtpx:TrackPointExtension></extensions></trkpt><trkpt lat="50.743492" lon="4.431662"><ele>147.10059</ele><time>2025-11-13T11:32:20+01:00</time><extensions><gpxtpx:TrackPointExtension><gpxtpx:hr>0</gpxtpx:hr></gpxtpx:TrackPointExtension></extensions></trkpt><trkpt lat="50.743345" lon="4.431575"><ele>147</ele><time>2025-11-13T11:32:25+01:00</time><extensions><gpxtpx:TrackPointExtension><gpxtpx:hr>0</gpxtpx:hr></gpxtpx:TrackPointExtension></extensions></trkpt><trkpt lat="50.743205" lon="4.43152"><ele>147</ele><time>2025-11-13T11:32:30+01:00</time><extensions><gpxtpx:TrackPointExtension><gpxtpx:hr>0</gpxtpx:hr></gpxtpx:TrackPointExtension></extensions></trkpt><trkpt lat="50.74309" lon="4.431465"><ele>146.7998</ele><time>2025-11-13T11:32:35+01:00</time><extensions><gpxtpx:TrackPointExtension><gpxtpx:hr>0</gpxtpx:hr></gpxtpx:TrackPointExtension></extensions></trkpt><trkpt lat="50.743017" lon="4.431318"><ele>146.90039</ele><time>2025-11-13T11:32:40+01:00</time><extensions><gpxtpx:TrackPointExtension><gpxtpx:hr>0</gpxtpx:hr></gpxtpx:TrackPointExtension></extensions></trkpt><trkpt lat="50.742942" lon="4.431107"><ele>147.2002</ele><time>2025-11-13T11:32:45+01:00</time><extensions><gpxtpx:TrackPointExtension><gpxtpx:hr>0</gpxtpx:hr></gpxtpx:TrackPointExtension></extensions></trkpt><trkpt lat="50.742837" lon="4.43093"><ele>147.2998</ele><time>2025-11-13T11:32:50+01:00</time><extensions><gpxtpx:TrackPointExtension><gpxtpx:hr>0</gpxtpx:hr></gpxtpx:TrackPointExtension></extensions></trkpt><trkpt lat="50.742748" lon="4.430768"><ele>147.40039</ele><time>2025-11-13T11:32:55+01:00</time><extensions><gpxtpx:TrackPointExtension><gpxtpx:hr>0</gpxtpx:hr></gpxtpx:TrackPointExtension></extensions></trkpt><trkpt lat="50.742655" lon="4.430598"><ele>147.40039</ele><time>2025-11-13T11:33:00+01:00</time><extensions><gpxtpx:TrackPointExtension><gpxtpx:hr>0</gpxtpx:hr></gpxtpx:TrackPointExtension></extensions></trkpt><trkpt lat="50.74251" lon="4.43039"><ele>147.2998</ele><time>2025-11-13T11:33:05+01:00</time><extensions><gpxtpx:TrackPointExtension><gpxtpx:hr>0</gpxtpx:hr></gpxtpx:TrackPointExtension></extensions></trkpt><trkpt lat="50.74238" lon="4.430225"><ele>147.10059</ele><time>2025-11-13T11:33:10+01:00</time><extensions><gpxtpx:TrackPointExtension><gpxtpx:hr>0</gpxtpx:hr></gpxtpx:TrackPointExtension></extensions></trkpt><trkpt lat="50.742272" lon="4.430067"><ele>146.7002</ele><time>2025-11-13T11:33:15+01:00</time><extensions><gpxtpx:TrackPointExtension><gpxtpx:hr>0</gpxtpx:hr></gpxtpx:TrackPointExtension></extensions></trkpt><trkpt lat="50.742178" lon="4.429877"><ele>146.40039</ele><time>2025-11-13T11:33:20+01:00</time><extensions><gpxtpx:TrackPointExtension><gpxtpx:hr>0</gpxtpx:hr></gpxtpx:TrackPointExtension></extensions></trkpt><trkpt lat="50.742062" lon="4.429708"><ele>146.2002</ele><time>2025-11-13T11:33:25+01:00</time><extensions><gpxtpx:TrackPointExtension><gpxtpx:hr>0</gpxtpx:hr></gpxtpx:TrackPointExtension></extensions></trkpt><trkpt lat="50.741925" lon="4.42954"><ele>145.90039</ele><time>2025-11-13T11:33:30+01:00</time><extensions><gpxtpx:TrackPointExtension><gpxtpx:hr>0</gpxtpx:hr></gpxtpx:TrackPointExtension></extensions></trkpt><trkpt lat="50.741773" lon="4.429345"><ele>145.60059</ele><time>2025-11-13T11:33:35+01:00</time><extensions><gpxtpx:TrackPointExtension><gpxtpx:hr>0</gpxtpx:hr></gpxtpx:TrackPointExtension></extensions></trkpt><trkpt lat="50.74164" lon="4.429192"><ele>145.40039</ele><time>2025-11-13T11:33:40+01:00</time><extensions><gpxtpx:TrackPointExtension><gpxtpx:hr>0</gpxtpx:hr></gpxtpx:TrackPointExtension></extensions></trkpt><trkpt lat="50.741502" lon="4.428993"><ele>145.10059</ele><time>2025-11-13T11:33:45+01:00</time><extensions><gpxtpx:TrackPointExtension><gpxtpx:hr>0</gpxtpx:hr></gpxtpx:TrackPointExtension></extensions></trkpt><trkpt lat="50.741347" lon="4.428798"><ele>145</ele><time>2025-11-13T11:33:50+01:00</time><extensions><gpxtpx:TrackPointExtension><gpxtpx:hr>0</gpxtpx:hr></gpxtpx:TrackPointExtension></extensions></trkpt><trkpt lat="50.74121" lon="4.428668"><ele>144.60059</ele><time>2025-11-13T11:33:55+01:00</time><extensions><gpxtpx:TrackPointExtension><gpxtpx:hr>0</gpxtpx:hr></gpxtpx:TrackPointExtension></extensions></trkpt><trkpt lat="50.741067" lon="4.428562"><ele>144.10059</ele><time>2025-11-13T11:34:00+01:00</time><extensions><gpxtpx:TrackPointExtension><gpxtpx:hr>0</gpxtpx:hr></gpxtpx:TrackPointExtension></extensions></trkpt><trkpt lat="50.740907" lon="4.428492"><ele>143.2998</ele><time>2025-11-13T11:34:05+01:00</time><extensions><gpxtpx:TrackPointExtension><gpxtpx:hr>0</gpxtpx:hr></gpxtpx:TrackPointExtension></extensions></trkpt><trkpt lat="50.740748" lon="4.428413"><ele>143</ele><time>2025-11-13T11:34:10+01:00</time><extensions><gpxtpx:TrackPointExtension><gpxtpx:hr>0</gpxtpx:hr></gpxtpx:TrackPointExtension></extensions></trkpt><trkpt lat="50.740573" lon="4.42833"><ele>142.10059</ele><time>2025-11-13T11:34:15+01:00</time><extensions><gpxtpx:TrackPointExtension><gpxtpx:hr>0</gpxtpx:hr></gpxtpx:TrackPointExtension></extensions></trkpt><trkpt lat="50.740417" lon="4.428257"><ele>141.40039</ele><time>2025-11-13T11:34:20+01:00</time><extensions><gpxtpx:TrackPointExtension><gpxtpx:hr>0</gpxtpx:hr></gpxtpx:TrackPointExtension></extensions></trkpt><trkpt lat="50.740277" lon="4.428142"><ele>140.90039</ele><time>2025-11-13T11:34:25+01:00</time><extensions><gpxtpx:TrackPointExtension><gpxtpx:hr>0</gpxtpx:hr></gpxtpx:TrackPointExtension></extensions></trkpt><trkpt lat="50.740142" lon="4.427998"><ele>140.10059</ele><time>2025-11-13T11:34:30+01:00</time><extensions><gpxtpx:TrackPointExtension><gpxtpx:hr>0</gpxtpx:hr></gpxtpx:TrackPointExtension></extensions></trkpt><trkpt lat="50.740032" lon="4.427828"><ele>139.5</ele><time>2025-11-13T11:34:35+01:00</time><extensions><gpxtpx:TrackPointExtension><gpxtpx:hr>0</gpxtpx:hr></gpxtpx:TrackPointExtension></extensions></trkpt><trkpt lat="50.739935" lon="4.427685"><ele>139</ele><time>2025-11-13T11:34:40+01:00</time><extensions><gpxtpx:TrackPointExtension><gpxtpx:hr>0</gpxtpx:hr></gpxtpx:TrackPointExtension></extensions></trkpt><trkpt lat="50.739815" lon="4.427522"><ele>137.7998</ele><time>2025-11-13T11:34:45+01:00</time><extensions><gpxtpx:TrackPointExtension><gpxtpx:hr>0</gpxtpx:hr></gpxtpx:TrackPointExtension></extensions></trkpt><trkpt lat="50.739725" lon="4.42738"><ele>137</ele><time>2025-11-13T11:34:50+01:00</time><extensions><gpxtpx:TrackPointExtension><gpxtpx:hr>0</gpxtpx:hr></gpxtpx:TrackPointExtension></extensions></trkpt><trkpt lat="50.739652" lon="4.42721"><ele>135.90039</ele><time>2025-11-13T11:34:55+01:00</time><extensions><gpxtpx:TrackPointExtension><gpxtpx:hr>0</gpxtpx:hr></gpxtpx:TrackPointExtension></extensions></trkpt><trkpt lat="50.739543" lon="4.426997"><ele>134.7998</ele><time>2025-11-13T11:35:00+01:00</time><extensions><gpxtpx:TrackPointExtension><gpxtpx:hr>0</gpxtpx:hr></gpxtpx:TrackPointExtension></extensions></trkpt><trkpt lat="50.739443" lon="4.42682"><ele>133.7998</ele><time>2025-11-13T11:35:05+01:00</time><extensions><gpxtpx:TrackPointExtension><gpxtpx:hr>0</gpxtpx:hr></gpxtpx:TrackPointExtension></extensions></trkpt><trkpt lat="50.739355" lon="4.426673"><ele>132.60059</ele><time>2025-11-13T11:35:10+01:00</time><extensions><gpxtpx:TrackPointExtension><gpxtpx:hr>0</gpxtpx:hr></gpxtpx:TrackPointExtension></extensions></trkpt><trkpt lat="50.739243" lon="4.426515"><ele>131.7998</ele><time>2025-11-13T11:35:15+01:00</time><extensions><gpxtpx:TrackPointExtension><gpxtpx:hr>0</gpxtpx:hr></gpxtpx:TrackPointExtension></extensions></trkpt><trkpt lat="50.739157" lon="4.426383"><ele>131.2998</ele><time>2025-11-13T11:35:20+01:00</time><extensions><gpxtpx:TrackPointExtension><gpxtpx:hr>0</gpxtpx:hr></gpxtpx:TrackPointExtension></extensions></trkpt><trkpt lat="50.739063" lon="4.426267"><ele>130.60059</ele><time>2025-11-13T11:35:25+01:00</time><extensions><gpxtpx:TrackPointExtension><gpxtpx:hr>0</gpxtpx:hr></gpxtpx:TrackPointExtension></extensions></trkpt><trkpt lat="50.738997" lon="4.426087"><ele>130.2002</ele><time>2025-11-13T11:35:30+01:00</time><extensions><gpxtpx:TrackPointExtension><gpxtpx:hr>0</gpxtpx:hr></gpxtpx:TrackPointExtension></extensions></trkpt><trkpt lat="50.738987" lon="4.425955"><ele>130.10059</ele><time>2025-11-13T11:35:35+01:00</time><extensions><gpxtpx:TrackPointExtension><gpxtpx:hr>0</gpxtpx:hr></gpxtpx:TrackPointExtension></extensions></trkpt><trkpt lat="50.738992" lon="4.425897"><ele>129.7998</ele><time>2025-11-13T11:35:40+01:00</time><extensions><gpxtpx:TrackPointExtension><gpxtpx:hr>0</gpxtpx:hr></gpxtpx:TrackPointExtension></extensions></trkpt><trkpt lat="50.738992" lon="4.425897"><ele>129.7998</ele><time>2025-11-13T11:35:45+01:00</time><extensions><gpxtpx:TrackPointExtension><gpxtpx:hr>0</gpxtpx:hr></gpxtpx:TrackPointExtension></extensions></trkpt><trkpt lat="50.738985" lon="4.425888"><ele>129.7998</ele><time>2025-11-13T11:35:50+01:00</time><extensions><gpxtpx:TrackPointExtension><gpxtpx:hr>0</gpxtpx:hr></gpxtpx:TrackPointExtension></extensions></trkpt><trkpt lat="50.739008" lon="4.42581"><ele>129.5</ele><time>2025-11-13T11:35:55+01:00</time><extensions><gpxtpx:TrackPointExtension><gpxtpx:hr>0</gpxtpx:hr></gpxtpx:TrackPointExtension></extensions></trkpt><trkpt lat="50.739055" lon="4.425603"><ele>128.90039</ele><time>2025-11-13T11:36:00+01:00</time><extensions><gpxtpx:TrackPointExtension><gpxtpx:hr>0</gpxtpx:hr></gpxtpx:TrackPointExtension></extensions></trkpt><trkpt lat="50.739102" lon="4.425417"><ele>128.10059</ele><time>2025-11-13T11:36:05+01:00</time><extensions><gpxtpx:TrackPointExtension><gpxtpx:hr>0</gpxtpx:hr></gpxtpx:TrackPointExtension></extensions></trkpt><trkpt lat="50.73916" lon="4.42526"><ele>127.90039</ele><time>2025-11-13T11:36:10+01:00</time><extensions><gpxtpx:TrackPointExtension><gpxtpx:hr>0</gpxtpx:hr></gpxtpx:TrackPointExtension></extensions></trkpt><trkpt lat="50.739188" lon="4.42502"><ele>127.700195</ele><time>2025-11-13T11:36:15+01:00</time><extensions><gpxtpx:TrackPointExtension><gpxtpx:hr>0</gpxtpx:hr></gpxtpx:TrackPointExtension></extensions></trkpt><trkpt lat="50.739167" lon="4.424677"><ele>128.10059</ele><time>2025-11-13T11:36:20+01:00</time><extensions><gpxtpx:TrackPointExtension><gpxtpx:hr>0</gpxtpx:hr></gpxtpx:TrackPointExtension></extensions></trkpt><trkpt lat="50.739222" lon="4.424785"><ele>128</ele><time>2025-11-13T11:36:25+01:00</time><extensions><gpxtpx:TrackPointExtension><gpxtpx:hr>0</gpxtpx:hr></gpxtpx:TrackPointExtension></extensions></trkpt><trkpt lat="50.739277" lon="4.424825"><ele>128.10059</ele><time>2025-11-13T11:36:30+01:00</time><extensions><gpxtpx:TrackPointExtension><gpxtpx:hr>0</gpxtpx:hr></gpxtpx:TrackPointExtension></extensions></trkpt><trkpt lat="50.739342" lon="4.424868"><ele>128.10059</ele><time>2025-11-13T11:36:35+01:00</time><extensions><gpxtpx:TrackPointExtension><gpxtpx:hr>0</gpxtpx:hr></gpxtpx:TrackPointExtension></extensions></trkpt><trkpt lat="50.739403" lon="4.424915"><ele>128.2002</ele><time>2025-11-13T11:36:40+01:00</time><extensions><gpxtpx:TrackPointExtension><gpxtpx:hr>0</gpxtpx:hr></gpxtpx:TrackPointExtension></extensions></trkpt><trkpt lat="50.739493" lon="4.424982"><ele>128.2998</ele><time>2025-11-13T11:36:45+01:00</time><extensions><gpxtpx:TrackPointExtension><gpxtpx:hr>0</gpxtpx:hr></gpxtpx:TrackPointExtension></extensions></trkpt><trkpt lat="50.739592" lon="4.425033"><ele>128.7002</ele><time>2025-11-13T11:36:50+01:00</time><extensions><gpxtpx:TrackPointExtension><gpxtpx:hr>0</gpxtpx:hr></gpxtpx:TrackPointExtension></extensions></trkpt><trkpt lat="50.739662" lon="4.425037"><ele>129.2002</ele><time>2025-11-13T11:36:55+01:00</time><extensions><gpxtpx:TrackPointExtension><gpxtpx:hr>0</gpxtpx:hr></gpxtpx:TrackPointExtension></extensions></trkpt><trkpt lat="50.739743" lon="4.425042"><ele>129.5</ele><time>2025-11-13T11:37:00+01:00</time><extensions><gpxtpx:TrackPointExtension><gpxtpx:hr>0</gpxtpx:hr></gpxtpx:TrackPointExtension></extensions></trkpt><trkpt lat="50.739832" lon="4.425103"><ele>130.60059</ele><time>2025-11-13T11:37:05+01:00</time><extensions><gpxtpx:TrackPointExtension><gpxtpx:hr>0</gpxtpx:hr></gpxtpx:TrackPointExtension></extensions></trkpt><trkpt lat="50.739907" lon="4.425145"><ele>131</ele><time>2025-11-13T11:37:10+01:00</time><extensions><gpxtpx:TrackPointExtension><gpxtpx:hr>0</gpxtpx:hr></gpxtpx:TrackPointExtension></extensions></trkpt><trkpt lat="50.739975" lon="4.425177"><ele>131.7002</ele><time>2025-11-13T11:37:15+01:00</time><extensions><gpxtpx:TrackPointExtension><gpxtpx:hr>0</gpxtpx:hr></gpxtpx:TrackPointExtension></extensions></trkpt><trkpt lat="50.74004" lon="4.425227"><ele>132.2002</ele><time>2025-11-13T11:37:20+01:00</time><extensions><gpxtpx:TrackPointExtension><gpxtpx:hr>0</gpxtpx:hr></gpxtpx:TrackPointExtension></extensions></trkpt><trkpt lat="50.740088" lon="4.425258"><ele>132.7002</ele><time>2025-11-13T11:37:25+01:00</time><extensions><gpxtpx:TrackPointExtension><gpxtpx:hr>0</gpxtpx:hr></gpxtpx:TrackPointExtension></extensions></trkpt><trkpt lat="50.740132" lon="4.425275"><ele>133.5</ele><time>2025-11-13T11:37:30+01:00</time><extensions><gpxtpx:TrackPointExtension><gpxtpx:hr>0</gpxtpx:hr></gpxtpx:TrackPointExtension></extensions></trkpt><trkpt lat="50.740183" lon="4.425285"><ele>134</ele><time>2025-11-13T11:37:35+01:00</time><extensions><gpxtpx:TrackPointExtension><gpxtpx:hr>0</gpxtpx:hr></gpxtpx:TrackPointExtension></extensions></trkpt><trkpt lat="50.74023" lon="4.425307"><ele>134.5</ele><time>2025-11-13T11:37:40+01:00</time><extensions><gpxtpx:TrackPointExtension><gpxtpx:hr>0</gpxtpx:hr></gpxtpx:TrackPointExtension></extensions></trkpt><trkpt lat="50.74028" lon="4.425323"><ele>135.10059</ele><time>2025-11-13T11:37:45+01:00</time><extensions><gpxtpx:TrackPointExtension><gpxtpx:hr>0</gpxtpx:hr></gpxtpx:TrackPointExtension></extensions></trkpt><trkpt lat="50.740315" lon="4.425345"><ele>136</ele><time>2025-11-13T11:37:50+01:00</time><extensions><gpxtpx:TrackPointExtension><gpxtpx:hr>0</gpxtpx:hr></gpxtpx:TrackPointExtension></extensions></trkpt><trkpt lat="50.74036" lon="4.42538"><ele>136</ele><time>2025-11-13T11:37:55+01:00</time><extensions><gpxtpx:TrackPointExtension><gpxtpx:hr>0</gpxtpx:hr></gpxtpx:TrackPointExtension></extensions></trkpt><trkpt lat="50.74044" lon="4.425413"><ele>137.2998</ele><time>2025-11-13T11:38:00+01:00</time><extensions><gpxtpx:TrackPointExtension><gpxtpx:hr>0</gpxtpx:hr></gpxtpx:TrackPointExtension></extensions></trkpt><trkpt lat="50.740512" lon="4.425447"><ele>138.2002</ele><time>2025-11-13T11:38:05+01:00</time><extensions><gpxtpx:TrackPointExtension><gpxtpx:hr>0</gpxtpx:hr></gpxtpx:TrackPointExtension></extensions></trkpt><trkpt lat="50.740595" lon="4.425487"><ele>138.7998</ele><time>2025-11-13T11:38:10+01:00</time><extensions><gpxtpx:TrackPointExtension><gpxtpx:hr>0</gpxtpx:hr></gpxtpx:TrackPointExtension></extensions></trkpt><trkpt lat="50.740675" lon="4.425502"><ele>139</ele><time>2025-11-13T11:38:15+01:00</time><extensions><gpxtpx:TrackPointExtension><gpxtpx:hr>0</gpxtpx:hr></gpxtpx:TrackPointExtension></extensions></trkpt><trkpt lat="50.740743" lon="4.425522"><ele>139.2998</ele><time>2025-11-13T11:38:20+01:00</time><extensions><gpxtpx:TrackPointExtension><gpxtpx:hr>0</gpxtpx:hr></gpxtpx:TrackPointExtension></extensions></trkpt><trkpt lat="50.740813" lon="4.42556"><ele>139.5</ele><time>2025-11-13T11:38:25+01:00</time><extensions><gpxtpx:TrackPointExtension><gpxtpx:hr>0</gpxtpx:hr></gpxtpx:TrackPointExtension></extensions></trkpt><trkpt lat="50.74088" lon="4.425558"><ele>139.5</ele><time>2025-11-13T11:38:30+01:00</time><extensions><gpxtpx:TrackPointExtension><gpxtpx:hr>0</gpxtpx:hr></gpxtpx:TrackPointExtension></extensions></trkpt><trkpt lat="50.740965" lon="4.425595"><ele>139.60059</ele><time>2025-11-13T11:38:35+01:00</time><extensions><gpxtpx:TrackPointExtension><gpxtpx:hr>0</gpxtpx:hr></gpxtpx:TrackPointExtension></extensions></trkpt><trkpt lat="50.741027" lon="4.425702"><ele>139.7998</ele><time>2025-11-13T11:38:40+01:00</time><extensions><gpxtpx:TrackPointExtension><gpxtpx:hr>0</gpxtpx:hr></gpxtpx:TrackPointExtension></extensions></trkpt><trkpt lat="50.7411" lon="4.42578"><ele>140</ele><time>2025-11-13T11:38:45+01:00</time><extensions><gpxtpx:TrackPointExtension><gpxtpx:hr>0</gpxtpx:hr></gpxtpx:TrackPointExtension></extensions></trkpt><trkpt lat="50.741183" lon="4.425803"><ele>139.90039</ele><time>2025-11-13T11:38:50+01:00</time><extensions><gpxtpx:TrackPointExtension><gpxtpx:hr>0</gpxtpx:hr></gpxtpx:TrackPointExtension></extensions></trkpt><trkpt lat="50.741217" lon="4.4258"><ele>139.90039</ele><time>2025-11-13T11:38:55+01:00</time><extensions><gpxtpx:TrackPointExtension><gpxtpx:hr>0</gpxtpx:hr></gpxtpx:TrackPointExtension></extensions></trkpt><trkpt lat="50.74128" lon="4.42582"><ele>139.90039</ele><time>2025-11-13T11:39:00+01:00</time><extensions><gpxtpx:TrackPointExtension><gpxtpx:hr>0</gpxtpx:hr></gpxtpx:TrackPointExtension></extensions></trkpt><trkpt lat="50.741348" lon="4.425858"><ele>139.7998</ele><time>2025-11-13T11:39:05+01:00</time><extensions><gpxtpx:TrackPointExtension><gpxtpx:hr>0</gpxtpx:hr></gpxtpx:TrackPointExtension></extensions></trkpt><trkpt lat="50.741433" lon="4.42592"><ele>139.90039</ele><time>2025-11-13T11:39:10+01:00</time><extensions><gpxtpx:TrackPointExtension><gpxtpx:hr>0</gpxtpx:hr></gpxtpx:TrackPointExtension></extensions></trkpt><trkpt lat="50.741517" lon="4.426003"><ele>140</ele><time>2025-11-13T11:39:15+01:00</time><extensions><gpxtpx:TrackPointExtension><gpxtpx:hr>0</gpxtpx:hr></gpxtpx:TrackPointExtension></extensions></trkpt><trkpt lat="50.741608" lon="4.426067"><ele>140.10059</ele><time>2025-11-13T11:39:20+01:00</time><extensions><gpxtpx:TrackPointExtension><gpxtpx:hr>0</gpxtpx:hr></gpxtpx:TrackPointExtension></extensions></trkpt><trkpt lat="50.741702" lon="4.426088"><ele>140.10059</ele><time>2025-11-13T11:39:25+01:00</time><extensions><gpxtpx:TrackPointExtension><gpxtpx:hr>0</gpxtpx:hr></gpxtpx:TrackPointExtension></extensions></trkpt><trkpt lat="50.741783" lon="4.426208"><ele>140.2998</ele><time>2025-11-13T11:39:30+01:00</time><extensions><gpxtpx:TrackPointExtension><gpxtpx:hr>0</gpxtpx:hr></gpxtpx:TrackPointExtension></extensions></trkpt><trkpt lat="50.741783" lon="4.426317"><ele>140.2998</ele><time>2025-11-13T11:39:35+01:00</time><extensions><gpxtpx:TrackPointExtension><gpxtpx:hr>0</gpxtpx:hr></gpxtpx:TrackPointExtension></extensions></trkpt><trkpt lat="50.741797" lon="4.426345"><ele>140.2998</ele><time>2025-11-13T11:39:40+01:00</time><extensions><gpxtpx:TrackPointExtension><gpxtpx:hr>0</gpxtpx:hr></gpxtpx:TrackPointExtension></extensions></trkpt><trkpt lat="50.741815" lon="4.426397"><ele>140.40039</ele><time>2025-11-13T11:39:45+01:00</time><extensions><gpxtpx:TrackPointExtension><gpxtpx:hr>0</gpxtpx:hr></gpxtpx:TrackPointExtension></extensions></trkpt><trkpt lat="50.74183" lon="4.426453"><ele>140.40039</ele><time>2025-11-13T11:39:50+01:00</time><extensions><gpxtpx:TrackPointExtension><gpxtpx:hr>0</gpxtpx:hr></gpxtpx:TrackPointExtension></extensions></trkpt><trkpt lat="50.741868" lon="4.42652"><ele>140.40039</ele><time>2025-11-13T11:39:55+01:00</time><extensions><gpxtpx:TrackPointExtension><gpxtpx:hr>0</gpxtpx:hr></gpxtpx:TrackPointExtension></extensions></trkpt><trkpt lat="50.7419" lon="4.42653"><ele>140.40039</ele><time>2025-11-13T11:40:00+01:00</time><extensions><gpxtpx:TrackPointExtension><gpxtpx:hr>0</gpxtpx:hr></gpxtpx:TrackPointExtension></extensions></trkpt><trkpt lat="50.741947" lon="4.426558"><ele>140.5</ele><time>2025-11-13T11:40:05+01:00</time><extensions><gpxtpx:TrackPointExtension><gpxtpx:hr>0</gpxtpx:hr></gpxtpx:TrackPointExtension></extensions></trkpt><trkpt lat="50.74199" lon="4.426605"><ele>140.5</ele><time>2025-11-13T11:40:10+01:00</time><extensions><gpxtpx:TrackPointExtension><gpxtpx:hr>0</gpxtpx:hr></gpxtpx:TrackPointExtension></extensions></trkpt><trkpt lat="50.742045" lon="4.426645"><ele>140.5</ele><time>2025-11-13T11:40:15+01:00</time><extensions><gpxtpx:TrackPointExtension><gpxtpx:hr>0</gpxtpx:hr></gpxtpx:TrackPointExtension></extensions></trkpt><trkpt lat="50.742092" lon="4.426667"><ele>140.5</ele><time>2025-11-13T11:40:20+01:00</time><extensions><gpxtpx:TrackPointExtension><gpxtpx:hr>0</gpxtpx:hr></gpxtpx:TrackPointExtension></extensions></trkpt><trkpt lat="50.742177" lon="4.426663"><ele>140.40039</ele><time>2025-11-13T11:40:25+01:00</time><extensions><gpxtpx:TrackPointExtension><gpxtpx:hr>0</gpxtpx:hr></gpxtpx:TrackPointExtension></extensions></trkpt><trkpt lat="50.742272" lon="4.42668"><ele>140.40039</ele><time>2025-11-13T11:40:30+01:00</time><extensions><gpxtpx:TrackPointExtension><gpxtpx:hr>0</gpxtpx:hr></gpxtpx:TrackPointExtension></extensions></trkpt><trkpt lat="50.742347" lon="4.426725"><ele>140.60059</ele><time>2025-11-13T11:40:35+01:00</time><extensions><gpxtpx:TrackPointExtension><gpxtpx:hr>0</gpxtpx:hr></gpxtpx:TrackPointExtension></extensions></trkpt><trkpt lat="50.742453" lon="4.426813"><ele>140.90039</ele><time>2025-11-13T11:40:40+01:00</time><extensions><gpxtpx:TrackPointExtension><gpxtpx:hr>0</gpxtpx:hr></gpxtpx:TrackPointExtension></extensions></trkpt><trkpt lat="50.742538" lon="4.426855"><ele>140.90039</ele><time>2025-11-13T11:40:45+01:00</time><extensions><gpxtpx:TrackPointExtension><gpxtpx:hr>0</gpxtpx:hr></gpxtpx:TrackPointExtension></extensions></trkpt><trkpt lat="50.742667" lon="4.426947"><ele>141.2002</ele><time>2025-11-13T11:40:50+01:00</time><extensions><gpxtpx:TrackPointExtension><gpxtpx:hr>0</gpxtpx:hr></gpxtpx:TrackPointExtension></extensions></trkpt><trkpt lat="50.742782" lon="4.427028"><ele>141.5</ele><time>2025-11-13T11:40:55+01:00</time><extensions><gpxtpx:TrackPointExtension><gpxtpx:hr>0</gpxtpx:hr></gpxtpx:TrackPointExtension></extensions></trkpt><trkpt lat="50.742878" lon="4.42711"><ele>141.7002</ele><time>2025-11-13T11:41:00+01:00</time><extensions><gpxtpx:TrackPointExtension><gpxtpx:hr>0</gpxtpx:hr></gpxtpx:TrackPointExtension></extensions></trkpt><trkpt lat="50.74297" lon="4.427185"><ele>141.90039</ele><time>2025-11-13T11:41:05+01:00</time><extensions><gpxtpx:TrackPointExtension><gpxtpx:hr>0</gpxtpx:hr></gpxtpx:TrackPointExtension></extensions></trkpt><trkpt lat="50.743067" lon="4.427215"><ele>141.90039</ele><time>2025-11-13T11:41:10+01:00</time><extensions><gpxtpx:TrackPointExtension><gpxtpx:hr>0</gpxtpx:hr></gpxtpx:TrackPointExtension></extensions></trkpt><trkpt lat="50.743142" lon="4.427262"><ele>142.10059</ele><time>2025-11-13T11:41:15+01:00</time><extensions><gpxtpx:TrackPointExtension><gpxtpx:hr>0</gpxtpx:hr></gpxtpx:TrackPointExtension></extensions></trkpt><trkpt lat="50.743195" lon="4.427305"><ele>142.2002</ele><time>2025-11-13T11:41:20+01:00</time><extensions><gpxtpx:TrackPointExtension><gpxtpx:hr>0</gpxtpx:hr></gpxtpx:TrackPointExtension></extensions></trkpt><trkpt lat="50.743248" lon="4.427357"><ele>142.40039</ele><time>2025-11-13T11:41:25+01:00</time><extensions><gpxtpx:TrackPointExtension><gpxtpx:hr>0</gpxtpx:hr></gpxtpx:TrackPointExtension></extensions></trkpt><trkpt lat="50.743303" lon="4.42741"><ele>142.7998</ele><time>2025-11-13T11:41:30+01:00</time><extensions><gpxtpx:TrackPointExtension><gpxtpx:hr>0</gpxtpx:hr></gpxtpx:TrackPointExtension></extensions></trkpt><trkpt lat="50.743373" lon="4.427447"><ele>142.90039</ele><time>2025-11-13T11:41:35+01:00</time><extensions><gpxtpx:TrackPointExtension><gpxtpx:hr>0</gpxtpx:hr></gpxtpx:TrackPointExtension></extensions></trkpt><trkpt lat="50.743462" lon="4.427465"><ele>143.10059</ele><time>2025-11-13T11:41:40+01:00</time><extensions><gpxtpx:TrackPointExtension><gpxtpx:hr>0</gpxtpx:hr></gpxtpx:TrackPointExtension></extensions></trkpt><trkpt lat="50.74355" lon="4.427435"><ele>143.5</ele><time>2025-11-13T11:41:45+01:00</time><extensions><gpxtpx:TrackPointExtension><gpxtpx:hr>0</gpxtpx:hr></gpxtpx:TrackPointExtension></extensions></trkpt><trkpt lat="50.743623" lon="4.427397"><ele>143.7002</ele><time>2025-11-13T11:41:50+01:00</time><extensions><gpxtpx:TrackPointExtension><gpxtpx:hr>0</gpxtpx:hr></gpxtpx:TrackPointExtension></extensions></trkpt><trkpt lat="50.743695" lon="4.427457"><ele>144.2998</ele><time>2025-11-13T11:41:55+01:00</time><extensions><gpxtpx:TrackPointExtension><gpxtpx:hr>0</gpxtpx:hr></gpxtpx:TrackPointExtension></extensions></trkpt><trkpt lat="50.743733" lon="4.42752"><ele>144.2998</ele><time>2025-11-13T11:42:00+01:00</time><extensions><gpxtpx:TrackPointExtension><gpxtpx:hr>0</gpxtpx:hr></gpxtpx:TrackPointExtension></extensions></trkpt><trkpt lat="50.743803" lon="4.427587"><ele>144.7998</ele><time>2025-11-13T11:42:05+01:00</time><extensions><gpxtpx:TrackPointExtension><gpxtpx:hr>0</gpxtpx:hr></gpxtpx:TrackPointExtension></extensions></trkpt><trkpt lat="50.743878" lon="4.427612"><ele>145.10059</ele><time>2025-11-13T11:42:10+01:00</time><extensions><gpxtpx:TrackPointExtension><gpxtpx:hr>0</gpxtpx:hr></gpxtpx:TrackPointExtension></extensions></trkpt><trkpt lat="50.743965" lon="4.427645"><ele>145.60059</ele><time>2025-11-13T11:42:15+01:00</time><extensions><gpxtpx:TrackPointExtension><gpxtpx:hr>0</gpxtpx:hr></gpxtpx:TrackPointExtension></extensions></trkpt><trkpt lat="50.744048" lon="4.427717"><ele>145.7002</ele><time>2025-11-13T11:42:20+01:00</time><extensions><gpxtpx:TrackPointExtension><gpxtpx:hr>0</gpxtpx:hr></gpxtpx:TrackPointExtension></extensions></trkpt><trkpt lat="50.74418" lon="4.427808"><ele>146.2002</ele><time>2025-11-13T11:42:25+01:00</time><extensions><gpxtpx:TrackPointExtension><gpxtpx:hr>0</gpxtpx:hr></gpxtpx:TrackPointExtension></extensions></trkpt><trkpt lat="50.744287" lon="4.42787"><ele>146.2998</ele><time>2025-11-13T11:42:30+01:00</time><extensions><gpxtpx:TrackPointExtension><gpxtpx:hr>0</gpxtpx:hr></gpxtpx:TrackPointExtension></extensions></trkpt><trkpt lat="50.744398" lon="4.42788"><ele>146.40039</ele><time>2025-11-13T11:42:35+01:00</time><extensions><gpxtpx:TrackPointExtension><gpxtpx:hr>0</gpxtpx:hr></gpxtpx:TrackPointExtension></extensions></trkpt><trkpt lat="50.744497" lon="4.427917"><ele>146.40039</ele><time>2025-11-13T11:42:40+01:00</time><extensions><gpxtpx:TrackPointExtension><gpxtpx:hr>0</gpxtpx:hr></gpxtpx:TrackPointExtension></extensions></trkpt><trkpt lat="50.744562" lon="4.427968"><ele>146.40039</ele><time>2025-11-13T11:42:45+01:00</time><extensions><gpxtpx:TrackPointExtension><gpxtpx:hr>0</gpxtpx:hr></gpxtpx:TrackPointExtension></extensions></trkpt><trkpt lat="50.744647" lon="4.42801"><ele>146.5</ele><time>2025-11-13T11:42:50+01:00</time><extensions><gpxtpx:TrackPointExtension><gpxtpx:hr>0</gpxtpx:hr></gpxtpx:TrackPointExtension></extensions></trkpt><trkpt lat="50.744728" lon="4.42805"><ele>146.60059</ele><time>2025-11-13T11:42:55+01:00</time><extensions><gpxtpx:TrackPointExtension><gpxtpx:hr>0</gpxtpx:hr></gpxtpx:TrackPointExtension></extensions></trkpt><trkpt lat="50.74482" lon="4.428103"><ele>146.7002</ele><time>2025-11-13T11:43:00+01:00</time><extensions><gpxtpx:TrackPointExtension><gpxtpx:hr>0</gpxtpx:hr></gpxtpx:TrackPointExtension></extensions></trkpt><trkpt lat="50.744925" lon="4.428125"><ele>146.7998</ele><time>2025-11-13T11:43:05+01:00</time><extensions><gpxtpx:TrackPointExtension><gpxtpx:hr>0</gpxtpx:hr></gpxtpx:TrackPointExtension></extensions></trkpt><trkpt lat="50.745008" lon="4.428108"><ele>147.10059</ele><time>2025-11-13T11:43:10+01:00</time><extensions><gpxtpx:TrackPointExtension><gpxtpx:hr>0</gpxtpx:hr></gpxtpx:TrackPointExtension></extensions></trkpt><trkpt lat="50.745055" lon="4.428118"><ele>147.2998</ele><time>2025-11-13T11:43:15+01:00</time><extensions><gpxtpx:TrackPointExtension><gpxtpx:hr>0</gpxtpx:hr></gpxtpx:TrackPointExtension></extensions></trkpt><trkpt lat="50.745112" lon="4.428113"><ele>147.5</ele><time>2025-11-13T11:43:20+01:00</time><extensions><gpxtpx:TrackPointExtension><gpxtpx:hr>0</gpxtpx:hr></gpxtpx:TrackPointExtension></extensions></trkpt><trkpt lat="50.74519" lon="4.428132"><ele>147.60059</ele><time>2025-11-13T11:43:25+01:00</time><extensions><gpxtpx:TrackPointExtension><gpxtpx:hr>0</gpxtpx:hr></gpxtpx:TrackPointExtension></extensions></trkpt><trkpt lat="50.745282" lon="4.428112"><ele>148</ele><time>2025-11-13T11:43:30+01:00</time><extensions><gpxtpx:TrackPointExtension><gpxtpx:hr>0</gpxtpx:hr></gpxtpx:TrackPointExtension></extensions></trkpt><trkpt lat="50.745383" lon="4.428088"><ele>148.2998</ele><time>2025-11-13T11:43:35+01:00</time><extensions><gpxtpx:TrackPointExtension><gpxtpx:hr>0</gpxtpx:hr></gpxtpx:TrackPointExtension></extensions></trkpt><trkpt lat="50.745447" lon="4.428083"><ele>148.40039</ele><time>2025-11-13T11:43:40+01:00</time><extensions><gpxtpx:TrackPointExtension><gpxtpx:hr>0</gpxtpx:hr></gpxtpx:TrackPointExtension></extensions></trkpt><trkpt lat="50.745532" lon="4.428025"><ele>148.60059</ele><time>2025-11-13T11:43:45+01:00</time><extensions><gpxtpx:TrackPointExtension><gpxtpx:hr>0</gpxtpx:hr></gpxtpx:TrackPointExtension></extensions></trkpt><trkpt lat="50.74559" lon="4.427973"><ele>148.7002</ele><time>2025-11-13T11:43:50+01:00</time><extensions><gpxtpx:TrackPointExtension><gpxtpx:hr>0</gpxtpx:hr></gpxtpx:TrackPointExtension></extensions></trkpt><trkpt lat="50.745607" lon="4.42798"><ele>148.7002</ele><time>2025-11-13T11:43:55+01:00</time><extensions><gpxtpx:TrackPointExtension><gpxtpx:hr>0</gpxtpx:hr></gpxtpx:TrackPointExtension></extensions></trkpt><trkpt lat="50.745652" lon="4.427947"><ele>148.7998</ele><time>2025-11-13T11:44:00+01:00</time><extensions><gpxtpx:TrackPointExtension><gpxtpx:hr>0</gpxtpx:hr></gpxtpx:TrackPointExtension></extensions></trkpt><trkpt lat="50.745707" lon="4.427915"><ele>148.7998</ele><time>2025-11-13T11:44:05+01:00</time><extensions><gpxtpx:TrackPointExtension><gpxtpx:hr>0</gpxtpx:hr></gpxtpx:TrackPointExtension></extensions></trkpt><trkpt lat="50.74578" lon="4.427815"><ele>148.7002</ele><time>2025-11-13T11:44:10+01:00</time><extensions><gpxtpx:TrackPointExtension><gpxtpx:hr>0</gpxtpx:hr></gpxtpx:TrackPointExtension></extensions></trkpt><trkpt lat="50.745925" lon="4.427693"><ele>148.5</ele><time>2025-11-13T11:44:15+01:00</time><extensions><gpxtpx:TrackPointExtension><gpxtpx:hr>0</gpxtpx:hr></gpxtpx:TrackPointExtension></extensions></trkpt><trkpt lat="50.746047" lon="4.427582"><ele>148.2998</ele><time>2025-11-13T11:44:20+01:00</time><extensions><gpxtpx:TrackPointExtension><gpxtpx:hr>0</gpxtpx:hr></gpxtpx:TrackPointExtension></extensions></trkpt><trkpt lat="50.746162" lon="4.427432"><ele>147.90039</ele><time>2025-11-13T11:44:25+01:00</time><extensions><gpxtpx:TrackPointExtension><gpxtpx:hr>0</gpxtpx:hr></gpxtpx:TrackPointExtension></extensions></trkpt><trkpt lat="50.746293" lon="4.42727"><ele>147.2998</ele><time>2025-11-13T11:44:30+01:00</time><extensions><gpxtpx:TrackPointExtension><gpxtpx:hr>0</gpxtpx:hr></gpxtpx:TrackPointExtension></extensions></trkpt><trkpt lat="50.746422" lon="4.42709"><ele>146.90039</ele><time>2025-11-13T11:44:35+01:00</time><extensions><gpxtpx:TrackPointExtension><gpxtpx:hr>0</gpxtpx:hr></gpxtpx:TrackPointExtension></extensions></trkpt><trkpt lat="50.746573" lon="4.4269"><ele>146.40039</ele><time>2025-11-13T11:44:40+01:00</time><extensions><gpxtpx:TrackPointExtension><gpxtpx:hr>0</gpxtpx:hr></gpxtpx:TrackPointExtension></extensions></trkpt><trkpt lat="50.746702" lon="4.426722"><ele>145.90039</ele><time>2025-11-13T11:44:45+01:00</time><extensions><gpxtpx:TrackPointExtension><gpxtpx:hr>0</gpxtpx:hr></gpxtpx:TrackPointExtension></extensions></trkpt><trkpt lat="50.74683" lon="4.426515"><ele>145.10059</ele><time>2025-11-13T11:44:50+01:00</time><extensions><gpxtpx:TrackPointExtension><gpxtpx:hr>0</gpxtpx:hr></gpxtpx:TrackPointExtension></extensions></trkpt><trkpt lat="50.74698" lon="4.426287"><ele>144</ele><time>2025-11-13T11:44:55+01:00</time><extensions><gpxtpx:TrackPointExtension><gpxtpx:hr>0</gpxtpx:hr></gpxtpx:TrackPointExtension></extensions></trkpt><trkpt lat="50.747145" lon="4.42603"><ele>142.90039</ele><time>2025-11-13T11:45:00+01:00</time><extensions><gpxtpx:TrackPointExtension><gpxtpx:hr>0</gpxtpx:hr></gpxtpx:TrackPointExtension></extensions></trkpt><trkpt lat="50.747293" lon="4.425802"><ele>142.2002</ele><time>2025-11-13T11:45:05+01:00</time><extensions><gpxtpx:TrackPointExtension><gpxtpx:hr>0</gpxtpx:hr></gpxtpx:TrackPointExtension></extensions></trkpt><trkpt lat="50.747463" lon="4.42561"><ele>141.60059</ele><time>2025-11-13T11:45:10+01:00</time><extensions><gpxtpx:TrackPointExtension><gpxtpx:hr>0</gpxtpx:hr></gpxtpx:TrackPointExtension></extensions></trkpt><trkpt lat="50.747615" lon="4.425428"><ele>140.90039</ele><time>2025-11-13T11:45:15+01:00</time><extensions><gpxtpx:TrackPointExtension><gpxtpx:hr>0</gpxtpx:hr></gpxtpx:TrackPointExtension></extensions></trkpt><trkpt lat="50.747787" lon="4.42526"><ele>140.2998</ele><time>2025-11-13T11:45:20+01:00</time><extensions><gpxtpx:TrackPointExtension><gpxtpx:hr>0</gpxtpx:hr></gpxtpx:TrackPointExtension></extensions></trkpt><trkpt lat="50.747903" lon="4.425128"><ele>139.90039</ele><time>2025-11-13T11:45:25+01:00</time><extensions><gpxtpx:TrackPointExtension><gpxtpx:hr>0</gpxtpx:hr></gpxtpx:TrackPointExtension></extensions></trkpt><trkpt lat="50.747955" lon="4.42505"><ele>139.7998</ele><time>2025-11-13T11:45:30+01:00</time><extensions><gpxtpx:TrackPointExtension><gpxtpx:hr>0</gpxtpx:hr></gpxtpx:TrackPointExtension></extensions></trkpt><trkpt lat="50.747953" lon="4.425007"><ele>139.7998</ele><time>2025-11-13T11:45:35+01:00</time><extensions><gpxtpx:TrackPointExtension><gpxtpx:hr>0</gpxtpx:hr></gpxtpx:TrackPointExtension></extensions></trkpt><trkpt lat="50.747912" lon="4.424875"><ele>140</ele><time>2025-11-13T11:45:40+01:00</time><extensions><gpxtpx:TrackPointExtension><gpxtpx:hr>0</gpxtpx:hr></gpxtpx:TrackPointExtension></extensions></trkpt><trkpt lat="50.74786" lon="4.424697"><ele>140.10059</ele><time>2025-11-13T11:45:45+01:00</time><extensions><gpxtpx:TrackPointExtension><gpxtpx:hr>0</gpxtpx:hr></gpxtpx:TrackPointExtension></extensions></trkpt><trkpt lat="50.74779" lon="4.424542"><ele>140.10059</ele><time>2025-11-13T11:45:50+01:00</time><extensions><gpxtpx:TrackPointExtension><gpxtpx:hr>0</gpxtpx:hr></gpxtpx:TrackPointExtension></extensions></trkpt><trkpt lat="50.747698" lon="4.424395"><ele>140.2998</ele><time>2025-11-13T11:45:55+01:00</time><extensions><gpxtpx:TrackPointExtension><gpxtpx:hr>0</gpxtpx:hr></gpxtpx:TrackPointExtension></extensions></trkpt><trkpt lat="50.74759" lon="4.424257"><ele>140.40039</ele><time>2025-11-13T11:46:00+01:00</time><extensions><gpxtpx:TrackPointExtension><gpxtpx:hr>0</gpxtpx:hr></gpxtpx:TrackPointExtension></extensions></trkpt><trkpt lat="50.747475" lon="4.424108"><ele>140.60059</ele><time>2025-11-13T11:46:05+01:00</time><extensions><gpxtpx:TrackPointExtension><gpxtpx:hr>0</gpxtpx:hr></gpxtpx:TrackPointExtension></extensions></trkpt><trkpt lat="50.747383" lon="4.42399"><ele>140.60059</ele><time>2025-11-13T11:46:10+01:00</time><extensions><gpxtpx:TrackPointExtension><gpxtpx:hr>0</gpxtpx:hr></gpxtpx:TrackPointExtension></extensions></trkpt><trkpt lat="50.747283" lon="4.42386"><ele>140.60059</ele><time>2025-11-13T11:46:15+01:00</time><extensions><gpxtpx:TrackPointExtension><gpxtpx:hr>0</gpxtpx:hr></gpxtpx:TrackPointExtension></extensions></trkpt><trkpt lat="50.747177" lon="4.423695"><ele>140.7002</ele><time>2025-11-13T11:46:20+01:00</time><extensions><gpxtpx:TrackPointExtension><gpxtpx:hr>0</gpxtpx:hr></gpxtpx:TrackPointExtension></extensions></trkpt><trkpt lat="50.747078" lon="4.423567"><ele>140.7002</ele><time>2025-11-13T11:46:25+01:00</time><extensions><gpxtpx:TrackPointExtension><gpxtpx:hr>0</gpxtpx:hr></gpxtpx:TrackPointExtension></extensions></trkpt><trkpt lat="50.746982" lon="4.423472"><ele>140.7002</ele><time>2025-11-13T11:46:30+01:00</time><extensions><gpxtpx:TrackPointExtension><gpxtpx:hr>0</gpxtpx:hr></gpxtpx:TrackPointExtension></extensions></trkpt><trkpt lat="50.746882" lon="4.423317"><ele>140.60059</ele><time>2025-11-13T11:46:35+01:00</time><extensions><gpxtpx:TrackPointExtension><gpxtpx:hr>0</gpxtpx:hr></gpxtpx:TrackPointExtension></extensions></trkpt><trkpt lat="50.74678" lon="4.423168"><ele>140.5</ele><time>2025-11-13T11:46:40+01:00</time><extensions><gpxtpx:TrackPointExtension><gpxtpx:hr>0</gpxtpx:hr></gpxtpx:TrackPointExtension></extensions></trkpt><trkpt lat="50.746685" lon="4.423013"><ele>140.40039</ele><time>2025-11-13T11:46:45+01:00</time><extensions><gpxtpx:TrackPointExtension><gpxtpx:hr>0</gpxtpx:hr></gpxtpx:TrackPointExtension></extensions></trkpt><trkpt lat="50.746565" lon="4.42284"><ele>140.2998</ele><time>2025-11-13T11:46:50+01:00</time><extensions><gpxtpx:TrackPointExtension><gpxtpx:hr>0</gpxtpx:hr></gpxtpx:TrackPointExtension></extensions></trkpt><trkpt lat="50.746417" lon="4.42263"><ele>140.2002</ele><time>2025-11-13T11:46:55+01:00</time><extensions><gpxtpx:TrackPointExtension><gpxtpx:hr>0</gpxtpx:hr></gpxtpx:TrackPointExtension></extensions></trkpt><trkpt lat="50.74627" lon="4.42247"><ele>140.10059</ele><time>2025-11-13T11:47:00+01:00</time><extensions><gpxtpx:TrackPointExtension><gpxtpx:hr>0</gpxtpx:hr></gpxtpx:TrackPointExtension></extensions></trkpt><trkpt lat="50.746153" lon="4.422313"><ele>139.90039</ele><time>2025-11-13T11:47:05+01:00</time><extensions><gpxtpx:TrackPointExtension><gpxtpx:hr>0</gpxtpx:hr></gpxtpx:TrackPointExtension></extensions></trkpt><trkpt lat="50.746048" lon="4.422165"><ele>139.7002</ele><time>2025-11-13T11:47:10+01:00</time><extensions><gpxtpx:TrackPointExtension><gpxtpx:hr>0</gpxtpx:hr></gpxtpx:TrackPointExtension></extensions></trkpt><trkpt lat="50.745935" lon="4.422005"><ele>139.7002</ele><time>2025-11-13T11:47:15+01:00</time><extensions><gpxtpx:TrackPointExtension><gpxtpx:hr>0</gpxtpx:hr></gpxtpx:TrackPointExtension></extensions></trkpt><trkpt lat="50.745807" lon="4.42184"><ele>139.60059</ele><time>2025-11-13T11:47:20+01:00</time><extensions><gpxtpx:TrackPointExtension><gpxtpx:hr>0</gpxtpx:hr></gpxtpx:TrackPointExtension></extensions></trkpt><trkpt lat="50.745697" lon="4.421707"><ele>139.7002</ele><time>2025-11-13T11:47:25+01:00</time><extensions><gpxtpx:TrackPointExtension><gpxtpx:hr>0</gpxtpx:hr></gpxtpx:TrackPointExtension></extensions></trkpt><trkpt lat="50.745583" lon="4.421542"><ele>140.10059</ele><time>2025-11-13T11:47:30+01:00</time><extensions><gpxtpx:TrackPointExtension><gpxtpx:hr>0</gpxtpx:hr></gpxtpx:TrackPointExtension></extensions></trkpt><trkpt lat="50.745455" lon="4.421352"><ele>141.10059</ele><time>2025-11-13T11:47:35+01:00</time><extensions><gpxtpx:TrackPointExtension><gpxtpx:hr>0</gpxtpx:hr></gpxtpx:TrackPointExtension></extensions></trkpt><trkpt lat="50.745323" lon="4.421193"><ele>141.90039</ele><time>2025-11-13T11:47:40+01:00</time><extensions><gpxtpx:TrackPointExtension><gpxtpx:hr>0</gpxtpx:hr></gpxtpx:TrackPointExtension></extensions></trkpt><trkpt lat="50.745203" lon="4.421068"><ele>142.60059</ele><time>2025-11-13T11:47:45+01:00</time><extensions><gpxtpx:TrackPointExtension><gpxtpx:hr>0</gpxtpx:hr></gpxtpx:TrackPointExtension></extensions></trkpt><trkpt lat="50.745057" lon="4.420875"><ele>143.2002</ele><time>2025-11-13T11:47:50+01:00</time><extensions><gpxtpx:TrackPointExtension><gpxtpx:hr>0</gpxtpx:hr></gpxtpx:TrackPointExtension></extensions></trkpt><trkpt lat="50.744955" lon="4.420725"><ele>143.60059</ele><time>2025-11-13T11:47:55+01:00</time><extensions><gpxtpx:TrackPointExtension><gpxtpx:hr>0</gpxtpx:hr></gpxtpx:TrackPointExtension></extensions></trkpt><trkpt lat="50.744847" lon="4.42057"><ele>144</ele><time>2025-11-13T11:48:00+01:00</time><extensions><gpxtpx:TrackPointExtension><gpxtpx:hr>0</gpxtpx:hr></gpxtpx:TrackPointExtension></extensions></trkpt><trkpt lat="50.744738" lon="4.420425"><ele>144.40039</ele><time>2025-11-13T11:48:05+01:00</time><extensions><gpxtpx:TrackPointExtension><gpxtpx:hr>0</gpxtpx:hr></gpxtpx:TrackPointExtension></extensions></trkpt><trkpt lat="50.744628" lon="4.42027"><ele>144.7002</ele><time>2025-11-13T11:48:10+01:00</time><extensions><gpxtpx:TrackPointExtension><gpxtpx:hr>0</gpxtpx:hr></gpxtpx:TrackPointExtension></extensions></trkpt><trkpt lat="50.744523" lon="4.420117"><ele>145.10059</ele><time>2025-11-13T11:48:15+01:00</time><extensions><gpxtpx:TrackPointExtension><gpxtpx:hr>0</gpxtpx:hr></gpxtpx:TrackPointExtension></extensions></trkpt><trkpt lat="50.74441" lon="4.419978"><ele>145.40039</ele><time>2025-11-13T11:48:20+01:00</time><extensions><gpxtpx:TrackPointExtension><gpxtpx:hr>0</gpxtpx:hr></gpxtpx:TrackPointExtension></extensions></trkpt><trkpt lat="50.74428" lon="4.419832"><ele>145.40039</ele><time>2025-11-13T11:48:25+01:00</time><extensions><gpxtpx:TrackPointExtension><gpxtpx:hr>0</gpxtpx:hr></gpxtpx:TrackPointExtension></extensions></trkpt><trkpt lat="50.744148" lon="4.4197"><ele>145.60059</ele><time>2025-11-13T11:48:30+01:00</time><extensions><gpxtpx:TrackPointExtension><gpxtpx:hr>0</gpxtpx:hr></gpxtpx:TrackPointExtension></extensions></trkpt><trkpt lat="50.744" lon="4.419607"><ele>145.60059</ele><time>2025-11-13T11:48:35+01:00</time><extensions><gpxtpx:TrackPointExtension><gpxtpx:hr>0</gpxtpx:hr></gpxtpx:TrackPointExtension></extensions></trkpt><trkpt lat="50.74385" lon="4.41953"><ele>145.5</ele><time>2025-11-13T11:48:40+01:00</time><extensions><gpxtpx:TrackPointExtension><gpxtpx:hr>0</gpxtpx:hr></gpxtpx:TrackPointExtension></extensions></trkpt><trkpt lat="50.74369" lon="4.41945"><ele>145.40039</ele><time>2025-11-13T11:48:45+01:00</time><extensions><gpxtpx:TrackPointExtension><gpxtpx:hr>0</gpxtpx:hr></gpxtpx:TrackPointExtension></extensions></trkpt><trkpt lat="50.74354" lon="4.419348"><ele>145.5</ele><time>2025-11-13T11:48:50+01:00</time><extensions><gpxtpx:TrackPointExtension><gpxtpx:hr>0</gpxtpx:hr></gpxtpx:TrackPointExtension></extensions></trkpt><trkpt lat="50.74339" lon="4.41924"><ele>145.7998</ele><time>2025-11-13T11:48:55+01:00</time><extensions><gpxtpx:TrackPointExtension><gpxtpx:hr>0</gpxtpx:hr></gpxtpx:TrackPointExtension></extensions></trkpt><trkpt lat="50.743247" lon="4.419127"><ele>146.2998</ele><time>2025-11-13T11:49:00+01:00</time><extensions><gpxtpx:TrackPointExtension><gpxtpx:hr>0</gpxtpx:hr></gpxtpx:TrackPointExtension></extensions></trkpt><trkpt lat="50.743107" lon="4.41901"><ele>147.2002</ele><time>2025-11-13T11:49:05+01:00</time><extensions><gpxtpx:TrackPointExtension><gpxtpx:hr>0</gpxtpx:hr></gpxtpx:TrackPointExtension></extensions></trkpt><trkpt lat="50.742968" lon="4.418872"><ele>148.10059</ele><time>2025-11-13T11:49:10+01:00</time><extensions><gpxtpx:TrackPointExtension><gpxtpx:hr>0</gpxtpx:hr></gpxtpx:TrackPointExtension></extensions></trkpt><trkpt lat="50.742845" lon="4.418738"><ele>148.60059</ele><time>2025-11-13T11:49:15+01:00</time><extensions><gpxtpx:TrackPointExtension><gpxtpx:hr>0</gpxtpx:hr></gpxtpx:TrackPointExtension></extensions></trkpt><trkpt lat="50.74273" lon="4.41859"><ele>149</ele><time>2025-11-13T11:49:20+01:00</time><extensions><gpxtpx:TrackPointExtension><gpxtpx:hr>0</gpxtpx:hr></gpxtpx:TrackPointExtension></extensions></trkpt><trkpt lat="50.742588" lon="4.41842"><ele>149.2002</ele><time>2025-11-13T11:49:25+01:00</time><extensions><gpxtpx:TrackPointExtension><gpxtpx:hr>0</gpxtpx:hr></gpxtpx:TrackPointExtension></extensions></trkpt><trkpt lat="50.742475" lon="4.41827"><ele>149.2998</ele><time>2025-11-13T11:49:30+01:00</time><extensions><gpxtpx:TrackPointExtension><gpxtpx:hr>0</gpxtpx:hr></gpxtpx:TrackPointExtension></extensions></trkpt><trkpt lat="50.742375" lon="4.418125"><ele>149.40039</ele><time>2025-11-13T11:49:35+01:00</time><extensions><gpxtpx:TrackPointExtension><gpxtpx:hr>0</gpxtpx:hr></gpxtpx:TrackPointExtension></extensions></trkpt><trkpt lat="50.742293" lon="4.417963"><ele>149.7002</ele><time>2025-11-13T11:49:40+01:00</time><extensions><gpxtpx:TrackPointExtension><gpxtpx:hr>0</gpxtpx:hr></gpxtpx:TrackPointExtension></extensions></trkpt><trkpt lat="50.742198" lon="4.417783"><ele>149.7998</ele><time>2025-11-13T11:49:45+01:00</time><extensions><gpxtpx:TrackPointExtension><gpxtpx:hr>0</gpxtpx:hr></gpxtpx:TrackPointExtension></extensions></trkpt><trkpt lat="50.742105" lon="4.417623"><ele>149.90039</ele><time>2025-11-13T11:49:50+01:00</time><extensions><gpxtpx:TrackPointExtension><gpxtpx:hr>0</gpxtpx:hr></gpxtpx:TrackPointExtension></extensions></trkpt><trkpt lat="50.742007" lon="4.417437"><ele>150.10059</ele><time>2025-11-13T11:49:55+01:00</time><extensions><gpxtpx:TrackPointExtension><gpxtpx:hr>0</gpxtpx:hr></gpxtpx:TrackPointExtension></extensions></trkpt><trkpt lat="50.741897" lon="4.417233"><ele>150.10059</ele><time>2025-11-13T11:50:00+01:00</time><extensions><gpxtpx:TrackPointExtension><gpxtpx:hr>0</gpxtpx:hr></gpxtpx:TrackPointExtension></extensions></trkpt><trkpt lat="50.741753" lon="4.416978"><ele>150.40039</ele><time>2025-11-13T11:50:05+01:00</time><extensions><gpxtpx:TrackPointExtension><gpxtpx:hr>0</gpxtpx:hr></gpxtpx:TrackPointExtension></extensions></trkpt><trkpt lat="50.741627" lon="4.416753"><ele>150.7002</ele><time>2025-11-13T11:50:10+01:00</time><extensions><gpxtpx:TrackPointExtension><gpxtpx:hr>0</gpxtpx:hr></gpxtpx:TrackPointExtension></extensions></trkpt><trkpt lat="50.741483" lon="4.416523"><ele>150.5</ele><time>2025-11-13T11:50:15+01:00</time><extensions><gpxtpx:TrackPointExtension><gpxtpx:hr>0</gpxtpx:hr></gpxtpx:TrackPointExtension></extensions></trkpt><trkpt lat="50.741358" lon="4.416295"><ele>150.60059</ele><time>2025-11-13T11:50:20+01:00</time><extensions><gpxtpx:TrackPointExtension><gpxtpx:hr>0</gpxtpx:hr></gpxtpx:TrackPointExtension></extensions></trkpt><trkpt lat="50.741242" lon="4.416057"><ele>150</ele><time>2025-11-13T11:50:25+01:00</time><extensions><gpxtpx:TrackPointExtension><gpxtpx:hr>0</gpxtpx:hr></gpxtpx:TrackPointExtension></extensions></trkpt><trkpt lat="50.741125" lon="4.415837"><ele>149.2002</ele><time>2025-11-13T11:50:30+01:00</time><extensions><gpxtpx:TrackPointExtension><gpxtpx:hr>0</gpxtpx:hr></gpxtpx:TrackPointExtension></extensions></trkpt><trkpt lat="50.741012" lon="4.415623"><ele>148.7998</ele><time>2025-11-13T11:50:35+01:00</time><extensions><gpxtpx:TrackPointExtension><gpxtpx:hr>0</gpxtpx:hr></gpxtpx:TrackPointExtension></extensions></trkpt><trkpt lat="50.740905" lon="4.415392"><ele>148.7002</ele><time>2025-11-13T11:50:40+01:00</time><extensions><gpxtpx:TrackPointExtension><gpxtpx:hr>0</gpxtpx:hr></gpxtpx:TrackPointExtension></extensions></trkpt><trkpt lat="50.740808" lon="4.415212"><ele>149</ele><time>2025-11-13T11:50:45+01:00</time><extensions><gpxtpx:TrackPointExtension><gpxtpx:hr>0</gpxtpx:hr></gpxtpx:TrackPointExtension></extensions></trkpt><trkpt lat="50.740723" lon="4.414992"><ele>149</ele><time>2025-11-13T11:50:50+01:00</time><extensions><gpxtpx:TrackPointExtension><gpxtpx:hr>0</gpxtpx:hr></gpxtpx:TrackPointExtension></extensions></trkpt><trkpt lat="50.740662" lon="4.414853"><ele>148.90039</ele><time>2025-11-13T11:50:55+01:00</time><extensions><gpxtpx:TrackPointExtension><gpxtpx:hr>0</gpxtpx:hr></gpxtpx:TrackPointExtension></extensions></trkpt><trkpt lat="50.740592" lon="4.41471"><ele>148.7002</ele><time>2025-11-13T11:51:00+01:00</time><extensions><gpxtpx:TrackPointExtension><gpxtpx:hr>0</gpxtpx:hr></gpxtpx:TrackPointExtension></extensions></trkpt><trkpt lat="50.740542" lon="4.414543"><ele>148.40039</ele><time>2025-11-13T11:51:05+01:00</time><extensions><gpxtpx:TrackPointExtension><gpxtpx:hr>0</gpxtpx:hr></gpxtpx:TrackPointExtension></extensions></trkpt><trkpt lat="50.740583" lon="4.41437"><ele>148</ele><time>2025-11-13T11:51:10+01:00</time><extensions><gpxtpx:TrackPointExtension><gpxtpx:hr>0</gpxtpx:hr></gpxtpx:TrackPointExtension></extensions></trkpt><trkpt lat="50.740658" lon="4.414245"><ele>147.7002</ele><time>2025-11-13T11:51:15+01:00</time><extensions><gpxtpx:TrackPointExtension><gpxtpx:hr>0</gpxtpx:hr></gpxtpx:TrackPointExtension></extensions></trkpt><trkpt lat="50.74074" lon="4.414087"><ele>147.2998</ele><time>2025-11-13T11:51:20+01:00</time><extensions><gpxtpx:TrackPointExtension><gpxtpx:hr>0</gpxtpx:hr></gpxtpx:TrackPointExtension></extensions></trkpt><trkpt lat="50.740868" lon="4.413965"><ele>146.90039</ele><time>2025-11-13T11:51:25+01:00</time><extensions><gpxtpx:TrackPointExtension><gpxtpx:hr>0</gpxtpx:hr></gpxtpx:TrackPointExtension></extensions></trkpt><trkpt lat="50.740948" lon="4.41379"><ele>146.10059</ele><time>2025-11-13T11:51:30+01:00</time><extensions><gpxtpx:TrackPointExtension><gpxtpx:hr>0</gpxtpx:hr></gpxtpx:TrackPointExtension></extensions></trkpt><trkpt lat="50.741045" lon="4.41356"><ele>144.90039</ele><time>2025-11-13T11:51:35+01:00</time><extensions><gpxtpx:TrackPointExtension><gpxtpx:hr>0</gpxtpx:hr></gpxtpx:TrackPointExtension></extensions></trkpt><trkpt lat="50.741172" lon="4.413327"><ele>143.90039</ele><time>2025-11-13T11:51:40+01:00</time><extensions><gpxtpx:TrackPointExtension><gpxtpx:hr>0</gpxtpx:hr></gpxtpx:TrackPointExtension></extensions></trkpt><trkpt lat="50.741333" lon="4.413162"><ele>143.10059</ele><time>2025-11-13T11:51:45+01:00</time><extensions><gpxtpx:TrackPointExtension><gpxtpx:hr>0</gpxtpx:hr></gpxtpx:TrackPointExtension></extensions></trkpt><trkpt lat="50.741448" lon="4.41296"><ele>142.60059</ele><time>2025-11-13T11:51:50+01:00</time><extensions><gpxtpx:TrackPointExtension><gpxtpx:hr>0</gpxtpx:hr></gpxtpx:TrackPointExtension></extensions></trkpt><trkpt lat="50.74162" lon="4.412817"><ele>142.2002</ele><time>2025-11-13T11:51:55+01:00</time><extensions><gpxtpx:TrackPointExtension><gpxtpx:hr>0</gpxtpx:hr></gpxtpx:TrackPointExtension></extensions></trkpt><trkpt lat="50.741778" lon="4.412703"><ele>141.90039</ele><time>2025-11-13T11:52:00+01:00</time><extensions><gpxtpx:TrackPointExtension><gpxtpx:hr>0</gpxtpx:hr></gpxtpx:TrackPointExtension></extensions></trkpt><trkpt lat="50.741872" lon="4.412483"><ele>141.40039</ele><time>2025-11-13T11:52:05+01:00</time><extensions><gpxtpx:TrackPointExtension><gpxtpx:hr>0</gpxtpx:hr></gpxtpx:TrackPointExtension></extensions></trkpt><trkpt lat="50.741945" lon="4.412228"><ele>140.7998</ele><time>2025-11-13T11:52:10+01:00</time><extensions><gpxtpx:TrackPointExtension><gpxtpx:hr>0</gpxtpx:hr></gpxtpx:TrackPointExtension></extensions></trkpt><trkpt lat="50.741993" lon="4.412013"><ele>140.7002</ele><time>2025-11-13T11:52:15+01:00</time><extensions><gpxtpx:TrackPointExtension><gpxtpx:hr>0</gpxtpx:hr></gpxtpx:TrackPointExtension></extensions></trkpt><trkpt lat="50.742042" lon="4.41188"><ele>140.2998</ele><time>2025-11-13T11:52:20+01:00</time><extensions><gpxtpx:TrackPointExtension><gpxtpx:hr>0</gpxtpx:hr></gpxtpx:TrackPointExtension></extensions></trkpt><trkpt lat="50.742092" lon="4.411648"><ele>140</ele><time>2025-11-13T11:52:25+01:00</time><extensions><gpxtpx:TrackPointExtension><gpxtpx:hr>0</gpxtpx:hr></gpxtpx:TrackPointExtension></extensions></trkpt><trkpt lat="50.742107" lon="4.41139"><ele>139.90039</ele><time>2025-11-13T11:52:30+01:00</time><extensions><gpxtpx:TrackPointExtension><gpxtpx:hr>0</gpxtpx:hr></gpxtpx:TrackPointExtension></extensions></trkpt><trkpt lat="50.74213" lon="4.411152"><ele>140.2998</ele><time>2025-11-13T11:52:35+01:00</time><extensions><gpxtpx:TrackPointExtension><gpxtpx:hr>0</gpxtpx:hr></gpxtpx:TrackPointExtension></extensions></trkpt><trkpt lat="50.74216" lon="4.410917"><ele>140.5</ele><time>2025-11-13T11:52:40+01:00</time><extensions><gpxtpx:TrackPointExtension><gpxtpx:hr>0</gpxtpx:hr></gpxtpx:TrackPointExtension></extensions></trkpt><trkpt lat="50.74218" lon="4.410655"><ele>141</ele><time>2025-11-13T11:52:45+01:00</time><extensions><gpxtpx:TrackPointExtension><gpxtpx:hr>0</gpxtpx:hr></gpxtpx:TrackPointExtension></extensions></trkpt><trkpt lat="50.742235" lon="4.410418"><ele>141.10059</ele><time>2025-11-13T11:52:50+01:00</time><extensions><gpxtpx:TrackPointExtension><gpxtpx:hr>0</gpxtpx:hr></gpxtpx:TrackPointExtension></extensions></trkpt><trkpt lat="50.742255" lon="4.410213"><ele>141.60059</ele><time>2025-11-13T11:52:55+01:00</time><extensions><gpxtpx:TrackPointExtension><gpxtpx:hr>0</gpxtpx:hr></gpxtpx:TrackPointExtension></extensions></trkpt><trkpt lat="50.742255" lon="4.410057"><ele>142.10059</ele><time>2025-11-13T11:53:00+01:00</time><extensions><gpxtpx:TrackPointExtension><gpxtpx:hr>0</gpxtpx:hr></gpxtpx:TrackPointExtension></extensions></trkpt><trkpt lat="50.742258" lon="4.409853"><ele>142.2998</ele><time>2025-11-13T11:53:05+01:00</time><extensions><gpxtpx:TrackPointExtension><gpxtpx:hr>0</gpxtpx:hr></gpxtpx:TrackPointExtension></extensions></trkpt><trkpt lat="50.74225" lon="4.40964"><ele>142.40039</ele><time>2025-11-13T11:53:10+01:00</time><extensions><gpxtpx:TrackPointExtension><gpxtpx:hr>0</gpxtpx:hr></gpxtpx:TrackPointExtension></extensions></trkpt><trkpt lat="50.742232" lon="4.409367"><ele>142.90039</ele><time>2025-11-13T11:53:15+01:00</time><extensions><gpxtpx:TrackPointExtension><gpxtpx:hr>0</gpxtpx:hr></gpxtpx:TrackPointExtension></extensions></trkpt><trkpt lat="50.742235" lon="4.409172"><ele>143.2002</ele><time>2025-11-13T11:53:20+01:00</time><extensions><gpxtpx:TrackPointExtension><gpxtpx:hr>0</gpxtpx:hr></gpxtpx:TrackPointExtension></extensions></trkpt><trkpt lat="50.742212" lon="4.40898"><ele>143.40039</ele><time>2025-11-13T11:53:25+01:00</time><extensions><gpxtpx:TrackPointExtension><gpxtpx:hr>0</gpxtpx:hr></gpxtpx:TrackPointExtension></extensions></trkpt><trkpt lat="50.742198" lon="4.408805"><ele>143.7998</ele><time>2025-11-13T11:53:30+01:00</time><extensions><gpxtpx:TrackPointExtension><gpxtpx:hr>0</gpxtpx:hr></gpxtpx:TrackPointExtension></extensions></trkpt><trkpt lat="50.742188" lon="4.408623"><ele>144.10059</ele><time>2025-11-13T11:53:35+01:00</time><extensions><gpxtpx:TrackPointExtension><gpxtpx:hr>0</gpxtpx:hr></gpxtpx:TrackPointExtension></extensions></trkpt><trkpt lat="50.742213" lon="4.408452"><ele>144.5</ele><time>2025-11-13T11:53:40+01:00</time><extensions><gpxtpx:TrackPointExtension><gpxtpx:hr>0</gpxtpx:hr></gpxtpx:TrackPointExtension></extensions></trkpt><trkpt lat="50.74228" lon="4.408322"><ele>144.60059</ele><time>2025-11-13T11:53:45+01:00</time><extensions><gpxtpx:TrackPointExtension><gpxtpx:hr>0</gpxtpx:hr></gpxtpx:TrackPointExtension></extensions></trkpt><trkpt lat="50.742327" lon="4.40817"><ele>144.7002</ele><time>2025-11-13T11:53:50+01:00</time><extensions><gpxtpx:TrackPointExtension><gpxtpx:hr>0</gpxtpx:hr></gpxtpx:TrackPointExtension></extensions></trkpt><trkpt lat="50.742413" lon="4.408043"><ele>144.7002</ele><time>2025-11-13T11:53:55+01:00</time><extensions><gpxtpx:TrackPointExtension><gpxtpx:hr>0</gpxtpx:hr></gpxtpx:TrackPointExtension></extensions></trkpt><trkpt lat="50.742493" lon="4.40795"><ele>144.7002</ele><time>2025-11-13T11:54:00+01:00</time><extensions><gpxtpx:TrackPointExtension><gpxtpx:hr>0</gpxtpx:hr></gpxtpx:TrackPointExtension></extensions></trkpt><trkpt lat="50.742593" lon="4.407835"><ele>144.60059</ele><time>2025-11-13T11:54:05+01:00</time><extensions><gpxtpx:TrackPointExtension><gpxtpx:hr>0</gpxtpx:hr></gpxtpx:TrackPointExtension></extensions></trkpt><trkpt lat="50.74272" lon="4.407678"><ele>144.2002</ele><time>2025-11-13T11:54:10+01:00</time><extensions><gpxtpx:TrackPointExtension><gpxtpx:hr>0</gpxtpx:hr></gpxtpx:TrackPointExtension></extensions></trkpt><trkpt lat="50.742837" lon="4.407543"><ele>144</ele><time>2025-11-13T11:54:15+01:00</time><extensions><gpxtpx:TrackPointExtension><gpxtpx:hr>0</gpxtpx:hr></gpxtpx:TrackPointExtension></extensions></trkpt><trkpt lat="50.742945" lon="4.407403"><ele>144</ele><time>2025-11-13T11:54:20+01:00</time><extensions><gpxtpx:TrackPointExtension><gpxtpx:hr>0</gpxtpx:hr></gpxtpx:TrackPointExtension></extensions></trkpt><trkpt lat="50.74305" lon="4.40726"><ele>144.10059</ele><time>2025-11-13T11:54:25+01:00</time><extensions><gpxtpx:TrackPointExtension><gpxtpx:hr>0</gpxtpx:hr></gpxtpx:TrackPointExtension></extensions></trkpt><trkpt lat="50.743113" lon="4.407073"><ele>144.7002</ele><time>2025-11-13T11:54:30+01:00</time><extensions><gpxtpx:TrackPointExtension><gpxtpx:hr>0</gpxtpx:hr></gpxtpx:TrackPointExtension></extensions></trkpt><trkpt lat="50.74323" lon="4.406865"><ele>145.5</ele><time>2025-11-13T11:54:35+01:00</time><extensions><gpxtpx:TrackPointExtension><gpxtpx:hr>0</gpxtpx:hr></gpxtpx:TrackPointExtension></extensions></trkpt><trkpt lat="50.743332" lon="4.406638"><ele>145.7998</ele><time>2025-11-13T11:54:40+01:00</time><extensions><gpxtpx:TrackPointExtension><gpxtpx:hr>0</gpxtpx:hr></gpxtpx:TrackPointExtension></extensions></trkpt><trkpt lat="50.74341" lon="4.40642"><ele>145.5</ele><time>2025-11-13T11:54:45+01:00</time><extensions><gpxtpx:TrackPointExtension><gpxtpx:hr>0</gpxtpx:hr></gpxtpx:TrackPointExtension></extensions></trkpt><trkpt lat="50.743487" lon="4.406178"><ele>144.60059</ele><time>2025-11-13T11:54:50+01:00</time><extensions><gpxtpx:TrackPointExtension><gpxtpx:hr>0</gpxtpx:hr></gpxtpx:TrackPointExtension></extensions></trkpt><trkpt lat="50.743537" lon="4.405975"><ele>144.2002</ele><time>2025-11-13T11:54:55+01:00</time><extensions><gpxtpx:TrackPointExtension><gpxtpx:hr>0</gpxtpx:hr></gpxtpx:TrackPointExtension></extensions></trkpt><trkpt lat="50.743637" lon="4.405753"><ele>143.7998</ele><time>2025-11-13T11:55:00+01:00</time><extensions><gpxtpx:TrackPointExtension><gpxtpx:hr>0</gpxtpx:hr></gpxtpx:TrackPointExtension></extensions></trkpt><trkpt lat="50.743688" lon="4.405467"><ele>143.2998</ele><time>2025-11-13T11:55:05+01:00</time><extensions><gpxtpx:TrackPointExtension><gpxtpx:hr>0</gpxtpx:hr></gpxtpx:TrackPointExtension></extensions></trkpt><trkpt lat="50.743738" lon="4.405172"><ele>142.60059</ele><time>2025-11-13T11:55:10+01:00</time><extensions><gpxtpx:TrackPointExtension><gpxtpx:hr>0</gpxtpx:hr></gpxtpx:TrackPointExtension></extensions></trkpt><trkpt lat="50.743823" lon="4.404928"><ele>142</ele><time>2025-11-13T11:55:15+01:00</time><extensions><gpxtpx:TrackPointExtension><gpxtpx:hr>0</gpxtpx:hr></gpxtpx:TrackPointExtension></extensions></trkpt><trkpt lat="50.743888" lon="4.404695"><ele>141.2002</ele><time>2025-11-13T11:55:20+01:00</time><extensions><gpxtpx:TrackPointExtension><gpxtpx:hr>0</gpxtpx:hr></gpxtpx:TrackPointExtension></extensions></trkpt><trkpt lat="50.744" lon="4.404458"><ele>141</ele><time>2025-11-13T11:55:25+01:00</time><extensions><gpxtpx:TrackPointExtension><gpxtpx:hr>0</gpxtpx:hr></gpxtpx:TrackPointExtension></extensions></trkpt><trkpt lat="50.744088" lon="4.404165"><ele>140.60059</ele><time>2025-11-13T11:55:30+01:00</time><extensions><gpxtpx:TrackPointExtension><gpxtpx:hr>0</gpxtpx:hr></gpxtpx:TrackPointExtension></extensions></trkpt><trkpt lat="50.744163" lon="4.403983"><ele>140.2002</ele><time>2025-11-13T11:55:35+01:00</time><extensions><gpxtpx:TrackPointExtension><gpxtpx:hr>0</gpxtpx:hr></gpxtpx:TrackPointExtension></extensions></trkpt><trkpt lat="50.744267" lon="4.403833"><ele>140.7002</ele><time>2025-11-13T11:55:40+01:00</time><extensions><gpxtpx:TrackPointExtension><gpxtpx:hr>0</gpxtpx:hr></gpxtpx:TrackPointExtension></extensions></trkpt><trkpt lat="50.744383" lon="4.403617"><ele>140.7998</ele><time>2025-11-13T11:55:45+01:00</time><extensions><gpxtpx:TrackPointExtension><gpxtpx:hr>0</gpxtpx:hr></gpxtpx:TrackPointExtension></extensions></trkpt><trkpt lat="50.744495" lon="4.403468"><ele>141.60059</ele><time>2025-11-13T11:55:50+01:00</time><extensions><gpxtpx:TrackPointExtension><gpxtpx:hr>0</gpxtpx:hr></gpxtpx:TrackPointExtension></extensions></trkpt><trkpt lat="50.744618" lon="4.403333"><ele>141.7002</ele><time>2025-11-13T11:55:55+01:00</time><extensions><gpxtpx:TrackPointExtension><gpxtpx:hr>0</gpxtpx:hr></gpxtpx:TrackPointExtension></extensions></trkpt><trkpt lat="50.744733" lon="4.403197"><ele>142</ele><time>2025-11-13T11:56:00+01:00</time><extensions><gpxtpx:TrackPointExtension><gpxtpx:hr>0</gpxtpx:hr></gpxtpx:TrackPointExtension></extensions></trkpt><trkpt lat="50.744862" lon="4.403055"><ele>142.60059</ele><time>2025-11-13T11:56:05+01:00</time><extensions><gpxtpx:TrackPointExtension><gpxtpx:hr>0</gpxtpx:hr></gpxtpx:TrackPointExtension></extensions></trkpt><trkpt lat="50.744983" lon="4.402848"><ele>142</ele><time>2025-11-13T11:56:10+01:00</time><extensions><gpxtpx:TrackPointExtension><gpxtpx:hr>0</gpxtpx:hr></gpxtpx:TrackPointExtension></extensions></trkpt><trkpt lat="50.745077" lon="4.402688"><ele>141.5</ele><time>2025-11-13T11:56:15+01:00</time><extensions><gpxtpx:TrackPointExtension><gpxtpx:hr>0</gpxtpx:hr></gpxtpx:TrackPointExtension></extensions></trkpt><trkpt lat="50.745172" lon="4.402527"><ele>140.7002</ele><time>2025-11-13T11:56:20+01:00</time><extensions><gpxtpx:TrackPointExtension><gpxtpx:hr>0</gpxtpx:hr></gpxtpx:TrackPointExtension></extensions></trkpt><trkpt lat="50.745275" lon="4.402337"><ele>139.40039</ele><time>2025-11-13T11:56:25+01:00</time><extensions><gpxtpx:TrackPointExtension><gpxtpx:hr>0</gpxtpx:hr></gpxtpx:TrackPointExtension></extensions></trkpt><trkpt lat="50.745395" lon="4.402188"><ele>139.40039</ele><time>2025-11-13T11:56:30+01:00</time><extensions><gpxtpx:TrackPointExtension><gpxtpx:hr>0</gpxtpx:hr></gpxtpx:TrackPointExtension></extensions></trkpt><trkpt lat="50.745522" lon="4.402053"><ele>139.2998</ele><time>2025-11-13T11:56:35+01:00</time><extensions><gpxtpx:TrackPointExtension><gpxtpx:hr>0</gpxtpx:hr></gpxtpx:TrackPointExtension></extensions></trkpt><trkpt lat="50.745668" lon="4.401852"><ele>139.5</ele><time>2025-11-13T11:56:40+01:00</time><extensions><gpxtpx:TrackPointExtension><gpxtpx:hr>0</gpxtpx:hr></gpxtpx:TrackPointExtension></extensions></trkpt><trkpt lat="50.745805" lon="4.401598"><ele>139.5</ele><time>2025-11-13T11:56:45+01:00</time><extensions><gpxtpx:TrackPointExtension><gpxtpx:hr>0</gpxtpx:hr></gpxtpx:TrackPointExtension></extensions></trkpt><trkpt lat="50.745895" lon="4.40139"><ele>138.5</ele><time>2025-11-13T11:56:50+01:00</time><extensions><gpxtpx:TrackPointExtension><gpxtpx:hr>0</gpxtpx:hr></gpxtpx:TrackPointExtension></extensions></trkpt><trkpt lat="50.745995" lon="4.401177"><ele>138.7998</ele><time>2025-11-13T11:56:55+01:00</time><extensions><gpxtpx:TrackPointExtension><gpxtpx:hr>0</gpxtpx:hr></gpxtpx:TrackPointExtension></extensions></trkpt><trkpt lat="50.746093" lon="4.401012"><ele>138.60059</ele><time>2025-11-13T11:57:00+01:00</time><extensions><gpxtpx:TrackPointExtension><gpxtpx:hr>0</gpxtpx:hr></gpxtpx:TrackPointExtension></extensions></trkpt><trkpt lat="50.7462" lon="4.400865"><ele>138.5</ele><time>2025-11-13T11:57:05+01:00</time><extensions><gpxtpx:TrackPointExtension><gpxtpx:hr>0</gpxtpx:hr></gpxtpx:TrackPointExtension></extensions></trkpt><trkpt lat="50.746303" lon="4.400665"><ele>138.40039</ele><time>2025-11-13T11:57:10+01:00</time><extensions><gpxtpx:TrackPointExtension><gpxtpx:hr>0</gpxtpx:hr></gpxtpx:TrackPointExtension></extensions></trkpt><trkpt lat="50.746267" lon="4.400413"><ele>137.2998</ele><time>2025-11-13T11:57:15+01:00</time><extensions><gpxtpx:TrackPointExtension><gpxtpx:hr>0</gpxtpx:hr></gpxtpx:TrackPointExtension></extensions></trkpt><trkpt lat="50.746168" lon="4.400195"><ele>136</ele><time>2025-11-13T11:57:20+01:00</time><extensions><gpxtpx:TrackPointExtension><gpxtpx:hr>0</gpxtpx:hr></gpxtpx:TrackPointExtension></extensions></trkpt><trkpt lat="50.746087" lon="4.39999"><ele>135.2998</ele><time>2025-11-13T11:57:25+01:00</time><extensions><gpxtpx:TrackPointExtension><gpxtpx:hr>0</gpxtpx:hr></gpxtpx:TrackPointExtension></extensions></trkpt><trkpt lat="50.746018" lon="4.399902"><ele>134.60059</ele><time>2025-11-13T11:57:30+01:00</time><extensions><gpxtpx:TrackPointExtension><gpxtpx:hr>0</gpxtpx:hr></gpxtpx:TrackPointExtension></extensions></trkpt><trkpt lat="50.74594" lon="4.399933"><ele>133.7998</ele><time>2025-11-13T11:57:35+01:00</time><extensions><gpxtpx:TrackPointExtension><gpxtpx:hr>0</gpxtpx:hr></gpxtpx:TrackPointExtension></extensions></trkpt><trkpt lat="50.745868" lon="4.400048"><ele>134.10059</ele><time>2025-11-13T11:57:40+01:00</time><extensions><gpxtpx:TrackPointExtension><gpxtpx:hr>0</gpxtpx:hr></gpxtpx:TrackPointExtension></extensions></trkpt><trkpt lat="50.745807" lon="4.400165"><ele>134.10059</ele><time>2025-11-13T11:57:45+01:00</time><extensions><gpxtpx:TrackPointExtension><gpxtpx:hr>0</gpxtpx:hr></gpxtpx:TrackPointExtension></extensions></trkpt><trkpt lat="50.745742" lon="4.40026"><ele>133.60059</ele><time>2025-11-13T11:57:50+01:00</time><extensions><gpxtpx:TrackPointExtension><gpxtpx:hr>0</gpxtpx:hr></gpxtpx:TrackPointExtension></extensions></trkpt><trkpt lat="50.745682" lon="4.400305"><ele>133.40039</ele><time>2025-11-13T11:57:55+01:00</time><extensions><gpxtpx:TrackPointExtension><gpxtpx:hr>0</gpxtpx:hr></gpxtpx:TrackPointExtension></extensions></trkpt><trkpt lat="50.745637" lon="4.400262"><ele>133.10059</ele><time>2025-11-13T11:58:00+01:00</time><extensions><gpxtpx:TrackPointExtension><gpxtpx:hr>0</gpxtpx:hr></gpxtpx:TrackPointExtension></extensions></trkpt><trkpt lat="50.745595" lon="4.400183"><ele>132.5</ele><time>2025-11-13T11:58:05+01:00</time><extensions><gpxtpx:TrackPointExtension><gpxtpx:hr>0</gpxtpx:hr></gpxtpx:TrackPointExtension></extensions></trkpt><trkpt lat="50.745518" lon="4.400093"><ele>131.40039</ele><time>2025-11-13T11:58:10+01:00</time><extensions><gpxtpx:TrackPointExtension><gpxtpx:hr>0</gpxtpx:hr></gpxtpx:TrackPointExtension></extensions></trkpt><trkpt lat="50.74543" lon="4.399977"><ele>130.7002</ele><time>2025-11-13T11:58:15+01:00</time><extensions><gpxtpx:TrackPointExtension><gpxtpx:hr>0</gpxtpx:hr></gpxtpx:TrackPointExtension></extensions></trkpt><trkpt lat="50.745337" lon="4.399862"><ele>129.40039</ele><time>2025-11-13T11:58:20+01:00</time><extensions><gpxtpx:TrackPointExtension><gpxtpx:hr>0</gpxtpx:hr></gpxtpx:TrackPointExtension></extensions></trkpt><trkpt lat="50.745248" lon="4.399747"><ele>127.90039</ele><time>2025-11-13T11:58:25+01:00</time><extensions><gpxtpx:TrackPointExtension><gpxtpx:hr>0</gpxtpx:hr></gpxtpx:TrackPointExtension></extensions></trkpt><trkpt lat="50.745182" lon="4.399667"><ele>127.40039</ele><time>2025-11-13T11:58:30+01:00</time><extensions><gpxtpx:TrackPointExtension><gpxtpx:hr>0</gpxtpx:hr></gpxtpx:TrackPointExtension></extensions></trkpt><trkpt lat="50.745132" lon="4.399603"><ele>127.200195</ele><time>2025-11-13T11:58:35+01:00</time><extensions><gpxtpx:TrackPointExtension><gpxtpx:hr>0</gpxtpx:hr></gpxtpx:TrackPointExtension></extensions></trkpt><trkpt lat="50.745098" lon="4.39951"><ele>127</ele><time>2025-11-13T11:58:40+01:00</time><extensions><gpxtpx:TrackPointExtension><gpxtpx:hr>0</gpxtpx:hr></gpxtpx:TrackPointExtension></extensions></trkpt><trkpt lat="50.745025" lon="4.399505"><ele>126.799805</ele><time>2025-11-13T11:58:45+01:00</time><extensions><gpxtpx:TrackPointExtension><gpxtpx:hr>0</gpxtpx:hr></gpxtpx:TrackPointExtension></extensions></trkpt><trkpt lat="50.74504" lon="4.399612"><ele>127.100586</ele><time>2025-11-13T11:58:50+01:00</time><extensions><gpxtpx:TrackPointExtension><gpxtpx:hr>0</gpxtpx:hr></gpxtpx:TrackPointExtension></extensions></trkpt><trkpt lat="50.745175" lon="4.399672"><ele>127.40039</ele><time>2025-11-13T11:58:55+01:00</time><extensions><gpxtpx:TrackPointExtension><gpxtpx:hr>0</gpxtpx:hr></gpxtpx:TrackPointExtension></extensions></trkpt><trkpt lat="50.745292" lon="4.399803"><ele>128.60059</ele><time>2025-11-13T11:59:00+01:00</time><extensions><gpxtpx:TrackPointExtension><gpxtpx:hr>0</gpxtpx:hr></gpxtpx:TrackPointExtension></extensions></trkpt><trkpt lat="50.74537" lon="4.399925"><ele>129.7998</ele><time>2025-11-13T11:59:05+01:00</time><extensions><gpxtpx:TrackPointExtension><gpxtpx:hr>0</gpxtpx:hr></gpxtpx:TrackPointExtension></extensions></trkpt><trkpt lat="50.745438" lon="4.400033"><ele>131</ele><time>2025-11-13T11:59:10+01:00</time><extensions><gpxtpx:TrackPointExtension><gpxtpx:hr>0</gpxtpx:hr></gpxtpx:TrackPointExtension></extensions></trkpt><trkpt lat="50.745498" lon="4.400125"><ele>131.7002</ele><time>2025-11-13T11:59:15+01:00</time><extensions><gpxtpx:TrackPointExtension><gpxtpx:hr>0</gpxtpx:hr></gpxtpx:TrackPointExtension></extensions></trkpt><trkpt lat="50.745568" lon="4.400225"><ele>132.40039</ele><time>2025-11-13T11:59:20+01:00</time><extensions><gpxtpx:TrackPointExtension><gpxtpx:hr>0</gpxtpx:hr></gpxtpx:TrackPointExtension></extensions></trkpt><trkpt lat="50.745623" lon="4.400268"><ele>132.7002</ele><time>2025-11-13T11:59:25+01:00</time><extensions><gpxtpx:TrackPointExtension><gpxtpx:hr>0</gpxtpx:hr></gpxtpx:TrackPointExtension></extensions></trkpt><trkpt lat="50.745708" lon="4.400232"><ele>133.60059</ele><time>2025-11-13T11:59:30+01:00</time><extensions><gpxtpx:TrackPointExtension><gpxtpx:hr>0</gpxtpx:hr></gpxtpx:TrackPointExtension></extensions></trkpt><trkpt lat="50.745763" lon="4.400153"><ele>133.7002</ele><time>2025-11-13T11:59:35+01:00</time><extensions><gpxtpx:TrackPointExtension><gpxtpx:hr>0</gpxtpx:hr></gpxtpx:TrackPointExtension></extensions></trkpt><trkpt lat="50.745808" lon="4.400025"><ele>133.7998</ele><time>2025-11-13T11:59:40+01:00</time><extensions><gpxtpx:TrackPointExtension><gpxtpx:hr>0</gpxtpx:hr></gpxtpx:TrackPointExtension></extensions></trkpt><trkpt lat="50.745885" lon="4.399915"><ele>133.40039</ele><time>2025-11-13T11:59:45+01:00</time><extensions><gpxtpx:TrackPointExtension><gpxtpx:hr>0</gpxtpx:hr></gpxtpx:TrackPointExtension></extensions></trkpt><trkpt lat="50.745965" lon="4.39988"><ele>134.2002</ele><time>2025-11-13T11:59:50+01:00</time><extensions><gpxtpx:TrackPointExtension><gpxtpx:hr>0</gpxtpx:hr></gpxtpx:TrackPointExtension></extensions></trkpt><trkpt lat="50.745993" lon="4.399902"><ele>134.2002</ele><time>2025-11-13T11:59:55+01:00</time><extensions><gpxtpx:TrackPointExtension><gpxtpx:hr>0</gpxtpx:hr></gpxtpx:TrackPointExtension></extensions></trkpt><trkpt lat="50.746018" lon="4.399962"><ele>134.90039</ele><time>2025-11-13T12:00:00+01:00</time><extensions><gpxtpx:TrackPointExtension><gpxtpx:hr>0</gpxtpx:hr></gpxtpx:TrackPointExtension></extensions></trkpt><trkpt lat="50.746092" lon="4.400073"><ele>135.5</ele><time>2025-11-13T12:00:05+01:00</time><extensions><gpxtpx:TrackPointExtension><gpxtpx:hr>0</gpxtpx:hr></gpxtpx:TrackPointExtension></extensions></trkpt><trkpt lat="50.746157" lon="4.40018"><ele>136</ele><time>2025-11-13T12:00:10+01:00</time><extensions><gpxtpx:TrackPointExtension><gpxtpx:hr>0</gpxtpx:hr></gpxtpx:TrackPointExtension></extensions></trkpt><trkpt lat="50.746223" lon="4.400267"><ele>136.5</ele><time>2025-11-13T12:00:15+01:00</time><extensions><gpxtpx:TrackPointExtension><gpxtpx:hr>0</gpxtpx:hr></gpxtpx:TrackPointExtension></extensions></trkpt><trkpt lat="50.746287" lon="4.400328"><ele>137.2998</ele><time>2025-11-13T12:00:20+01:00</time><extensions><gpxtpx:TrackPointExtension><gpxtpx:hr>0</gpxtpx:hr></gpxtpx:TrackPointExtension></extensions></trkpt><trkpt lat="50.746348" lon="4.400353"><ele>137.5</ele><time>2025-11-13T12:00:25+01:00</time><extensions><gpxtpx:TrackPointExtension><gpxtpx:hr>0</gpxtpx:hr></gpxtpx:TrackPointExtension></extensions></trkpt><trkpt lat="50.746387" lon="4.400375"><ele>137.7002</ele><time>2025-11-13T12:00:30+01:00</time><extensions><gpxtpx:TrackPointExtension><gpxtpx:hr>0</gpxtpx:hr></gpxtpx:TrackPointExtension></extensions></trkpt><trkpt lat="50.746423" lon="4.400443"><ele>137.90039</ele><time>2025-11-13T12:00:35+01:00</time><extensions><gpxtpx:TrackPointExtension><gpxtpx:hr>0</gpxtpx:hr></gpxtpx:TrackPointExtension></extensions></trkpt><trkpt lat="50.746477" lon="4.400528"><ele>138.40039</ele><time>2025-11-13T12:00:40+01:00</time><extensions><gpxtpx:TrackPointExtension><gpxtpx:hr>0</gpxtpx:hr></gpxtpx:TrackPointExtension></extensions></trkpt><trkpt lat="50.746573" lon="4.400643"><ele>139.10059</ele><time>2025-11-13T12:00:45+01:00</time><extensions><gpxtpx:TrackPointExtension><gpxtpx:hr>0</gpxtpx:hr></gpxtpx:TrackPointExtension></extensions></trkpt><trkpt lat="50.746645" lon="4.400752"><ele>139.40039</ele><time>2025-11-13T12:00:50+01:00</time><extensions><gpxtpx:TrackPointExtension><gpxtpx:hr>0</gpxtpx:hr></gpxtpx:TrackPointExtension></extensions></trkpt><trkpt lat="50.74671" lon="4.400843"><ele>139.7002</ele><time>2025-11-13T12:00:55+01:00</time><extensions><gpxtpx:TrackPointExtension><gpxtpx:hr>0</gpxtpx:hr></gpxtpx:TrackPointExtension></extensions></trkpt><trkpt lat="50.746795" lon="4.400968"><ele>139.7998</ele><time>2025-11-13T12:01:00+01:00</time><extensions><gpxtpx:TrackPointExtension><gpxtpx:hr>0</gpxtpx:hr></gpxtpx:TrackPointExtension></extensions></trkpt><trkpt lat="50.746857" lon="4.401057"><ele>140.10059</ele><time>2025-11-13T12:01:05+01:00</time><extensions><gpxtpx:TrackPointExtension><gpxtpx:hr>0</gpxtpx:hr></gpxtpx:TrackPointExtension></extensions></trkpt><trkpt lat="50.746908" lon="4.401162"><ele>140.10059</ele><time>2025-11-13T12:01:10+01:00</time><extensions><gpxtpx:TrackPointExtension><gpxtpx:hr>0</gpxtpx:hr></gpxtpx:TrackPointExtension></extensions></trkpt><trkpt lat="50.74701" lon="4.40128"><ele>139.90039</ele><time>2025-11-13T12:01:15+01:00</time><extensions><gpxtpx:TrackPointExtension><gpxtpx:hr>0</gpxtpx:hr></gpxtpx:TrackPointExtension></extensions></trkpt><trkpt lat="50.747103" lon="4.401442"><ele>139.7002</ele><time>2025-11-13T12:01:20+01:00</time><extensions><gpxtpx:TrackPointExtension><gpxtpx:hr>0</gpxtpx:hr></gpxtpx:TrackPointExtension></extensions></trkpt><trkpt lat="50.747237" lon="4.401588"><ele>139.2998</ele><time>2025-11-13T12:01:25+01:00</time><extensions><gpxtpx:TrackPointExtension><gpxtpx:hr>0</gpxtpx:hr></gpxtpx:TrackPointExtension></extensions></trkpt><trkpt lat="50.747443" lon="4.401788"><ele>138.40039</ele><time>2025-11-13T12:01:30+01:00</time><extensions><gpxtpx:TrackPointExtension><gpxtpx:hr>0</gpxtpx:hr></gpxtpx:TrackPointExtension></extensions></trkpt><trkpt lat="50.74763" lon="4.40196"><ele>137.7998</ele><time>2025-11-13T12:01:35+01:00</time><extensions><gpxtpx:TrackPointExtension><gpxtpx:hr>0</gpxtpx:hr></gpxtpx:TrackPointExtension></extensions></trkpt><trkpt lat="50.747772" lon="4.402178"><ele>137.2998</ele><time>2025-11-13T12:01:40+01:00</time><extensions><gpxtpx:TrackPointExtension><gpxtpx:hr>0</gpxtpx:hr></gpxtpx:TrackPointExtension></extensions></trkpt><trkpt lat="50.747927" lon="4.402433"><ele>136.7998</ele><time>2025-11-13T12:01:45+01:00</time><extensions><gpxtpx:TrackPointExtension><gpxtpx:hr>0</gpxtpx:hr></gpxtpx:TrackPointExtension></extensions></trkpt><trkpt lat="50.748118" lon="4.402702"><ele>136.2998</ele><time>2025-11-13T12:01:50+01:00</time><extensions><gpxtpx:TrackPointExtension><gpxtpx:hr>0</gpxtpx:hr></gpxtpx:TrackPointExtension></extensions></trkpt><trkpt lat="50.748312" lon="4.402967"><ele>135.10059</ele><time>2025-11-13T12:01:55+01:00</time><extensions><gpxtpx:TrackPointExtension><gpxtpx:hr>0</gpxtpx:hr></gpxtpx:TrackPointExtension></extensions></trkpt><trkpt lat="50.748473" lon="4.403203"><ele>134</ele><time>2025-11-13T12:02:00+01:00</time><extensions><gpxtpx:TrackPointExtension><gpxtpx:hr>0</gpxtpx:hr></gpxtpx:TrackPointExtension></extensions></trkpt><trkpt lat="50.748588" lon="4.403385"><ele>133.2002</ele><time>2025-11-13T12:02:05+01:00</time><extensions><gpxtpx:TrackPointExtension><gpxtpx:hr>0</gpxtpx:hr></gpxtpx:TrackPointExtension></extensions></trkpt><trkpt lat="50.748637" lon="4.40349"><ele>132.90039</ele><time>2025-11-13T12:02:10+01:00</time><extensions><gpxtpx:TrackPointExtension><gpxtpx:hr>0</gpxtpx:hr></gpxtpx:TrackPointExtension></extensions></trkpt><trkpt lat="50.748683" lon="4.403558"><ele>132.7002</ele><time>2025-11-13T12:02:15+01:00</time><extensions><gpxtpx:TrackPointExtension><gpxtpx:hr>0</gpxtpx:hr></gpxtpx:TrackPointExtension></extensions></trkpt><trkpt lat="50.748693" lon="4.403588"><ele>132.7002</ele><time>2025-11-13T12:02:20+01:00</time><extensions><gpxtpx:TrackPointExtension><gpxtpx:hr>0</gpxtpx:hr></gpxtpx:TrackPointExtension></extensions></trkpt><trkpt lat="50.748705" lon="4.403588"><ele>132.7002</ele><time>2025-11-13T12:02:25+01:00</time><extensions><gpxtpx:TrackPointExtension><gpxtpx:hr>0</gpxtpx:hr></gpxtpx:TrackPointExtension></extensions></trkpt><trkpt lat="50.748717" lon="4.403593"><ele>132.7002</ele><time>2025-11-13T12:02:30+01:00</time><extensions><gpxtpx:TrackPointExtension><gpxtpx:hr>0</gpxtpx:hr></gpxtpx:TrackPointExtension></extensions></trkpt><trkpt lat="50.748727" lon="4.4036"><ele>132.7002</ele><time>2025-11-13T12:02:35+01:00</time><extensions><gpxtpx:TrackPointExtension><gpxtpx:hr>0</gpxtpx:hr></gpxtpx:TrackPointExtension></extensions></trkpt><trkpt lat="50.748735" lon="4.403603"><ele>132.40039</ele><time>2025-11-13T12:02:40+01:00</time><extensions><gpxtpx:TrackPointExtension><gpxtpx:hr>0</gpxtpx:hr></gpxtpx:TrackPointExtension></extensions></trkpt><trkpt lat="50.748737" lon="4.4036"><ele>132.40039</ele><time>2025-11-13T12:02:45+01:00</time><extensions><gpxtpx:TrackPointExtension><gpxtpx:hr>0</gpxtpx:hr></gpxtpx:TrackPointExtension></extensions></trkpt><trkpt lat="50.748738" lon="4.403598"><ele>132.40039</ele><time>2025-11-13T12:02:50+01:00</time><extensions><gpxtpx:TrackPointExtension><gpxtpx:hr>0</gpxtpx:hr></gpxtpx:TrackPointExtension></extensions></trkpt><trkpt lat="50.748743" lon="4.4036"><ele>132.40039</ele><time>2025-11-13T12:02:55+01:00</time><extensions><gpxtpx:TrackPointExtension><gpxtpx:hr>0</gpxtpx:hr></gpxtpx:TrackPointExtension></extensions></trkpt><trkpt lat="50.748748" lon="4.403597"><ele>132.40039</ele><time>2025-11-13T12:03:00+01:00</time><extensions><gpxtpx:TrackPointExtension><gpxtpx:hr>0</gpxtpx:hr></gpxtpx:TrackPointExtension></extensions></trkpt><trkpt lat="50.748757" lon="4.403602"><ele>132.40039</ele><time>2025-11-13T12:03:05+01:00</time><extensions><gpxtpx:TrackPointExtension><gpxtpx:hr>0</gpxtpx:hr></gpxtpx:TrackPointExtension></extensions></trkpt><trkpt lat="50.748772" lon="4.403638"><ele>132.40039</ele><time>2025-11-13T12:03:10+01:00</time><extensions><gpxtpx:TrackPointExtension><gpxtpx:hr>0</gpxtpx:hr></gpxtpx:TrackPointExtension></extensions></trkpt><trkpt lat="50.748798" lon="4.403663"><ele>132.2002</ele><time>2025-11-13T12:03:15+01:00</time><extensions><gpxtpx:TrackPointExtension><gpxtpx:hr>0</gpxtpx:hr></gpxtpx:TrackPointExtension></extensions></trkpt><trkpt lat="50.748803" lon="4.403663"><ele>132.2002</ele><time>2025-11-13T12:03:20+01:00</time><extensions><gpxtpx:TrackPointExtension><gpxtpx:hr>0</gpxtpx:hr></gpxtpx:TrackPointExtension></extensions></trkpt><trkpt lat="50.748805" lon="4.403667"><ele>132.2002</ele><time>2025-11-13T12:03:25+01:00</time><extensions><gpxtpx:TrackPointExtension><gpxtpx:hr>0</gpxtpx:hr></gpxtpx:TrackPointExtension></extensions></trkpt><trkpt lat="50.748808" lon="4.403668"><ele>132.2002</ele><time>2025-11-13T12:03:30+01:00</time><extensions><gpxtpx:TrackPointExtension><gpxtpx:hr>0</gpxtpx:hr></gpxtpx:TrackPointExtension></extensions></trkpt><trkpt lat="50.748812" lon="4.403667"><ele>132.2002</ele><time>2025-11-13T12:03:35+01:00</time><extensions><gpxtpx:TrackPointExtension><gpxtpx:hr>0</gpxtpx:hr></gpxtpx:TrackPointExtension></extensions></trkpt><trkpt lat="50.748808" lon="4.403662"><ele>132.2002</ele><time>2025-11-13T12:03:40+01:00</time><extensions><gpxtpx:TrackPointExtension><gpxtpx:hr>0</gpxtpx:hr></gpxtpx:TrackPointExtension></extensions></trkpt><trkpt lat="50.748808" lon="4.403663"><ele>132.2002</ele><time>2025-11-13T12:03:45+01:00</time><extensions><gpxtpx:TrackPointExtension><gpxtpx:hr>0</gpxtpx:hr></gpxtpx:TrackPointExtension></extensions></trkpt><trkpt lat="50.748808" lon="4.403658"><ele>132.2002</ele><time>2025-11-13T12:03:50+01:00</time><extensions><gpxtpx:TrackPointExtension><gpxtpx:hr>0</gpxtpx:hr></gpxtpx:TrackPointExtension></extensions></trkpt><trkpt lat="50.748808" lon="4.403662"><ele>132.2002</ele><time>2025-11-13T12:03:55+01:00</time><extensions><gpxtpx:TrackPointExtension><gpxtpx:hr>0</gpxtpx:hr></gpxtpx:TrackPointExtension></extensions></trkpt><trkpt lat="50.748808" lon="4.403668"><ele>132.2002</ele><time>2025-11-13T12:04:00+01:00</time><extensions><gpxtpx:TrackPointExtension><gpxtpx:hr>0</gpxtpx:hr></gpxtpx:TrackPointExtension></extensions></trkpt><trkpt lat="50.748807" lon="4.403668"><ele>132.2002</ele><time>2025-11-13T12:04:05+01:00</time><extensions><gpxtpx:TrackPointExtension><gpxtpx:hr>0</gpxtpx:hr></gpxtpx:TrackPointExtension></extensions></trkpt><trkpt lat="50.748805" lon="4.403672"><ele>132.2002</ele><time>2025-11-13T12:04:10+01:00</time><extensions><gpxtpx:TrackPointExtension><gpxtpx:hr>0</gpxtpx:hr></gpxtpx:TrackPointExtension></extensions></trkpt><trkpt lat="50.74881" lon="4.403675"><ele>132.2002</ele><time>2025-11-13T12:04:15+01:00</time><extensions><gpxtpx:TrackPointExtension><gpxtpx:hr>0</gpxtpx:hr></gpxtpx:TrackPointExtension></extensions></trkpt><trkpt lat="50.748813" lon="4.403672"><ele>132.2002</ele><time>2025-11-13T12:04:20+01:00</time><extensions><gpxtpx:TrackPointExtension><gpxtpx:hr>0</gpxtpx:hr></gpxtpx:TrackPointExtension></extensions></trkpt><trkpt lat="50.748818" lon="4.40367"><ele>132.2002</ele><time>2025-11-13T12:04:25+01:00</time><extensions><gpxtpx:TrackPointExtension><gpxtpx:hr>0</gpxtpx:hr></gpxtpx:TrackPointExtension></extensions></trkpt><trkpt lat="50.74882" lon="4.403672"><ele>132.2002</ele><time>2025-11-13T12:04:30+01:00</time><extensions><gpxtpx:TrackPointExtension><gpxtpx:hr>0</gpxtpx:hr></gpxtpx:TrackPointExtension></extensions></trkpt><trkpt lat="50.748823" lon="4.40367"><ele>132.2002</ele><time>2025-11-13T12:04:35+01:00</time><extensions><gpxtpx:TrackPointExtension><gpxtpx:hr>0</gpxtpx:hr></gpxtpx:TrackPointExtension></extensions></trkpt><trkpt lat="50.748822" lon="4.403668"><ele>132.2002</ele><time>2025-11-13T12:04:40+01:00</time><extensions><gpxtpx:TrackPointExtension><gpxtpx:hr>0</gpxtpx:hr></gpxtpx:TrackPointExtension></extensions></trkpt><trkpt lat="50.748817" lon="4.403673"><ele>132.2002</ele><time>2025-11-13T12:04:45+01:00</time><extensions><gpxtpx:TrackPointExtension><gpxtpx:hr>0</gpxtpx:hr></gpxtpx:TrackPointExtension></extensions></trkpt><trkpt lat="50.748817" lon="4.403673"><ele>132.2002</ele><time>2025-11-13T12:04:50+01:00</time><extensions><gpxtpx:TrackPointExtension><gpxtpx:hr>0</gpxtpx:hr></gpxtpx:TrackPointExtension></extensions></trkpt><trkpt lat="50.748813" lon="4.403663"><ele>132.2002</ele><time>2025-11-13T12:04:55+01:00</time><extensions><gpxtpx:TrackPointExtension><gpxtpx:hr>0</gpxtpx:hr></gpxtpx:TrackPointExtension></extensions></trkpt><trkpt lat="50.748807" lon="4.403658"><ele>132.2002</ele><time>2025-11-13T12:05:00+01:00</time><extensions><gpxtpx:TrackPointExtension><gpxtpx:hr>0</gpxtpx:hr></gpxtpx:TrackPointExtension></extensions></trkpt><trkpt lat="50.748807" lon="4.403662"><ele>132.2002</ele><time>2025-11-13T12:05:05+01:00</time><extensions><gpxtpx:TrackPointExtension><gpxtpx:hr>0</gpxtpx:hr></gpxtpx:TrackPointExtension></extensions></trkpt><trkpt lat="50.748808" lon="4.403665"><ele>132.2002</ele><time>2025-11-13T12:05:10+01:00</time><extensions><gpxtpx:TrackPointExtension><gpxtpx:hr>0</gpxtpx:hr></gpxtpx:TrackPointExtension></extensions></trkpt><trkpt lat="50.748808" lon="4.403665"><ele>132.2002</ele><time>2025-11-13T12:05:15+01:00</time><extensions><gpxtpx:TrackPointExtension><gpxtpx:hr>0</gpxtpx:hr></gpxtpx:TrackPointExtension></extensions></trkpt><trkpt lat="50.748807" lon="4.403662"><ele>132.2002</ele><time>2025-11-13T12:05:20+01:00</time><extensions><gpxtpx:TrackPointExtension><gpxtpx:hr>0</gpxtpx:hr></gpxtpx:TrackPointExtension></extensions></trkpt><trkpt lat="50.74881" lon="4.403663"><ele>132.2002</ele><time>2025-11-13T12:05:25+01:00</time><extensions><gpxtpx:TrackPointExtension><gpxtpx:hr>0</gpxtpx:hr></gpxtpx:TrackPointExtension></extensions></trkpt><trkpt lat="50.748823" lon="4.403673"><ele>132.2002</ele><time>2025-11-13T12:05:30+01:00</time><extensions><gpxtpx:TrackPointExtension><gpxtpx:hr>0</gpxtpx:hr></gpxtpx:TrackPointExtension></extensions></trkpt><trkpt lat="50.748837" lon="4.403697"><ele>132.2002</ele><time>2025-11-13T12:05:35+01:00</time><extensions><gpxtpx:TrackPointExtension><gpxtpx:hr>0</gpxtpx:hr></gpxtpx:TrackPointExtension></extensions></trkpt><trkpt lat="50.748847" lon="4.403707"><ele>131.90039</ele><time>2025-11-13T12:05:40+01:00</time><extensions><gpxtpx:TrackPointExtension><gpxtpx:hr>0</gpxtpx:hr></gpxtpx:TrackPointExtension></extensions></trkpt><trkpt lat="50.748857" lon="4.403717"><ele>132</ele><time>2025-11-13T12:05:45+01:00</time><extensions><gpxtpx:TrackPointExtension><gpxtpx:hr>0</gpxtpx:hr></gpxtpx:TrackPointExtension></extensions></trkpt><trkpt lat="50.748872" lon="4.403723"><ele>132</ele><time>2025-11-13T12:05:50+01:00</time><extensions><gpxtpx:TrackPointExtension><gpxtpx:hr>0</gpxtpx:hr></gpxtpx:TrackPointExtension></extensions></trkpt><trkpt lat="50.74888" lon="4.403728"><ele>132</ele><time>2025-11-13T12:05:55+01:00</time><extensions><gpxtpx:TrackPointExtension><gpxtpx:hr>0</gpxtpx:hr></gpxtpx:TrackPointExtension></extensions></trkpt><trkpt lat="50.748885" lon="4.403735"><ele>132</ele><time>2025-11-13T12:06:00+01:00</time><extensions><gpxtpx:TrackPointExtension><gpxtpx:hr>0</gpxtpx:hr></gpxtpx:TrackPointExtension></extensions></trkpt><trkpt lat="50.748893" lon="4.403738"><ele>132</ele><time>2025-11-13T12:06:05+01:00</time><extensions><gpxtpx:TrackPointExtension><gpxtpx:hr>0</gpxtpx:hr></gpxtpx:TrackPointExtension></extensions></trkpt><trkpt lat="50.748895" lon="4.403742"><ele>131.7998</ele><time>2025-11-13T12:06:10+01:00</time><extensions><gpxtpx:TrackPointExtension><gpxtpx:hr>0</gpxtpx:hr></gpxtpx:TrackPointExtension></extensions></trkpt><trkpt lat="50.7489" lon="4.403743"><ele>131.7998</ele><time>2025-11-13T12:06:15+01:00</time><extensions><gpxtpx:TrackPointExtension><gpxtpx:hr>0</gpxtpx:hr></gpxtpx:TrackPointExtension></extensions></trkpt><trkpt lat="50.748908" lon="4.403752"><ele>131.7998</ele><time>2025-11-13T12:06:20+01:00</time><extensions><gpxtpx:TrackPointExtension><gpxtpx:hr>0</gpxtpx:hr></gpxtpx:TrackPointExtension></extensions></trkpt><trkpt lat="50.74891" lon="4.403753"><ele>131.7998</ele><time>2025-11-13T12:06:25+01:00</time><extensions><gpxtpx:TrackPointExtension><gpxtpx:hr>0</gpxtpx:hr></gpxtpx:TrackPointExtension></extensions></trkpt><trkpt lat="50.748913" lon="4.403757"><ele>131.7998</ele><time>2025-11-13T12:06:30+01:00</time><extensions><gpxtpx:TrackPointExtension><gpxtpx:hr>0</gpxtpx:hr></gpxtpx:TrackPointExtension></extensions></trkpt><trkpt lat="50.749153" lon="4.40417"><ele>131</ele><time>2025-11-13T12:06:35+01:00</time><extensions><gpxtpx:TrackPointExtension><gpxtpx:hr>0</gpxtpx:hr></gpxtpx:TrackPointExtension></extensions></trkpt><trkpt lat="50.74925" lon="4.40426"><ele>130.5</ele><time>2025-11-13T12:06:40+01:00</time><extensions><gpxtpx:TrackPointExtension><gpxtpx:hr>0</gpxtpx:hr></gpxtpx:TrackPointExtension></extensions></trkpt><trkpt lat="50.749323" lon="4.404363"><ele>130.10059</ele><time>2025-11-13T12:06:45+01:00</time><extensions><gpxtpx:TrackPointExtension><gpxtpx:hr>0</gpxtpx:hr></gpxtpx:TrackPointExtension></extensions></trkpt><trkpt lat="50.749417" lon="4.404498"><ele>129.10059</ele><time>2025-11-13T12:06:50+01:00</time><extensions><gpxtpx:TrackPointExtension><gpxtpx:hr>0</gpxtpx:hr></gpxtpx:TrackPointExtension></extensions></trkpt><trkpt lat="50.749523" lon="4.404598"><ele>128.10059</ele><time>2025-11-13T12:06:55+01:00</time><extensions><gpxtpx:TrackPointExtension><gpxtpx:hr>0</gpxtpx:hr></gpxtpx:TrackPointExtension></extensions></trkpt><trkpt lat="50.749608" lon="4.404685"><ele>127.100586</ele><time>2025-11-13T12:07:00+01:00</time><extensions><gpxtpx:TrackPointExtension><gpxtpx:hr>0</gpxtpx:hr></gpxtpx:TrackPointExtension></extensions></trkpt><trkpt lat="50.749628" lon="4.404742"><ele>127.100586</ele><time>2025-11-13T12:07:05+01:00</time><extensions><gpxtpx:TrackPointExtension><gpxtpx:hr>0</gpxtpx:hr></gpxtpx:TrackPointExtension></extensions></trkpt><trkpt lat="50.749658" lon="4.404768"><ele>126.5</ele><time>2025-11-13T12:07:10+01:00</time><extensions><gpxtpx:TrackPointExtension><gpxtpx:hr>0</gpxtpx:hr></gpxtpx:TrackPointExtension></extensions></trkpt><trkpt lat="50.749708" lon="4.40479"><ele>126</ele><time>2025-11-13T12:07:15+01:00</time><extensions><gpxtpx:TrackPointExtension><gpxtpx:hr>0</gpxtpx:hr></gpxtpx:TrackPointExtension></extensions></trkpt><trkpt lat="50.749737" lon="4.404805"><ele>126</ele><time>2025-11-13T12:07:20+01:00</time><extensions><gpxtpx:TrackPointExtension><gpxtpx:hr>0</gpxtpx:hr></gpxtpx:TrackPointExtension></extensions></trkpt><trkpt lat="50.749767" lon="4.404837"><ele>125.200195</ele><time>2025-11-13T12:07:25+01:00</time><extensions><gpxtpx:TrackPointExtension><gpxtpx:hr>0</gpxtpx:hr></gpxtpx:TrackPointExtension></extensions></trkpt><trkpt lat="50.749797" lon="4.404848"><ele>125.200195</ele><time>2025-11-13T12:07:30+01:00</time><extensions><gpxtpx:TrackPointExtension><gpxtpx:hr>0</gpxtpx:hr></gpxtpx:TrackPointExtension></extensions></trkpt><trkpt lat="50.749843" lon="4.404815"><ele>124.90039</ele><time>2025-11-13T12:07:35+01:00</time><extensions><gpxtpx:TrackPointExtension><gpxtpx:hr>0</gpxtpx:hr></gpxtpx:TrackPointExtension></extensions></trkpt><trkpt lat="50.74988" lon="4.40481"><ele>124.5</ele><time>2025-11-13T12:07:40+01:00</time><extensions><gpxtpx:TrackPointExtension><gpxtpx:hr>0</gpxtpx:hr></gpxtpx:TrackPointExtension></extensions></trkpt><trkpt lat="50.749887" lon="4.404815"><ele>124.5</ele><time>2025-11-13T12:07:45+01:00</time><extensions><gpxtpx:TrackPointExtension><gpxtpx:hr>0</gpxtpx:hr></gpxtpx:TrackPointExtension></extensions></trkpt><trkpt lat="50.749887" lon="4.404812"><ele>124.5</ele><time>2025-11-13T12:07:50+01:00</time><extensions><gpxtpx:TrackPointExtension><gpxtpx:hr>0</gpxtpx:hr></gpxtpx:TrackPointExtension></extensions></trkpt><trkpt lat="50.749883" lon="4.404807"><ele>124.5</ele><time>2025-11-13T12:07:55+01:00</time><extensions><gpxtpx:TrackPointExtension><gpxtpx:hr>0</gpxtpx:hr></gpxtpx:TrackPointExtension></extensions></trkpt><trkpt lat="50.74989" lon="4.404802"><ele>124.5</ele><time>2025-11-13T12:08:00+01:00</time><extensions><gpxtpx:TrackPointExtension><gpxtpx:hr>0</gpxtpx:hr></gpxtpx:TrackPointExtension></extensions></trkpt><trkpt lat="50.749895" lon="4.404742"><ele>124.799805</ele><time>2025-11-13T12:08:05+01:00</time><extensions><gpxtpx:TrackPointExtension><gpxtpx:hr>0</gpxtpx:hr></gpxtpx:TrackPointExtension></extensions></trkpt><trkpt lat="50.749908" lon="4.404683"><ele>124.799805</ele><time>2025-11-13T12:08:10+01:00</time><extensions><gpxtpx:TrackPointExtension><gpxtpx:hr>0</gpxtpx:hr></gpxtpx:TrackPointExtension></extensions></trkpt><trkpt lat="50.749902" lon="4.40464"><ele>125.100586</ele><time>2025-11-13T12:08:15+01:00</time><extensions><gpxtpx:TrackPointExtension><gpxtpx:hr>0</gpxtpx:hr></gpxtpx:TrackPointExtension></extensions></trkpt><trkpt lat="50.749902" lon="4.40461"><ele>125.100586</ele><time>2025-11-13T12:08:20+01:00</time><extensions><gpxtpx:TrackPointExtension><gpxtpx:hr>0</gpxtpx:hr></gpxtpx:TrackPointExtension></extensions></trkpt><trkpt lat="50.74992" lon="4.404558"><ele>125.299805</ele><time>2025-11-13T12:08:25+01:00</time><extensions><gpxtpx:TrackPointExtension><gpxtpx:hr>0</gpxtpx:hr></gpxtpx:TrackPointExtension></extensions></trkpt><trkpt lat="50.749955" lon="4.404508"><ele>125.200195</ele><time>2025-11-13T12:08:30+01:00</time><extensions><gpxtpx:TrackPointExtension><gpxtpx:hr>0</gpxtpx:hr></gpxtpx:TrackPointExtension></extensions></trkpt><trkpt lat="50.749992" lon="4.40444"><ele>125.40039</ele><time>2025-11-13T12:08:35+01:00</time><extensions><gpxtpx:TrackPointExtension><gpxtpx:hr>0</gpxtpx:hr></gpxtpx:TrackPointExtension></extensions></trkpt><trkpt lat="50.750032" lon="4.404348"><ele>125.799805</ele><time>2025-11-13T12:08:40+01:00</time><extensions><gpxtpx:TrackPointExtension><gpxtpx:hr>0</gpxtpx:hr></gpxtpx:TrackPointExtension></extensions></trkpt><trkpt lat="50.750068" lon="4.404242"><ele>126</ele><time>2025-11-13T12:08:45+01:00</time><extensions><gpxtpx:TrackPointExtension><gpxtpx:hr>0</gpxtpx:hr></gpxtpx:TrackPointExtension></extensions></trkpt><trkpt lat="50.750097" lon="4.404092"><ele>126.5</ele><time>2025-11-13T12:08:50+01:00</time><extensions><gpxtpx:TrackPointExtension><gpxtpx:hr>0</gpxtpx:hr></gpxtpx:TrackPointExtension></extensions></trkpt><trkpt lat="50.750132" lon="4.403967"><ele>127.100586</ele><time>2025-11-13T12:08:55+01:00</time><extensions><gpxtpx:TrackPointExtension><gpxtpx:hr>0</gpxtpx:hr></gpxtpx:TrackPointExtension></extensions></trkpt><trkpt lat="50.750152" lon="4.403858"><ele>127.299805</ele><time>2025-11-13T12:09:00+01:00</time><extensions><gpxtpx:TrackPointExtension><gpxtpx:hr>0</gpxtpx:hr></gpxtpx:TrackPointExtension></extensions></trkpt><trkpt lat="50.75014" lon="4.403752"><ele>127.700195</ele><time>2025-11-13T12:09:05+01:00</time><extensions><gpxtpx:TrackPointExtension><gpxtpx:hr>0</gpxtpx:hr></gpxtpx:TrackPointExtension></extensions></trkpt><trkpt lat="50.750152" lon="4.403675"><ele>127.90039</ele><time>2025-11-13T12:09:10+01:00</time><extensions><gpxtpx:TrackPointExtension><gpxtpx:hr>0</gpxtpx:hr></gpxtpx:TrackPointExtension></extensions></trkpt><trkpt lat="50.750168" lon="4.403585"><ele>128.2002</ele><time>2025-11-13T12:09:15+01:00</time><extensions><gpxtpx:TrackPointExtension><gpxtpx:hr>0</gpxtpx:hr></gpxtpx:TrackPointExtension></extensions></trkpt><trkpt lat="50.75017" lon="4.40345"><ele>128.90039</ele><time>2025-11-13T12:09:20+01:00</time><extensions><gpxtpx:TrackPointExtension><gpxtpx:hr>0</gpxtpx:hr></gpxtpx:TrackPointExtension></extensions></trkpt><trkpt lat="50.750148" lon="4.403332"><ele>129.10059</ele><time>2025-11-13T12:09:25+01:00</time><extensions><gpxtpx:TrackPointExtension><gpxtpx:hr>0</gpxtpx:hr></gpxtpx:TrackPointExtension></extensions></trkpt><trkpt lat="50.750123" lon="4.403228"><ele>129.40039</ele><time>2025-11-13T12:09:30+01:00</time><extensions><gpxtpx:TrackPointExtension><gpxtpx:hr>0</gpxtpx:hr></gpxtpx:TrackPointExtension></extensions></trkpt><trkpt lat="50.750098" lon="4.403125"><ele>129.7002</ele><time>2025-11-13T12:09:35+01:00</time><extensions><gpxtpx:TrackPointExtension><gpxtpx:hr>0</gpxtpx:hr></gpxtpx:TrackPointExtension></extensions></trkpt><trkpt lat="50.750082" lon="4.403002"><ele>130.10059</ele><time>2025-11-13T12:09:40+01:00</time><extensions><gpxtpx:TrackPointExtension><gpxtpx:hr>0</gpxtpx:hr></gpxtpx:TrackPointExtension></extensions></trkpt><trkpt lat="50.750083" lon="4.402898"><ele>130.2998</ele><time>2025-11-13T12:09:45+01:00</time><extensions><gpxtpx:TrackPointExtension><gpxtpx:hr>0</gpxtpx:hr></gpxtpx:TrackPointExtension></extensions></trkpt><trkpt lat="50.75005" lon="4.4028"><ele>130.5</ele><time>2025-11-13T12:09:50+01:00</time><extensions><gpxtpx:TrackPointExtension><gpxtpx:hr>0</gpxtpx:hr></gpxtpx:TrackPointExtension></extensions></trkpt><trkpt lat="50.749985" lon="4.402705"><ele>130.7002</ele><time>2025-11-13T12:09:55+01:00</time><extensions><gpxtpx:TrackPointExtension><gpxtpx:hr>0</gpxtpx:hr></gpxtpx:TrackPointExtension></extensions></trkpt><trkpt lat="50.749928" lon="4.402618"><ele>131</ele><time>2025-11-13T12:10:00+01:00</time><extensions><gpxtpx:TrackPointExtension><gpxtpx:hr>0</gpxtpx:hr></gpxtpx:TrackPointExtension></extensions></trkpt><trkpt lat="50.749857" lon="4.402528"><ele>131.40039</ele><time>2025-11-13T12:10:05+01:00</time><extensions><gpxtpx:TrackPointExtension><gpxtpx:hr>0</gpxtpx:hr></gpxtpx:TrackPointExtension></extensions></trkpt><trkpt lat="50.749793" lon="4.40242"><ele>131.90039</ele><time>2025-11-13T12:10:10+01:00</time><extensions><gpxtpx:TrackPointExtension><gpxtpx:hr>0</gpxtpx:hr></gpxtpx:TrackPointExtension></extensions></trkpt><trkpt lat="50.749707" lon="4.402303"><ele>132.2998</ele><time>2025-11-13T12:10:15+01:00</time><extensions><gpxtpx:TrackPointExtension><gpxtpx:hr>0</gpxtpx:hr></gpxtpx:TrackPointExtension></extensions></trkpt><trkpt lat="50.74963" lon="4.4022"><ele>132.5</ele><time>2025-11-13T12:10:20+01:00</time><extensions><gpxtpx:TrackPointExtension><gpxtpx:hr>0</gpxtpx:hr></gpxtpx:TrackPointExtension></extensions></trkpt><trkpt lat="50.749538" lon="4.402103"><ele>132.7998</ele><time>2025-11-13T12:10:25+01:00</time><extensions><gpxtpx:TrackPointExtension><gpxtpx:hr>0</gpxtpx:hr></gpxtpx:TrackPointExtension></extensions></trkpt><trkpt lat="50.749448" lon="4.40198"><ele>133.2002</ele><time>2025-11-13T12:10:30+01:00</time><extensions><gpxtpx:TrackPointExtension><gpxtpx:hr>0</gpxtpx:hr></gpxtpx:TrackPointExtension></extensions></trkpt><trkpt lat="50.749325" lon="4.401818"><ele>133.90039</ele><time>2025-11-13T12:10:35+01:00</time><extensions><gpxtpx:TrackPointExtension><gpxtpx:hr>0</gpxtpx:hr></gpxtpx:TrackPointExtension></extensions></trkpt><trkpt lat="50.749207" lon="4.401678"><ele>134.2998</ele><time>2025-11-13T12:10:40+01:00</time><extensions><gpxtpx:TrackPointExtension><gpxtpx:hr>0</gpxtpx:hr></gpxtpx:TrackPointExtension></extensions></trkpt><trkpt lat="50.749102" lon="4.40158"><ele>134.7002</ele><time>2025-11-13T12:10:45+01:00</time><extensions><gpxtpx:TrackPointExtension><gpxtpx:hr>0</gpxtpx:hr></gpxtpx:TrackPointExtension></extensions></trkpt><trkpt lat="50.748993" lon="4.401465"><ele>135.10059</ele><time>2025-11-13T12:10:50+01:00</time><extensions><gpxtpx:TrackPointExtension><gpxtpx:hr>0</gpxtpx:hr></gpxtpx:TrackPointExtension></extensions></trkpt><trkpt lat="50.748883" lon="4.40136"><ele>135.5</ele><time>2025-11-13T12:10:55+01:00</time><extensions><gpxtpx:TrackPointExtension><gpxtpx:hr>0</gpxtpx:hr></gpxtpx:TrackPointExtension></extensions></trkpt><trkpt lat="50.748792" lon="4.401277"><ele>135.7002</ele><time>2025-11-13T12:11:00+01:00</time><extensions><gpxtpx:TrackPointExtension><gpxtpx:hr>0</gpxtpx:hr></gpxtpx:TrackPointExtension></extensions></trkpt><trkpt lat="50.748715" lon="4.401162"><ele>136.2002</ele><time>2025-11-13T12:11:05+01:00</time><extensions><gpxtpx:TrackPointExtension><gpxtpx:hr>0</gpxtpx:hr></gpxtpx:TrackPointExtension></extensions></trkpt><trkpt lat="50.74863" lon="4.401"><ele>136.60059</ele><time>2025-11-13T12:11:10+01:00</time><extensions><gpxtpx:TrackPointExtension><gpxtpx:hr>0</gpxtpx:hr></gpxtpx:TrackPointExtension></extensions></trkpt><trkpt lat="50.748542" lon="4.400858"><ele>137.2998</ele><time>2025-11-13T12:11:15+01:00</time><extensions><gpxtpx:TrackPointExtension><gpxtpx:hr>0</gpxtpx:hr></gpxtpx:TrackPointExtension></extensions></trkpt><trkpt lat="50.748412" lon="4.400695"><ele>137.90039</ele><time>2025-11-13T12:11:20+01:00</time><extensions><gpxtpx:TrackPointExtension><gpxtpx:hr>0</gpxtpx:hr></gpxtpx:TrackPointExtension></extensions></trkpt><trkpt lat="50.74828" lon="4.400513"><ele>138.7998</ele><time>2025-11-13T12:11:25+01:00</time><extensions><gpxtpx:TrackPointExtension><gpxtpx:hr>0</gpxtpx:hr></gpxtpx:TrackPointExtension></extensions></trkpt><trkpt lat="50.74818" lon="4.400358"><ele>139.2002</ele><time>2025-11-13T12:11:30+01:00</time><extensions><gpxtpx:TrackPointExtension><gpxtpx:hr>0</gpxtpx:hr></gpxtpx:TrackPointExtension></extensions></trkpt><trkpt lat="50.74807" lon="4.400202"><ele>139.40039</ele><time>2025-11-13T12:11:35+01:00</time><extensions><gpxtpx:TrackPointExtension><gpxtpx:hr>0</gpxtpx:hr></gpxtpx:TrackPointExtension></extensions></trkpt><trkpt lat="50.747957" lon="4.400017"><ele>139.60059</ele><time>2025-11-13T12:11:40+01:00</time><extensions><gpxtpx:TrackPointExtension><gpxtpx:hr>0</gpxtpx:hr></gpxtpx:TrackPointExtension></extensions></trkpt><trkpt lat="50.747867" lon="4.399812"><ele>139.60059</ele><time>2025-11-13T12:11:45+01:00</time><extensions><gpxtpx:TrackPointExtension><gpxtpx:hr>0</gpxtpx:hr></gpxtpx:TrackPointExtension></extensions></trkpt><trkpt lat="50.74775" lon="4.399617"><ele>139.40039</ele><time>2025-11-13T12:11:50+01:00</time><extensions><gpxtpx:TrackPointExtension><gpxtpx:hr>0</gpxtpx:hr></gpxtpx:TrackPointExtension></extensions></trkpt><trkpt lat="50.74762" lon="4.399467"><ele>139.2998</ele><time>2025-11-13T12:11:55+01:00</time><extensions><gpxtpx:TrackPointExtension><gpxtpx:hr>0</gpxtpx:hr></gpxtpx:TrackPointExtension></extensions></trkpt><trkpt lat="50.747477" lon="4.399327"><ele>139</ele><time>2025-11-13T12:12:00+01:00</time><extensions><gpxtpx:TrackPointExtension><gpxtpx:hr>0</gpxtpx:hr></gpxtpx:TrackPointExtension></extensions></trkpt><trkpt lat="50.747358" lon="4.39921"><ele>138.7002</ele><time>2025-11-13T12:12:05+01:00</time><extensions><gpxtpx:TrackPointExtension><gpxtpx:hr>0</gpxtpx:hr></gpxtpx:TrackPointExtension></extensions></trkpt><trkpt lat="50.74729" lon="4.399035"><ele>138.10059</ele><time>2025-11-13T12:12:10+01:00</time><extensions><gpxtpx:TrackPointExtension><gpxtpx:hr>0</gpxtpx:hr></gpxtpx:TrackPointExtension></extensions></trkpt><trkpt lat="50.747312" lon="4.398953"><ele>137.7998</ele><time>2025-11-13T12:12:15+01:00</time><extensions><gpxtpx:TrackPointExtension><gpxtpx:hr>0</gpxtpx:hr></gpxtpx:TrackPointExtension></extensions></trkpt><trkpt lat="50.747347" lon="4.398843"><ele>137.7998</ele><time>2025-11-13T12:12:20+01:00</time><extensions><gpxtpx:TrackPointExtension><gpxtpx:hr>0</gpxtpx:hr></gpxtpx:TrackPointExtension></extensions></trkpt><trkpt lat="50.747385" lon="4.39873"><ele>137.2998</ele><time>2025-11-13T12:12:25+01:00</time><extensions><gpxtpx:TrackPointExtension><gpxtpx:hr>0</gpxtpx:hr></gpxtpx:TrackPointExtension></extensions></trkpt><trkpt lat="50.747442" lon="4.398585"><ele>137.2002</ele><time>2025-11-13T12:12:30+01:00</time><extensions><gpxtpx:TrackPointExtension><gpxtpx:hr>0</gpxtpx:hr></gpxtpx:TrackPointExtension></extensions></trkpt><trkpt lat="50.747508" lon="4.398468"><ele>136.5</ele><time>2025-11-13T12:12:35+01:00</time><extensions><gpxtpx:TrackPointExtension><gpxtpx:hr>0</gpxtpx:hr></gpxtpx:TrackPointExtension></extensions></trkpt><trkpt lat="50.74756" lon="4.398328"><ele>136.5</ele><time>2025-11-13T12:12:40+01:00</time><extensions><gpxtpx:TrackPointExtension><gpxtpx:hr>0</gpxtpx:hr></gpxtpx:TrackPointExtension></extensions></trkpt><trkpt lat="50.747643" lon="4.398148"><ele>136.5</ele><time>2025-11-13T12:12:45+01:00</time><extensions><gpxtpx:TrackPointExtension><gpxtpx:hr>0</gpxtpx:hr></gpxtpx:TrackPointExtension></extensions></trkpt><trkpt lat="50.747705" lon="4.39799"><ele>136.90039</ele><time>2025-11-13T12:12:50+01:00</time><extensions><gpxtpx:TrackPointExtension><gpxtpx:hr>0</gpxtpx:hr></gpxtpx:TrackPointExtension></extensions></trkpt><trkpt lat="50.74779" lon="4.397828"><ele>136.7998</ele><time>2025-11-13T12:12:55+01:00</time><extensions><gpxtpx:TrackPointExtension><gpxtpx:hr>0</gpxtpx:hr></gpxtpx:TrackPointExtension></extensions></trkpt><trkpt lat="50.747883" lon="4.397682"><ele>137.10059</ele><time>2025-11-13T12:13:00+01:00</time><extensions><gpxtpx:TrackPointExtension><gpxtpx:hr>0</gpxtpx:hr></gpxtpx:TrackPointExtension></extensions></trkpt><trkpt lat="50.747982" lon="4.397523"><ele>136.90039</ele><time>2025-11-13T12:13:05+01:00</time><extensions><gpxtpx:TrackPointExtension><gpxtpx:hr>0</gpxtpx:hr></gpxtpx:TrackPointExtension></extensions></trkpt><trkpt lat="50.748062" lon="4.397353"><ele>136.2002</ele><time>2025-11-13T12:13:10+01:00</time><extensions><gpxtpx:TrackPointExtension><gpxtpx:hr>0</gpxtpx:hr></gpxtpx:TrackPointExtension></extensions></trkpt><trkpt lat="50.748158" lon="4.397203"><ele>136.40039</ele><time>2025-11-13T12:13:15+01:00</time><extensions><gpxtpx:TrackPointExtension><gpxtpx:hr>0</gpxtpx:hr></gpxtpx:TrackPointExtension></extensions></trkpt><trkpt lat="50.748242" lon="4.39707"><ele>136.40039</ele><time>2025-11-13T12:13:20+01:00</time><extensions><gpxtpx:TrackPointExtension><gpxtpx:hr>0</gpxtpx:hr></gpxtpx:TrackPointExtension></extensions></trkpt><trkpt lat="50.748317" lon="4.396883"><ele>136.10059</ele><time>2025-11-13T12:13:25+01:00</time><extensions><gpxtpx:TrackPointExtension><gpxtpx:hr>0</gpxtpx:hr></gpxtpx:TrackPointExtension></extensions></trkpt><trkpt lat="50.7484" lon="4.396717"><ele>135.5</ele><time>2025-11-13T12:13:30+01:00</time><extensions><gpxtpx:TrackPointExtension><gpxtpx:hr>0</gpxtpx:hr></gpxtpx:TrackPointExtension></extensions></trkpt><trkpt lat="50.74848" lon="4.396577"><ele>135.2002</ele><time>2025-11-13T12:13:35+01:00</time><extensions><gpxtpx:TrackPointExtension><gpxtpx:hr>0</gpxtpx:hr></gpxtpx:TrackPointExtension></extensions></trkpt><trkpt lat="50.748545" lon="4.396423"><ele>135.40039</ele><time>2025-11-13T12:13:40+01:00</time><extensions><gpxtpx:TrackPointExtension><gpxtpx:hr>0</gpxtpx:hr></gpxtpx:TrackPointExtension></extensions></trkpt><trkpt lat="50.748607" lon="4.39622"><ele>134.90039</ele><time>2025-11-13T12:13:45+01:00</time><extensions><gpxtpx:TrackPointExtension><gpxtpx:hr>0</gpxtpx:hr></gpxtpx:TrackPointExtension></extensions></trkpt><trkpt lat="50.748673" lon="4.396007"><ele>134.60059</ele><time>2025-11-13T12:13:50+01:00</time><extensions><gpxtpx:TrackPointExtension><gpxtpx:hr>0</gpxtpx:hr></gpxtpx:TrackPointExtension></extensions></trkpt><trkpt lat="50.748715" lon="4.395882"><ele>134.10059</ele><time>2025-11-13T12:13:55+01:00</time><extensions><gpxtpx:TrackPointExtension><gpxtpx:hr>0</gpxtpx:hr></gpxtpx:TrackPointExtension></extensions></trkpt><trkpt lat="50.748717" lon="4.395862"><ele>134.10059</ele><time>2025-11-13T12:14:00+01:00</time><extensions><gpxtpx:TrackPointExtension><gpxtpx:hr>0</gpxtpx:hr></gpxtpx:TrackPointExtension></extensions></trkpt><trkpt lat="50.74873" lon="4.395913"><ele>134.60059</ele><time>2025-11-13T12:14:05+01:00</time><extensions><gpxtpx:TrackPointExtension><gpxtpx:hr>0</gpxtpx:hr></gpxtpx:TrackPointExtension></extensions></trkpt><trkpt lat="50.748753" lon="4.396032"><ele>135.40039</ele><time>2025-11-13T12:14:10+01:00</time><extensions><gpxtpx:TrackPointExtension><gpxtpx:hr>0</gpxtpx:hr></gpxtpx:TrackPointExtension></extensions></trkpt><trkpt lat="50.748772" lon="4.396172"><ele>136.10059</ele><time>2025-11-13T12:14:15+01:00</time><extensions><gpxtpx:TrackPointExtension><gpxtpx:hr>0</gpxtpx:hr></gpxtpx:TrackPointExtension></extensions></trkpt><trkpt lat="50.748807" lon="4.396362"><ele>137.10059</ele><time>2025-11-13T12:14:20+01:00</time><extensions><gpxtpx:TrackPointExtension><gpxtpx:hr>0</gpxtpx:hr></gpxtpx:TrackPointExtension></extensions></trkpt><trkpt lat="50.748812" lon="4.396532"><ele>137.7002</ele><time>2025-11-13T12:14:25+01:00</time><extensions><gpxtpx:TrackPointExtension><gpxtpx:hr>0</gpxtpx:hr></gpxtpx:TrackPointExtension></extensions></trkpt><trkpt lat="50.748845" lon="4.396698"><ele>138.7998</ele><time>2025-11-13T12:14:30+01:00</time><extensions><gpxtpx:TrackPointExtension><gpxtpx:hr>0</gpxtpx:hr></gpxtpx:TrackPointExtension></extensions></trkpt><trkpt lat="50.74886" lon="4.396888"><ele>139.2002</ele><time>2025-11-13T12:14:35+01:00</time><extensions><gpxtpx:TrackPointExtension><gpxtpx:hr>0</gpxtpx:hr></gpxtpx:TrackPointExtension></extensions></trkpt><trkpt lat="50.748903" lon="4.397088"><ele>139.7998</ele><time>2025-11-13T12:14:40+01:00</time><extensions><gpxtpx:TrackPointExtension><gpxtpx:hr>0</gpxtpx:hr></gpxtpx:TrackPointExtension></extensions></trkpt><trkpt lat="50.749005" lon="4.397302"><ele>140.2998</ele><time>2025-11-13T12:14:45+01:00</time><extensions><gpxtpx:TrackPointExtension><gpxtpx:hr>0</gpxtpx:hr></gpxtpx:TrackPointExtension></extensions></trkpt><trkpt lat="50.749067" lon="4.397508"><ele>140.2002</ele><time>2025-11-13T12:14:50+01:00</time><extensions><gpxtpx:TrackPointExtension><gpxtpx:hr>0</gpxtpx:hr></gpxtpx:TrackPointExtension></extensions></trkpt><trkpt lat="50.74916" lon="4.397748"><ele>139.7998</ele><time>2025-11-13T12:14:55+01:00</time><extensions><gpxtpx:TrackPointExtension><gpxtpx:hr>0</gpxtpx:hr></gpxtpx:TrackPointExtension></extensions></trkpt><trkpt lat="50.74927" lon="4.398052"><ele>139</ele><time>2025-11-13T12:15:00+01:00</time><extensions><gpxtpx:TrackPointExtension><gpxtpx:hr>0</gpxtpx:hr></gpxtpx:TrackPointExtension></extensions></trkpt><trkpt lat="50.74943" lon="4.398342"><ele>138.10059</ele><time>2025-11-13T12:15:05+01:00</time><extensions><gpxtpx:TrackPointExtension><gpxtpx:hr>0</gpxtpx:hr></gpxtpx:TrackPointExtension></extensions></trkpt><trkpt lat="50.749552" lon="4.398592"><ele>137</ele><time>2025-11-13T12:15:10+01:00</time><extensions><gpxtpx:TrackPointExtension><gpxtpx:hr>0</gpxtpx:hr></gpxtpx:TrackPointExtension></extensions></trkpt><trkpt lat="50.749658" lon="4.398867"><ele>136.5</ele><time>2025-11-13T12:15:15+01:00</time><extensions><gpxtpx:TrackPointExtension><gpxtpx:hr>0</gpxtpx:hr></gpxtpx:TrackPointExtension></extensions></trkpt><trkpt lat="50.749768" lon="4.39915"><ele>136.2002</ele><time>2025-11-13T12:15:20+01:00</time><extensions><gpxtpx:TrackPointExtension><gpxtpx:hr>0</gpxtpx:hr></gpxtpx:TrackPointExtension></extensions></trkpt><trkpt lat="50.74991" lon="4.399387"><ele>135.90039</ele><time>2025-11-13T12:15:25+01:00</time><extensions><gpxtpx:TrackPointExtension><gpxtpx:hr>0</gpxtpx:hr></gpxtpx:TrackPointExtension></extensions></trkpt><trkpt lat="50.750073" lon="4.399662"><ele>135.7002</ele><time>2025-11-13T12:15:30+01:00</time><extensions><gpxtpx:TrackPointExtension><gpxtpx:hr>0</gpxtpx:hr></gpxtpx:TrackPointExtension></extensions></trkpt><trkpt lat="50.750218" lon="4.399913"><ele>135.2998</ele><time>2025-11-13T12:15:35+01:00</time><extensions><gpxtpx:TrackPointExtension><gpxtpx:hr>0</gpxtpx:hr></gpxtpx:TrackPointExtension></extensions></trkpt><trkpt lat="50.750337" lon="4.40011"><ele>135</ele><time>2025-11-13T12:15:40+01:00</time><extensions><gpxtpx:TrackPointExtension><gpxtpx:hr>0</gpxtpx:hr></gpxtpx:TrackPointExtension></extensions></trkpt><trkpt lat="50.750472" lon="4.400332"><ele>134.10059</ele><time>2025-11-13T12:15:45+01:00</time><extensions><gpxtpx:TrackPointExtension><gpxtpx:hr>0</gpxtpx:hr></gpxtpx:TrackPointExtension></extensions></trkpt><trkpt lat="50.750582" lon="4.400528"><ele>133.40039</ele><time>2025-11-13T12:15:50+01:00</time><extensions><gpxtpx:TrackPointExtension><gpxtpx:hr>0</gpxtpx:hr></gpxtpx:TrackPointExtension></extensions></trkpt><trkpt lat="50.750687" lon="4.400685"><ele>132.7002</ele><time>2025-11-13T12:15:55+01:00</time><extensions><gpxtpx:TrackPointExtension><gpxtpx:hr>0</gpxtpx:hr></gpxtpx:TrackPointExtension></extensions></trkpt><trkpt lat="50.750728" lon="4.400763"><ele>132.40039</ele><time>2025-11-13T12:16:00+01:00</time><extensions><gpxtpx:TrackPointExtension><gpxtpx:hr>0</gpxtpx:hr></gpxtpx:TrackPointExtension></extensions></trkpt><trkpt lat="50.75073" lon="4.40076"><ele>132.40039</ele><time>2025-11-13T12:16:05+01:00</time><extensions><gpxtpx:TrackPointExtension><gpxtpx:hr>0</gpxtpx:hr></gpxtpx:TrackPointExtension></extensions></trkpt><trkpt lat="50.750712" lon="4.400745"><ele>132.40039</ele><time>2025-11-13T12:16:10+01:00</time><extensions><gpxtpx:TrackPointExtension><gpxtpx:hr>0</gpxtpx:hr></gpxtpx:TrackPointExtension></extensions></trkpt><trkpt lat="50.750698" lon="4.400703"><ele>132.7002</ele><time>2025-11-13T12:16:15+01:00</time><extensions><gpxtpx:TrackPointExtension><gpxtpx:hr>0</gpxtpx:hr></gpxtpx:TrackPointExtension></extensions></trkpt><trkpt lat="50.750795" lon="4.400692"><ele>132.40039</ele><time>2025-11-13T12:16:20+01:00</time><extensions><gpxtpx:TrackPointExtension><gpxtpx:hr>0</gpxtpx:hr></gpxtpx:TrackPointExtension></extensions></trkpt><trkpt lat="50.750962" lon="4.400672"><ele>131.7002</ele><time>2025-11-13T12:16:25+01:00</time><extensions><gpxtpx:TrackPointExtension><gpxtpx:hr>0</gpxtpx:hr></gpxtpx:TrackPointExtension></extensions></trkpt><trkpt lat="50.75111" lon="4.400585"><ele>131.2998</ele><time>2025-11-13T12:16:30+01:00</time><extensions><gpxtpx:TrackPointExtension><gpxtpx:hr>0</gpxtpx:hr></gpxtpx:TrackPointExtension></extensions></trkpt><trkpt lat="50.75123" lon="4.400432"><ele>130.7002</ele><time>2025-11-13T12:16:35+01:00</time><extensions><gpxtpx:TrackPointExtension><gpxtpx:hr>0</gpxtpx:hr></gpxtpx:TrackPointExtension></extensions></trkpt><trkpt lat="50.751322" lon="4.400337"><ele>130.40039</ele><time>2025-11-13T12:16:40+01:00</time><extensions><gpxtpx:TrackPointExtension><gpxtpx:hr>0</gpxtpx:hr></gpxtpx:TrackPointExtension></extensions></trkpt><trkpt lat="50.751405" lon="4.400267"><ele>129.90039</ele><time>2025-11-13T12:16:45+01:00</time><extensions><gpxtpx:TrackPointExtension><gpxtpx:hr>0</gpxtpx:hr></gpxtpx:TrackPointExtension></extensions></trkpt><trkpt lat="50.751502" lon="4.40019"><ele>129.7002</ele><time>2025-11-13T12:16:50+01:00</time><extensions><gpxtpx:TrackPointExtension><gpxtpx:hr>0</gpxtpx:hr></gpxtpx:TrackPointExtension></extensions></trkpt><trkpt lat="50.751545" lon="4.4001"><ele>129.7998</ele><time>2025-11-13T12:16:55+01:00</time><extensions><gpxtpx:TrackPointExtension><gpxtpx:hr>0</gpxtpx:hr></gpxtpx:TrackPointExtension></extensions></trkpt><trkpt lat="50.75157" lon="4.400005"><ele>130</ele><time>2025-11-13T12:17:00+01:00</time><extensions><gpxtpx:TrackPointExtension><gpxtpx:hr>0</gpxtpx:hr></gpxtpx:TrackPointExtension></extensions></trkpt><trkpt lat="50.751645" lon="4.399885"><ele>130.10059</ele><time>2025-11-13T12:17:05+01:00</time><extensions><gpxtpx:TrackPointExtension><gpxtpx:hr>0</gpxtpx:hr></gpxtpx:TrackPointExtension></extensions></trkpt><trkpt lat="50.751717" lon="4.399718"><ele>130.40039</ele><time>2025-11-13T12:17:10+01:00</time><extensions><gpxtpx:TrackPointExtension><gpxtpx:hr>0</gpxtpx:hr></gpxtpx:TrackPointExtension></extensions></trkpt><trkpt lat="50.75177" lon="4.39961"><ele>130.60059</ele><time>2025-11-13T12:17:15+01:00</time><extensions><gpxtpx:TrackPointExtension><gpxtpx:hr>0</gpxtpx:hr></gpxtpx:TrackPointExtension></extensions></trkpt><trkpt lat="50.751782" lon="4.399563"><ele>130.7998</ele><time>2025-11-13T12:17:20+01:00</time><extensions><gpxtpx:TrackPointExtension><gpxtpx:hr>0</gpxtpx:hr></gpxtpx:TrackPointExtension></extensions></trkpt><trkpt lat="50.751795" lon="4.399493"><ele>131</ele><time>2025-11-13T12:17:25+01:00</time><extensions><gpxtpx:TrackPointExtension><gpxtpx:hr>0</gpxtpx:hr></gpxtpx:TrackPointExtension></extensions></trkpt><trkpt lat="50.751773" lon="4.399428"><ele>131</ele><time>2025-11-13T12:17:30+01:00</time><extensions><gpxtpx:TrackPointExtension><gpxtpx:hr>0</gpxtpx:hr></gpxtpx:TrackPointExtension></extensions></trkpt><trkpt lat="50.751767" lon="4.399358"><ele>131.2998</ele><time>2025-11-13T12:17:35+01:00</time><extensions><gpxtpx:TrackPointExtension><gpxtpx:hr>0</gpxtpx:hr></gpxtpx:TrackPointExtension></extensions></trkpt><trkpt lat="50.751745" lon="4.399288"><ele>131.5</ele><time>2025-11-13T12:17:40+01:00</time><extensions><gpxtpx:TrackPointExtension><gpxtpx:hr>0</gpxtpx:hr></gpxtpx:TrackPointExtension></extensions></trkpt><trkpt lat="50.751752" lon="4.399327"><ele>131.5</ele><time>2025-11-13T12:17:45+01:00</time><extensions><gpxtpx:TrackPointExtension><gpxtpx:hr>0</gpxtpx:hr></gpxtpx:TrackPointExtension></extensions></trkpt><trkpt lat="50.751795" lon="4.399408"><ele>131.2998</ele><time>2025-11-13T12:17:50+01:00</time><extensions><gpxtpx:TrackPointExtension><gpxtpx:hr>0</gpxtpx:hr></gpxtpx:TrackPointExtension></extensions></trkpt><trkpt lat="50.751827" lon="4.399375"><ele>131.2998</ele><time>2025-11-13T12:17:55+01:00</time><extensions><gpxtpx:TrackPointExtension><gpxtpx:hr>0</gpxtpx:hr></gpxtpx:TrackPointExtension></extensions></trkpt><trkpt lat="50.751845" lon="4.399335"><ele>131.5</ele><time>2025-11-13T12:18:00+01:00</time><extensions><gpxtpx:TrackPointExtension><gpxtpx:hr>0</gpxtpx:hr></gpxtpx:TrackPointExtension></extensions></trkpt><trkpt lat="50.751857" lon="4.399285"><ele>131.5</ele><time>2025-11-13T12:18:05+01:00</time><extensions><gpxtpx:TrackPointExtension><gpxtpx:hr>0</gpxtpx:hr></gpxtpx:TrackPointExtension></extensions></trkpt><trkpt lat="50.751887" lon="4.399247"><ele>131.7998</ele><time>2025-11-13T12:18:10+01:00</time><extensions><gpxtpx:TrackPointExtension><gpxtpx:hr>0</gpxtpx:hr></gpxtpx:TrackPointExtension></extensions></trkpt><trkpt lat="50.751927" lon="4.399233"><ele>131.7998</ele><time>2025-11-13T12:18:15+01:00</time><extensions><gpxtpx:TrackPointExtension><gpxtpx:hr>0</gpxtpx:hr></gpxtpx:TrackPointExtension></extensions></trkpt><trkpt lat="50.751953" lon="4.399205"><ele>131.7998</ele><time>2025-11-13T12:18:20+01:00</time><extensions><gpxtpx:TrackPointExtension><gpxtpx:hr>0</gpxtpx:hr></gpxtpx:TrackPointExtension></extensions></trkpt><trkpt lat="50.75197" lon="4.399168"><ele>131.7998</ele><time>2025-11-13T12:18:25+01:00</time><extensions><gpxtpx:TrackPointExtension><gpxtpx:hr>0</gpxtpx:hr></gpxtpx:TrackPointExtension></extensions></trkpt><trkpt lat="50.751998" lon="4.399115"><ele>132.10059</ele><time>2025-11-13T12:18:30+01:00</time><extensions><gpxtpx:TrackPointExtension><gpxtpx:hr>0</gpxtpx:hr></gpxtpx:TrackPointExtension></extensions></trkpt><trkpt lat="50.752035" lon="4.399088"><ele>132.10059</ele><time>2025-11-13T12:18:35+01:00</time><extensions><gpxtpx:TrackPointExtension><gpxtpx:hr>0</gpxtpx:hr></gpxtpx:TrackPointExtension></extensions></trkpt><trkpt lat="50.752057" lon="4.399038"><ele>132.2998</ele><time>2025-11-13T12:18:40+01:00</time><extensions><gpxtpx:TrackPointExtension><gpxtpx:hr>0</gpxtpx:hr></gpxtpx:TrackPointExtension></extensions></trkpt><trkpt lat="50.752092" lon="4.39901"><ele>132.2998</ele><time>2025-11-13T12:18:45+01:00</time><extensions><gpxtpx:TrackPointExtension><gpxtpx:hr>0</gpxtpx:hr></gpxtpx:TrackPointExtension></extensions></trkpt><trkpt lat="50.752115" lon="4.398993"><ele>132.60059</ele><time>2025-11-13T12:18:50+01:00</time><extensions><gpxtpx:TrackPointExtension><gpxtpx:hr>0</gpxtpx:hr></gpxtpx:TrackPointExtension></extensions></trkpt><trkpt lat="50.752133" lon="4.398918"><ele>132.60059</ele><time>2025-11-13T12:18:55+01:00</time><extensions><gpxtpx:TrackPointExtension><gpxtpx:hr>0</gpxtpx:hr></gpxtpx:TrackPointExtension></extensions></trkpt><trkpt lat="50.752167" lon="4.398883"><ele>132.90039</ele><time>2025-11-13T12:19:00+01:00</time><extensions><gpxtpx:TrackPointExtension><gpxtpx:hr>0</gpxtpx:hr></gpxtpx:TrackPointExtension></extensions></trkpt><trkpt lat="50.752193" lon="4.398842"><ele>132.90039</ele><time>2025-11-13T12:19:05+01:00</time><extensions><gpxtpx:TrackPointExtension><gpxtpx:hr>0</gpxtpx:hr></gpxtpx:TrackPointExtension></extensions></trkpt><trkpt lat="50.752223" lon="4.39879"><ele>133.2002</ele><time>2025-11-13T12:19:10+01:00</time><extensions><gpxtpx:TrackPointExtension><gpxtpx:hr>0</gpxtpx:hr></gpxtpx:TrackPointExtension></extensions></trkpt><trkpt lat="50.752267" lon="4.398717"><ele>133.5</ele><time>2025-11-13T12:19:15+01:00</time><extensions><gpxtpx:TrackPointExtension><gpxtpx:hr>0</gpxtpx:hr></gpxtpx:TrackPointExtension></extensions></trkpt><trkpt lat="50.752322" lon="4.398618"><ele>133.7998</ele><time>2025-11-13T12:19:20+01:00</time><extensions><gpxtpx:TrackPointExtension><gpxtpx:hr>0</gpxtpx:hr></gpxtpx:TrackPointExtension></extensions></trkpt><trkpt lat="50.752388" lon="4.39849"><ele>134.10059</ele><time>2025-11-13T12:19:25+01:00</time><extensions><gpxtpx:TrackPointExtension><gpxtpx:hr>0</gpxtpx:hr></gpxtpx:TrackPointExtension></extensions></trkpt><trkpt lat="50.752442" lon="4.398363"><ele>134.60059</ele><time>2025-11-13T12:19:30+01:00</time><extensions><gpxtpx:TrackPointExtension><gpxtpx:hr>0</gpxtpx:hr></gpxtpx:TrackPointExtension></extensions></trkpt><trkpt lat="50.752508" lon="4.398237"><ele>134.7998</ele><time>2025-11-13T12:19:35+01:00</time><extensions><gpxtpx:TrackPointExtension><gpxtpx:hr>0</gpxtpx:hr></gpxtpx:TrackPointExtension></extensions></trkpt><trkpt lat="50.75257" lon="4.398102"><ele>135.2002</ele><time>2025-11-13T12:19:40+01:00</time><extensions><gpxtpx:TrackPointExtension><gpxtpx:hr>0</gpxtpx:hr></gpxtpx:TrackPointExtension></extensions></trkpt><trkpt lat="50.752663" lon="4.397945"><ele>135.5</ele><time>2025-11-13T12:19:45+01:00</time><extensions><gpxtpx:TrackPointExtension><gpxtpx:hr>0</gpxtpx:hr></gpxtpx:TrackPointExtension></extensions></trkpt><trkpt lat="50.752715" lon="4.397817"><ele>135.60059</ele><time>2025-11-13T12:19:50+01:00</time><extensions><gpxtpx:TrackPointExtension><gpxtpx:hr>0</gpxtpx:hr></gpxtpx:TrackPointExtension></extensions></trkpt><trkpt lat="50.752775" lon="4.397692"><ele>135.7998</ele><time>2025-11-13T12:19:55+01:00</time><extensions><gpxtpx:TrackPointExtension><gpxtpx:hr>0</gpxtpx:hr></gpxtpx:TrackPointExtension></extensions></trkpt><trkpt lat="50.752853" lon="4.39759"><ele>135.90039</ele><time>2025-11-13T12:20:00+01:00</time><extensions><gpxtpx:TrackPointExtension><gpxtpx:hr>0</gpxtpx:hr></gpxtpx:TrackPointExtension></extensions></trkpt><trkpt lat="50.752893" lon="4.39751"><ele>135.90039</ele><time>2025-11-13T12:20:05+01:00</time><extensions><gpxtpx:TrackPointExtension><gpxtpx:hr>0</gpxtpx:hr></gpxtpx:TrackPointExtension></extensions></trkpt><trkpt lat="50.752868" lon="4.397365"><ele>136</ele><time>2025-11-13T12:20:10+01:00</time><extensions><gpxtpx:TrackPointExtension><gpxtpx:hr>0</gpxtpx:hr></gpxtpx:TrackPointExtension></extensions></trkpt><trkpt lat="50.752825" lon="4.397198"><ele>136.2002</ele><time>2025-11-13T12:20:15+01:00</time><extensions><gpxtpx:TrackPointExtension><gpxtpx:hr>0</gpxtpx:hr></gpxtpx:TrackPointExtension></extensions></trkpt><trkpt lat="50.752768" lon="4.397053"><ele>136.5</ele><time>2025-11-13T12:20:20+01:00</time><extensions><gpxtpx:TrackPointExtension><gpxtpx:hr>0</gpxtpx:hr></gpxtpx:TrackPointExtension></extensions></trkpt><trkpt lat="50.752717" lon="4.396925"><ele>136.7998</ele><time>2025-11-13T12:20:25+01:00</time><extensions><gpxtpx:TrackPointExtension><gpxtpx:hr>0</gpxtpx:hr></gpxtpx:TrackPointExtension></extensions></trkpt><trkpt lat="50.752665" lon="4.396802"><ele>137.10059</ele><time>2025-11-13T12:20:30+01:00</time><extensions><gpxtpx:TrackPointExtension><gpxtpx:hr>0</gpxtpx:hr></gpxtpx:TrackPointExtension></extensions></trkpt><trkpt lat="50.752588" lon="4.396662"><ele>137.2998</ele><time>2025-11-13T12:20:35+01:00</time><extensions><gpxtpx:TrackPointExtension><gpxtpx:hr>0</gpxtpx:hr></gpxtpx:TrackPointExtension></extensions></trkpt><trkpt lat="50.752508" lon="4.396513"><ele>137.7002</ele><time>2025-11-13T12:20:40+01:00</time><extensions><gpxtpx:TrackPointExtension><gpxtpx:hr>0</gpxtpx:hr></gpxtpx:TrackPointExtension></extensions></trkpt><trkpt lat="50.752415" lon="4.396372"><ele>137.90039</ele><time>2025-11-13T12:20:45+01:00</time><extensions><gpxtpx:TrackPointExtension><gpxtpx:hr>0</gpxtpx:hr></gpxtpx:TrackPointExtension></extensions></trkpt><trkpt lat="50.75234" lon="4.396215"><ele>137.7998</ele><time>2025-11-13T12:20:50+01:00</time><extensions><gpxtpx:TrackPointExtension><gpxtpx:hr>0</gpxtpx:hr></gpxtpx:TrackPointExtension></extensions></trkpt><trkpt lat="50.752258" lon="4.396065"><ele>137.7998</ele><time>2025-11-13T12:20:55+01:00</time><extensions><gpxtpx:TrackPointExtension><gpxtpx:hr>0</gpxtpx:hr></gpxtpx:TrackPointExtension></extensions></trkpt><trkpt lat="50.75217" lon="4.395923"><ele>137.7998</ele><time>2025-11-13T12:21:00+01:00</time><extensions><gpxtpx:TrackPointExtension><gpxtpx:hr>0</gpxtpx:hr></gpxtpx:TrackPointExtension></extensions></trkpt><trkpt lat="50.752087" lon="4.395765"><ele>137.90039</ele><time>2025-11-13T12:21:05+01:00</time><extensions><gpxtpx:TrackPointExtension><gpxtpx:hr>0</gpxtpx:hr></gpxtpx:TrackPointExtension></extensions></trkpt><trkpt lat="50.752015" lon="4.395597"><ele>137.7998</ele><time>2025-11-13T12:21:10+01:00</time><extensions><gpxtpx:TrackPointExtension><gpxtpx:hr>0</gpxtpx:hr></gpxtpx:TrackPointExtension></extensions></trkpt><trkpt lat="50.751948" lon="4.395435"><ele>137.7998</ele><time>2025-11-13T12:21:15+01:00</time><extensions><gpxtpx:TrackPointExtension><gpxtpx:hr>0</gpxtpx:hr></gpxtpx:TrackPointExtension></extensions></trkpt><trkpt lat="50.75187" lon="4.395252"><ele>138.10059</ele><time>2025-11-13T12:21:20+01:00</time><extensions><gpxtpx:TrackPointExtension><gpxtpx:hr>0</gpxtpx:hr></gpxtpx:TrackPointExtension></extensions></trkpt><trkpt lat="50.751802" lon="4.395105"><ele>138.10059</ele><time>2025-11-13T12:21:25+01:00</time><extensions><gpxtpx:TrackPointExtension><gpxtpx:hr>0</gpxtpx:hr></gpxtpx:TrackPointExtension></extensions></trkpt><trkpt lat="50.75175" lon="4.394942"><ele>138.10059</ele><time>2025-11-13T12:21:30+01:00</time><extensions><gpxtpx:TrackPointExtension><gpxtpx:hr>0</gpxtpx:hr></gpxtpx:TrackPointExtension></extensions></trkpt><trkpt lat="50.751702" lon="4.394808"><ele>138.10059</ele><time>2025-11-13T12:21:35+01:00</time><extensions><gpxtpx:TrackPointExtension><gpxtpx:hr>0</gpxtpx:hr></gpxtpx:TrackPointExtension></extensions></trkpt><trkpt lat="50.751658" lon="4.39465"><ele>137.5</ele><time>2025-11-13T12:21:40+01:00</time><extensions><gpxtpx:TrackPointExtension><gpxtpx:hr>0</gpxtpx:hr></gpxtpx:TrackPointExtension></extensions></trkpt><trkpt lat="50.751612" lon="4.39453"><ele>136.7002</ele><time>2025-11-13T12:21:45+01:00</time><extensions><gpxtpx:TrackPointExtension><gpxtpx:hr>0</gpxtpx:hr></gpxtpx:TrackPointExtension></extensions></trkpt><trkpt lat="50.751547" lon="4.3944"><ele>136.5</ele><time>2025-11-13T12:21:50+01:00</time><extensions><gpxtpx:TrackPointExtension><gpxtpx:hr>0</gpxtpx:hr></gpxtpx:TrackPointExtension></extensions></trkpt><trkpt lat="50.751473" lon="4.39421"><ele>135.7002</ele><time>2025-11-13T12:21:55+01:00</time><extensions><gpxtpx:TrackPointExtension><gpxtpx:hr>0</gpxtpx:hr></gpxtpx:TrackPointExtension></extensions></trkpt><trkpt lat="50.751402" lon="4.394007"><ele>134.40039</ele><time>2025-11-13T12:22:00+01:00</time><extensions><gpxtpx:TrackPointExtension><gpxtpx:hr>0</gpxtpx:hr></gpxtpx:TrackPointExtension></extensions></trkpt><trkpt lat="50.751332" lon="4.393838"><ele>133.10059</ele><time>2025-11-13T12:22:05+01:00</time><extensions><gpxtpx:TrackPointExtension><gpxtpx:hr>0</gpxtpx:hr></gpxtpx:TrackPointExtension></extensions></trkpt><trkpt lat="50.751283" lon="4.393657"><ele>132.2002</ele><time>2025-11-13T12:22:10+01:00</time><extensions><gpxtpx:TrackPointExtension><gpxtpx:hr>0</gpxtpx:hr></gpxtpx:TrackPointExtension></extensions></trkpt><trkpt lat="50.751222" lon="4.393485"><ele>130.2002</ele><time>2025-11-13T12:22:15+01:00</time><extensions><gpxtpx:TrackPointExtension><gpxtpx:hr>0</gpxtpx:hr></gpxtpx:TrackPointExtension></extensions></trkpt><trkpt lat="50.751162" lon="4.39332"><ele>128.7998</ele><time>2025-11-13T12:22:20+01:00</time><extensions><gpxtpx:TrackPointExtension><gpxtpx:hr>0</gpxtpx:hr></gpxtpx:TrackPointExtension></extensions></trkpt><trkpt lat="50.751107" lon="4.393175"><ele>128</ele><time>2025-11-13T12:22:25+01:00</time><extensions><gpxtpx:TrackPointExtension><gpxtpx:hr>0</gpxtpx:hr></gpxtpx:TrackPointExtension></extensions></trkpt><trkpt lat="50.751043" lon="4.392963"><ele>127</ele><time>2025-11-13T12:22:30+01:00</time><extensions><gpxtpx:TrackPointExtension><gpxtpx:hr>0</gpxtpx:hr></gpxtpx:TrackPointExtension></extensions></trkpt><trkpt lat="50.751062" lon="4.392695"><ele>126.5</ele><time>2025-11-13T12:22:35+01:00</time><extensions><gpxtpx:TrackPointExtension><gpxtpx:hr>0</gpxtpx:hr></gpxtpx:TrackPointExtension></extensions></trkpt><trkpt lat="50.751123" lon="4.392545"><ele>126.700195</ele><time>2025-11-13T12:22:40+01:00</time><extensions><gpxtpx:TrackPointExtension><gpxtpx:hr>0</gpxtpx:hr></gpxtpx:TrackPointExtension></extensions></trkpt><trkpt lat="50.751225" lon="4.392473"><ele>127</ele><time>2025-11-13T12:22:45+01:00</time><extensions><gpxtpx:TrackPointExtension><gpxtpx:hr>0</gpxtpx:hr></gpxtpx:TrackPointExtension></extensions></trkpt><trkpt lat="50.751382" lon="4.392412"><ele>127.600586</ele><time>2025-11-13T12:22:50+01:00</time><extensions><gpxtpx:TrackPointExtension><gpxtpx:hr>0</gpxtpx:hr></gpxtpx:TrackPointExtension></extensions></trkpt><trkpt lat="50.751578" lon="4.392165"><ele>127.700195</ele><time>2025-11-13T12:22:55+01:00</time><extensions><gpxtpx:TrackPointExtension><gpxtpx:hr>0</gpxtpx:hr></gpxtpx:TrackPointExtension></extensions></trkpt><trkpt lat="50.75182" lon="4.39187"><ele>127.600586</ele><time>2025-11-13T12:23:00+01:00</time><extensions><gpxtpx:TrackPointExtension><gpxtpx:hr>0</gpxtpx:hr></gpxtpx:TrackPointExtension></extensions></trkpt><trkpt lat="50.752072" lon="4.391682"><ele>127.700195</ele><time>2025-11-13T12:23:05+01:00</time><extensions><gpxtpx:TrackPointExtension><gpxtpx:hr>0</gpxtpx:hr></gpxtpx:TrackPointExtension></extensions></trkpt><trkpt lat="50.752293" lon="4.391522"><ele>127.5</ele><time>2025-11-13T12:23:10+01:00</time><extensions><gpxtpx:TrackPointExtension><gpxtpx:hr>0</gpxtpx:hr></gpxtpx:TrackPointExtension></extensions></trkpt><trkpt lat="50.75248" lon="4.391377"><ele>127</ele><time>2025-11-13T12:23:15+01:00</time><extensions><gpxtpx:TrackPointExtension><gpxtpx:hr>0</gpxtpx:hr></gpxtpx:TrackPointExtension></extensions></trkpt><trkpt lat="50.752647" lon="4.391227"><ele>126.200195</ele><time>2025-11-13T12:23:20+01:00</time><extensions><gpxtpx:TrackPointExtension><gpxtpx:hr>0</gpxtpx:hr></gpxtpx:TrackPointExtension></extensions></trkpt><trkpt lat="50.7528" lon="4.391025"><ele>125.299805</ele><time>2025-11-13T12:23:25+01:00</time><extensions><gpxtpx:TrackPointExtension><gpxtpx:hr>0</gpxtpx:hr></gpxtpx:TrackPointExtension></extensions></trkpt><trkpt lat="50.752955" lon="4.390832"><ele>124</ele><time>2025-11-13T12:23:30+01:00</time><extensions><gpxtpx:TrackPointExtension><gpxtpx:hr>0</gpxtpx:hr></gpxtpx:TrackPointExtension></extensions></trkpt><trkpt lat="50.753045" lon="4.390695"><ele>123.700195</ele><time>2025-11-13T12:23:35+01:00</time><extensions><gpxtpx:TrackPointExtension><gpxtpx:hr>0</gpxtpx:hr></gpxtpx:TrackPointExtension></extensions></trkpt><trkpt lat="50.753128" lon="4.390598"><ele>123.40039</ele><time>2025-11-13T12:23:40+01:00</time><extensions><gpxtpx:TrackPointExtension><gpxtpx:hr>0</gpxtpx:hr></gpxtpx:TrackPointExtension></extensions></trkpt><trkpt lat="50.753277" lon="4.39043"><ele>123</ele><time>2025-11-13T12:23:45+01:00</time><extensions><gpxtpx:TrackPointExtension><gpxtpx:hr>0</gpxtpx:hr></gpxtpx:TrackPointExtension></extensions></trkpt><trkpt lat="50.753445" lon="4.390292"><ele>123</ele><time>2025-11-13T12:23:50+01:00</time><extensions><gpxtpx:TrackPointExtension><gpxtpx:hr>0</gpxtpx:hr></gpxtpx:TrackPointExtension></extensions></trkpt><trkpt lat="50.753607" lon="4.390222"><ele>123.200195</ele><time>2025-11-13T12:23:55+01:00</time><extensions><gpxtpx:TrackPointExtension><gpxtpx:hr>0</gpxtpx:hr></gpxtpx:TrackPointExtension></extensions></trkpt><trkpt lat="50.753772" lon="4.390045"><ele>123.5</ele><time>2025-11-13T12:24:00+01:00</time><extensions><gpxtpx:TrackPointExtension><gpxtpx:hr>0</gpxtpx:hr></gpxtpx:TrackPointExtension></extensions></trkpt><trkpt lat="50.753977" lon="4.389872"><ele>123.799805</ele><time>2025-11-13T12:24:05+01:00</time><extensions><gpxtpx:TrackPointExtension><gpxtpx:hr>0</gpxtpx:hr></gpxtpx:TrackPointExtension></extensions></trkpt><trkpt lat="50.754298" lon="4.389628"><ele>124.40039</ele><time>2025-11-13T12:24:10+01:00</time><extensions><gpxtpx:TrackPointExtension><gpxtpx:hr>0</gpxtpx:hr></gpxtpx:TrackPointExtension></extensions></trkpt><trkpt lat="50.754592" lon="4.3894"><ele>125.700195</ele><time>2025-11-13T12:24:15+01:00</time><extensions><gpxtpx:TrackPointExtension><gpxtpx:hr>0</gpxtpx:hr></gpxtpx:TrackPointExtension></extensions></trkpt><trkpt lat="50.754742" lon="4.389218"><ele>125.799805</ele><time>2025-11-13T12:24:20+01:00</time><extensions><gpxtpx:TrackPointExtension><gpxtpx:hr>0</gpxtpx:hr></gpxtpx:TrackPointExtension></extensions></trkpt><trkpt lat="50.754877" lon="4.38911"><ele>125.700195</ele><time>2025-11-13T12:24:25+01:00</time><extensions><gpxtpx:TrackPointExtension><gpxtpx:hr>0</gpxtpx:hr></gpxtpx:TrackPointExtension></extensions></trkpt><trkpt lat="50.754978" lon="4.389045"><ele>126.299805</ele><time>2025-11-13T12:24:30+01:00</time><extensions><gpxtpx:TrackPointExtension><gpxtpx:hr>0</gpxtpx:hr></gpxtpx:TrackPointExtension></extensions></trkpt><trkpt lat="50.755087" lon="4.388932"><ele>126.299805</ele><time>2025-11-13T12:24:35+01:00</time><extensions><gpxtpx:TrackPointExtension><gpxtpx:hr>0</gpxtpx:hr></gpxtpx:TrackPointExtension></extensions></trkpt><trkpt lat="50.755195" lon="4.388813"><ele>126.40039</ele><time>2025-11-13T12:24:40+01:00</time><extensions><gpxtpx:TrackPointExtension><gpxtpx:hr>0</gpxtpx:hr></gpxtpx:TrackPointExtension></extensions></trkpt><trkpt lat="50.7553" lon="4.38871"><ele>126.299805</ele><time>2025-11-13T12:24:45+01:00</time><extensions><gpxtpx:TrackPointExtension><gpxtpx:hr>0</gpxtpx:hr></gpxtpx:TrackPointExtension></extensions></trkpt><trkpt lat="50.755393" lon="4.388612"><ele>126.299805</ele><time>2025-11-13T12:24:50+01:00</time><extensions><gpxtpx:TrackPointExtension><gpxtpx:hr>0</gpxtpx:hr></gpxtpx:TrackPointExtension></extensions></trkpt><trkpt lat="50.755475" lon="4.388505"><ele>126.100586</ele><time>2025-11-13T12:24:55+01:00</time><extensions><gpxtpx:TrackPointExtension><gpxtpx:hr>0</gpxtpx:hr></gpxtpx:TrackPointExtension></extensions></trkpt><trkpt lat="50.755592" lon="4.388418"><ele>126.100586</ele><time>2025-11-13T12:25:00+01:00</time><extensions><gpxtpx:TrackPointExtension><gpxtpx:hr>0</gpxtpx:hr></gpxtpx:TrackPointExtension></extensions></trkpt><trkpt lat="50.755693" lon="4.388323"><ele>126.100586</ele><time>2025-11-13T12:25:05+01:00</time><extensions><gpxtpx:TrackPointExtension><gpxtpx:hr>0</gpxtpx:hr></gpxtpx:TrackPointExtension></extensions></trkpt><trkpt lat="50.755775" lon="4.388188"><ele>126</ele><time>2025-11-13T12:25:10+01:00</time><extensions><gpxtpx:TrackPointExtension><gpxtpx:hr>0</gpxtpx:hr></gpxtpx:TrackPointExtension></extensions></trkpt><trkpt lat="50.755862" lon="4.388072"><ele>126.200195</ele><time>2025-11-13T12:25:15+01:00</time><extensions><gpxtpx:TrackPointExtension><gpxtpx:hr>0</gpxtpx:hr></gpxtpx:TrackPointExtension></extensions></trkpt><trkpt lat="50.75592" lon="4.388013"><ele>126.700195</ele><time>2025-11-13T12:25:20+01:00</time><extensions><gpxtpx:TrackPointExtension><gpxtpx:hr>0</gpxtpx:hr></gpxtpx:TrackPointExtension></extensions></trkpt><trkpt lat="50.755957" lon="4.388022"><ele>127.200195</ele><time>2025-11-13T12:25:25+01:00</time><extensions><gpxtpx:TrackPointExtension><gpxtpx:hr>0</gpxtpx:hr></gpxtpx:TrackPointExtension></extensions></trkpt><trkpt lat="50.755967" lon="4.388112"><ele>127.600586</ele><time>2025-11-13T12:25:30+01:00</time><extensions><gpxtpx:TrackPointExtension><gpxtpx:hr>0</gpxtpx:hr></gpxtpx:TrackPointExtension></extensions></trkpt><trkpt lat="50.755977" lon="4.388213"><ele>127.90039</ele><time>2025-11-13T12:25:35+01:00</time><extensions><gpxtpx:TrackPointExtension><gpxtpx:hr>0</gpxtpx:hr></gpxtpx:TrackPointExtension></extensions></trkpt><trkpt lat="50.755977" lon="4.388357"><ele>128.60059</ele><time>2025-11-13T12:25:40+01:00</time><extensions><gpxtpx:TrackPointExtension><gpxtpx:hr>0</gpxtpx:hr></gpxtpx:TrackPointExtension></extensions></trkpt><trkpt lat="50.755977" lon="4.3885"><ele>128.7998</ele><time>2025-11-13T12:25:45+01:00</time><extensions><gpxtpx:TrackPointExtension><gpxtpx:hr>0</gpxtpx:hr></gpxtpx:TrackPointExtension></extensions></trkpt><trkpt lat="50.755987" lon="4.388613"><ele>129.2998</ele><time>2025-11-13T12:25:50+01:00</time><extensions><gpxtpx:TrackPointExtension><gpxtpx:hr>0</gpxtpx:hr></gpxtpx:TrackPointExtension></extensions></trkpt><trkpt lat="50.75599" lon="4.388635"><ele>129.2998</ele><time>2025-11-13T12:25:55+01:00</time><extensions><gpxtpx:TrackPointExtension><gpxtpx:hr>0</gpxtpx:hr></gpxtpx:TrackPointExtension></extensions></trkpt><trkpt lat="50.75599" lon="4.388633"><ele>129.2998</ele><time>2025-11-13T12:26:00+01:00</time><extensions><gpxtpx:TrackPointExtension><gpxtpx:hr>0</gpxtpx:hr></gpxtpx:TrackPointExtension></extensions></trkpt><trkpt lat="50.755995" lon="4.388635"><ele>129.2998</ele><time>2025-11-13T12:26:05+01:00</time><extensions><gpxtpx:TrackPointExtension><gpxtpx:hr>0</gpxtpx:hr></gpxtpx:TrackPointExtension></extensions></trkpt><trkpt lat="50.755997" lon="4.388633"><ele>129.2998</ele><time>2025-11-13T12:26:10+01:00</time><extensions><gpxtpx:TrackPointExtension><gpxtpx:hr>0</gpxtpx:hr></gpxtpx:TrackPointExtension></extensions></trkpt><trkpt lat="50.755998" lon="4.388635"><ele>129.2998</ele><time>2025-11-13T12:26:15+01:00</time><extensions><gpxtpx:TrackPointExtension><gpxtpx:hr>0</gpxtpx:hr></gpxtpx:TrackPointExtension></extensions></trkpt><trkpt lat="50.755998" lon="4.388635"><ele>129.2998</ele><time>2025-11-13T12:26:20+01:00</time><extensions><gpxtpx:TrackPointExtension><gpxtpx:hr>0</gpxtpx:hr></gpxtpx:TrackPointExtension></extensions></trkpt><trkpt lat="50.755998" lon="4.388635"><ele>129.2998</ele><time>2025-11-13T12:26:25+01:00</time><extensions><gpxtpx:TrackPointExtension><gpxtpx:hr>0</gpxtpx:hr></gpxtpx:TrackPointExtension></extensions></trkpt><trkpt lat="50.756" lon="4.388632"><ele>129.2998</ele><time>2025-11-13T12:26:30+01:00</time><extensions><gpxtpx:TrackPointExtension><gpxtpx:hr>0</gpxtpx:hr></gpxtpx:TrackPointExtension></extensions></trkpt><trkpt lat="50.755997" lon="4.38863"><ele>129.2998</ele><time>2025-11-13T12:26:35+01:00</time><extensions><gpxtpx:TrackPointExtension><gpxtpx:hr>0</gpxtpx:hr></gpxtpx:TrackPointExtension></extensions></trkpt><trkpt lat="50.755992" lon="4.38863"><ele>129.2998</ele><time>2025-11-13T12:26:40+01:00</time><extensions><gpxtpx:TrackPointExtension><gpxtpx:hr>0</gpxtpx:hr></gpxtpx:TrackPointExtension></extensions></trkpt><trkpt lat="50.756025" lon="4.388677"><ele>129.7002</ele><time>2025-11-13T12:26:46+01:00</time><extensions><gpxtpx:TrackPointExtension><gpxtpx:hr>0</gpxtpx:hr></gpxtpx:TrackPointExtension></extensions></trkpt><trkpt lat="50.756023" lon="4.388672"><ele>129.7002</ele><time>2025-11-13T12:26:51+01:00</time><extensions><gpxtpx:TrackPointExtension><gpxtpx:hr>0</gpxtpx:hr></gpxtpx:TrackPointExtension></extensions></trkpt><trkpt lat="50.756015" lon="4.388768"><ele>129.90039</ele><time>2025-11-13T12:26:56+01:00</time><extensions><gpxtpx:TrackPointExtension><gpxtpx:hr>0</gpxtpx:hr></gpxtpx:TrackPointExtension></extensions></trkpt><trkpt lat="50.755995" lon="4.389002"><ele>130.10059</ele><time>2025-11-13T12:27:01+01:00</time><extensions><gpxtpx:TrackPointExtension><gpxtpx:hr>0</gpxtpx:hr></gpxtpx:TrackPointExtension></extensions></trkpt><trkpt lat="50.755993" lon="4.389228"><ele>130.7002</ele><time>2025-11-13T12:27:06+01:00</time><extensions><gpxtpx:TrackPointExtension><gpxtpx:hr>0</gpxtpx:hr></gpxtpx:TrackPointExtension></extensions></trkpt><trkpt lat="50.755993" lon="4.38941"><ele>131</ele><time>2025-11-13T12:27:11+01:00</time><extensions><gpxtpx:TrackPointExtension><gpxtpx:hr>0</gpxtpx:hr></gpxtpx:TrackPointExtension></extensions></trkpt><trkpt lat="50.755983" lon="4.389545"><ele>131.2002</ele><time>2025-11-13T12:27:16+01:00</time><extensions><gpxtpx:TrackPointExtension><gpxtpx:hr>0</gpxtpx:hr></gpxtpx:TrackPointExtension></extensions></trkpt><trkpt lat="50.755992" lon="4.389668"><ele>131.2998</ele><time>2025-11-13T12:27:21+01:00</time><extensions><gpxtpx:TrackPointExtension><gpxtpx:hr>0</gpxtpx:hr></gpxtpx:TrackPointExtension></extensions></trkpt><trkpt lat="50.755972" lon="4.389767"><ele>131.40039</ele><time>2025-11-13T12:27:26+01:00</time><extensions><gpxtpx:TrackPointExtension><gpxtpx:hr>0</gpxtpx:hr></gpxtpx:TrackPointExtension></extensions></trkpt><trkpt lat="50.755978" lon="4.389922"><ele>131.40039</ele><time>2025-11-13T12:27:31+01:00</time><extensions><gpxtpx:TrackPointExtension><gpxtpx:hr>0</gpxtpx:hr></gpxtpx:TrackPointExtension></extensions></trkpt><trkpt lat="50.755987" lon="4.390092"><ele>131.40039</ele><time>2025-11-13T12:27:36+01:00</time><extensions><gpxtpx:TrackPointExtension><gpxtpx:hr>0</gpxtpx:hr></gpxtpx:TrackPointExtension></extensions></trkpt><trkpt lat="50.755983" lon="4.390237"><ele>131.2998</ele><time>2025-11-13T12:27:41+01:00</time><extensions><gpxtpx:TrackPointExtension><gpxtpx:hr>0</gpxtpx:hr></gpxtpx:TrackPointExtension></extensions></trkpt><trkpt lat="50.755977" lon="4.390363"><ele>131.2998</ele><time>2025-11-13T12:27:46+01:00</time><extensions><gpxtpx:TrackPointExtension><gpxtpx:hr>0</gpxtpx:hr></gpxtpx:TrackPointExtension></extensions></trkpt><trkpt lat="50.75598" lon="4.390452"><ele>131.2998</ele><time>2025-11-13T12:27:51+01:00</time><extensions><gpxtpx:TrackPointExtension><gpxtpx:hr>0</gpxtpx:hr></gpxtpx:TrackPointExtension></extensions></trkpt><trkpt lat="50.755965" lon="4.390613"><ele>131.2002</ele><time>2025-11-13T12:27:56+01:00</time><extensions><gpxtpx:TrackPointExtension><gpxtpx:hr>0</gpxtpx:hr></gpxtpx:TrackPointExtension></extensions></trkpt><trkpt lat="50.755948" lon="4.390792"><ele>131.2002</ele><time>2025-11-13T12:28:01+01:00</time><extensions><gpxtpx:TrackPointExtension><gpxtpx:hr>0</gpxtpx:hr></gpxtpx:TrackPointExtension></extensions></trkpt><trkpt lat="50.755955" lon="4.390905"><ele>131.10059</ele><time>2025-11-13T12:28:06+01:00</time><extensions><gpxtpx:TrackPointExtension><gpxtpx:hr>0</gpxtpx:hr></gpxtpx:TrackPointExtension></extensions></trkpt><trkpt lat="50.755963" lon="4.391075"><ele>131</ele><time>2025-11-13T12:28:11+01:00</time><extensions><gpxtpx:TrackPointExtension><gpxtpx:hr>0</gpxtpx:hr></gpxtpx:TrackPointExtension></extensions></trkpt><trkpt lat="50.755965" lon="4.391228"><ele>131</ele><time>2025-11-13T12:28:16+01:00</time><extensions><gpxtpx:TrackPointExtension><gpxtpx:hr>0</gpxtpx:hr></gpxtpx:TrackPointExtension></extensions></trkpt><trkpt lat="50.755968" lon="4.39138"><ele>130.90039</ele><time>2025-11-13T12:28:21+01:00</time><extensions><gpxtpx:TrackPointExtension><gpxtpx:hr>0</gpxtpx:hr></gpxtpx:TrackPointExtension></extensions></trkpt><trkpt lat="50.755983" lon="4.39154"><ele>130.7998</ele><time>2025-11-13T12:28:26+01:00</time><extensions><gpxtpx:TrackPointExtension><gpxtpx:hr>0</gpxtpx:hr></gpxtpx:TrackPointExtension></extensions></trkpt><trkpt lat="50.755995" lon="4.391705"><ele>130.5</ele><time>2025-11-13T12:28:31+01:00</time><extensions><gpxtpx:TrackPointExtension><gpxtpx:hr>0</gpxtpx:hr></gpxtpx:TrackPointExtension></extensions></trkpt><trkpt lat="50.756028" lon="4.391847"><ele>130.10059</ele><time>2025-11-13T12:28:36+01:00</time><extensions><gpxtpx:TrackPointExtension><gpxtpx:hr>0</gpxtpx:hr></gpxtpx:TrackPointExtension></extensions></trkpt><trkpt lat="50.756017" lon="4.392013"><ele>129.7002</ele><time>2025-11-13T12:28:41+01:00</time><extensions><gpxtpx:TrackPointExtension><gpxtpx:hr>0</gpxtpx:hr></gpxtpx:TrackPointExtension></extensions></trkpt><trkpt lat="50.756028" lon="4.392142"><ele>129.2002</ele><time>2025-11-13T12:28:46+01:00</time><extensions><gpxtpx:TrackPointExtension><gpxtpx:hr>0</gpxtpx:hr></gpxtpx:TrackPointExtension></extensions></trkpt><trkpt lat="50.756048" lon="4.392297"><ele>128.90039</ele><time>2025-11-13T12:28:51+01:00</time><extensions><gpxtpx:TrackPointExtension><gpxtpx:hr>0</gpxtpx:hr></gpxtpx:TrackPointExtension></extensions></trkpt><trkpt lat="50.756095" lon="4.392448"><ele>128.2998</ele><time>2025-11-13T12:28:56+01:00</time><extensions><gpxtpx:TrackPointExtension><gpxtpx:hr>0</gpxtpx:hr></gpxtpx:TrackPointExtension></extensions></trkpt><trkpt lat="50.756087" lon="4.3926"><ele>127.799805</ele><time>2025-11-13T12:29:01+01:00</time><extensions><gpxtpx:TrackPointExtension><gpxtpx:hr>0</gpxtpx:hr></gpxtpx:TrackPointExtension></extensions></trkpt><trkpt lat="50.756098" lon="4.39277"><ele>127.200195</ele><time>2025-11-13T12:29:06+01:00</time><extensions><gpxtpx:TrackPointExtension><gpxtpx:hr>0</gpxtpx:hr></gpxtpx:TrackPointExtension></extensions></trkpt><trkpt lat="50.756125" lon="4.392905"><ele>126.600586</ele><time>2025-11-13T12:29:11+01:00</time><extensions><gpxtpx:TrackPointExtension><gpxtpx:hr>0</gpxtpx:hr></gpxtpx:TrackPointExtension></extensions></trkpt><trkpt lat="50.756155" lon="4.393067"><ele>126.299805</ele><time>2025-11-13T12:29:16+01:00</time><extensions><gpxtpx:TrackPointExtension><gpxtpx:hr>0</gpxtpx:hr></gpxtpx:TrackPointExtension></extensions></trkpt><trkpt lat="50.756202" lon="4.393288"><ele>125.700195</ele><time>2025-11-13T12:29:21+01:00</time><extensions><gpxtpx:TrackPointExtension><gpxtpx:hr>0</gpxtpx:hr></gpxtpx:TrackPointExtension></extensions></trkpt><trkpt lat="50.756255" lon="4.393477"><ele>125.40039</ele><time>2025-11-13T12:29:26+01:00</time><extensions><gpxtpx:TrackPointExtension><gpxtpx:hr>0</gpxtpx:hr></gpxtpx:TrackPointExtension></extensions></trkpt><trkpt lat="50.756282" lon="4.393627"><ele>125.40039</ele><time>2025-11-13T12:29:31+01:00</time><extensions><gpxtpx:TrackPointExtension><gpxtpx:hr>0</gpxtpx:hr></gpxtpx:TrackPointExtension></extensions></trkpt><trkpt lat="50.7563" lon="4.393797"><ele>125.200195</ele><time>2025-11-13T12:29:36+01:00</time><extensions><gpxtpx:TrackPointExtension><gpxtpx:hr>0</gpxtpx:hr></gpxtpx:TrackPointExtension></extensions></trkpt><trkpt lat="50.756328" lon="4.393963"><ele>125.100586</ele><time>2025-11-13T12:29:41+01:00</time><extensions><gpxtpx:TrackPointExtension><gpxtpx:hr>0</gpxtpx:hr></gpxtpx:TrackPointExtension></extensions></trkpt><trkpt lat="50.756367" lon="4.39415"><ele>124.90039</ele><time>2025-11-13T12:29:46+01:00</time><extensions><gpxtpx:TrackPointExtension><gpxtpx:hr>0</gpxtpx:hr></gpxtpx:TrackPointExtension></extensions></trkpt><trkpt lat="50.756407" lon="4.394317"><ele>124.700195</ele><time>2025-11-13T12:29:51+01:00</time><extensions><gpxtpx:TrackPointExtension><gpxtpx:hr>0</gpxtpx:hr></gpxtpx:TrackPointExtension></extensions></trkpt><trkpt lat="50.756467" lon="4.394488"><ele>124.5</ele><time>2025-11-13T12:29:56+01:00</time><extensions><gpxtpx:TrackPointExtension><gpxtpx:hr>0</gpxtpx:hr></gpxtpx:TrackPointExtension></extensions></trkpt><trkpt lat="50.756502" lon="4.39465"><ele>124.100586</ele><time>2025-11-13T12:30:01+01:00</time><extensions><gpxtpx:TrackPointExtension><gpxtpx:hr>0</gpxtpx:hr></gpxtpx:TrackPointExtension></extensions></trkpt><trkpt lat="50.756572" lon="4.394843"><ele>123.90039</ele><time>2025-11-13T12:30:06+01:00</time><extensions><gpxtpx:TrackPointExtension><gpxtpx:hr>0</gpxtpx:hr></gpxtpx:TrackPointExtension></extensions></trkpt><trkpt lat="50.756625" lon="4.394997"><ele>123.700195</ele><time>2025-11-13T12:30:11+01:00</time><extensions><gpxtpx:TrackPointExtension><gpxtpx:hr>0</gpxtpx:hr></gpxtpx:TrackPointExtension></extensions></trkpt><trkpt lat="50.75665" lon="4.395158"><ele>123.700195</ele><time>2025-11-13T12:30:16+01:00</time><extensions><gpxtpx:TrackPointExtension><gpxtpx:hr>0</gpxtpx:hr></gpxtpx:TrackPointExtension></extensions></trkpt><trkpt lat="50.756685" lon="4.395315"><ele>123.700195</ele><time>2025-11-13T12:30:21+01:00</time><extensions><gpxtpx:TrackPointExtension><gpxtpx:hr>0</gpxtpx:hr></gpxtpx:TrackPointExtension></extensions></trkpt><trkpt lat="50.75671" lon="4.395477"><ele>123.700195</ele><time>2025-11-13T12:30:26+01:00</time><extensions><gpxtpx:TrackPointExtension><gpxtpx:hr>0</gpxtpx:hr></gpxtpx:TrackPointExtension></extensions></trkpt><trkpt lat="50.756712" lon="4.395637"><ele>123.700195</ele><time>2025-11-13T12:30:31+01:00</time><extensions><gpxtpx:TrackPointExtension><gpxtpx:hr>0</gpxtpx:hr></gpxtpx:TrackPointExtension></extensions></trkpt><trkpt lat="50.75673" lon="4.39579"><ele>123.799805</ele><time>2025-11-13T12:30:36+01:00</time><extensions><gpxtpx:TrackPointExtension><gpxtpx:hr>0</gpxtpx:hr></gpxtpx:TrackPointExtension></extensions></trkpt><trkpt lat="50.75675" lon="4.395898"><ele>123.700195</ele><time>2025-11-13T12:30:41+01:00</time><extensions><gpxtpx:TrackPointExtension><gpxtpx:hr>0</gpxtpx:hr></gpxtpx:TrackPointExtension></extensions></trkpt><trkpt lat="50.756758" lon="4.395985"><ele>123.700195</ele><time>2025-11-13T12:30:46+01:00</time><extensions><gpxtpx:TrackPointExtension><gpxtpx:hr>0</gpxtpx:hr></gpxtpx:TrackPointExtension></extensions></trkpt><trkpt lat="50.756758" lon="4.396143"><ele>123.600586</ele><time>2025-11-13T12:30:51+01:00</time><extensions><gpxtpx:TrackPointExtension><gpxtpx:hr>0</gpxtpx:hr></gpxtpx:TrackPointExtension></extensions></trkpt><trkpt lat="50.756762" lon="4.396268"><ele>123.5</ele><time>2025-11-13T12:30:56+01:00</time><extensions><gpxtpx:TrackPointExtension><gpxtpx:hr>0</gpxtpx:hr></gpxtpx:TrackPointExtension></extensions></trkpt><trkpt lat="50.756768" lon="4.396445"><ele>123.5</ele><time>2025-11-13T12:31:01+01:00</time><extensions><gpxtpx:TrackPointExtension><gpxtpx:hr>0</gpxtpx:hr></gpxtpx:TrackPointExtension></extensions></trkpt><trkpt lat="50.75683" lon="4.396617"><ele>123.5</ele><time>2025-11-13T12:31:06+01:00</time><extensions><gpxtpx:TrackPointExtension><gpxtpx:hr>0</gpxtpx:hr></gpxtpx:TrackPointExtension></extensions></trkpt><trkpt lat="50.75687" lon="4.396767"><ele>123.40039</ele><time>2025-11-13T12:31:11+01:00</time><extensions><gpxtpx:TrackPointExtension><gpxtpx:hr>0</gpxtpx:hr></gpxtpx:TrackPointExtension></extensions></trkpt><trkpt lat="50.756933" lon="4.396945"><ele>123.600586</ele><time>2025-11-13T12:31:16+01:00</time><extensions><gpxtpx:TrackPointExtension><gpxtpx:hr>0</gpxtpx:hr></gpxtpx:TrackPointExtension></extensions></trkpt><trkpt lat="50.756992" lon="4.39714"><ele>123.700195</ele><time>2025-11-13T12:31:21+01:00</time><extensions><gpxtpx:TrackPointExtension><gpxtpx:hr>0</gpxtpx:hr></gpxtpx:TrackPointExtension></extensions></trkpt><trkpt lat="50.757047" lon="4.397342"><ele>123.700195</ele><time>2025-11-13T12:31:26+01:00</time><extensions><gpxtpx:TrackPointExtension><gpxtpx:hr>0</gpxtpx:hr></gpxtpx:TrackPointExtension></extensions></trkpt><trkpt lat="50.757105" lon="4.397535"><ele>123.700195</ele><time>2025-11-13T12:31:31+01:00</time><extensions><gpxtpx:TrackPointExtension><gpxtpx:hr>0</gpxtpx:hr></gpxtpx:TrackPointExtension></extensions></trkpt><trkpt lat="50.757183" lon="4.397725"><ele>123.600586</ele><time>2025-11-13T12:31:36+01:00</time><extensions><gpxtpx:TrackPointExtension><gpxtpx:hr>0</gpxtpx:hr></gpxtpx:TrackPointExtension></extensions></trkpt><trkpt lat="50.7572" lon="4.397847"><ele>123.600586</ele><time>2025-11-13T12:31:41+01:00</time><extensions><gpxtpx:TrackPointExtension><gpxtpx:hr>0</gpxtpx:hr></gpxtpx:TrackPointExtension></extensions></trkpt><trkpt lat="50.757202" lon="4.398023"><ele>123.90039</ele><time>2025-11-13T12:31:46+01:00</time><extensions><gpxtpx:TrackPointExtension><gpxtpx:hr>0</gpxtpx:hr></gpxtpx:TrackPointExtension></extensions></trkpt><trkpt lat="50.757218" lon="4.398193"><ele>124.100586</ele><time>2025-11-13T12:31:51+01:00</time><extensions><gpxtpx:TrackPointExtension><gpxtpx:hr>0</gpxtpx:hr></gpxtpx:TrackPointExtension></extensions></trkpt><trkpt lat="50.757263" lon="4.398338"><ele>124.299805</ele><time>2025-11-13T12:31:56+01:00</time><extensions><gpxtpx:TrackPointExtension><gpxtpx:hr>0</gpxtpx:hr></gpxtpx:TrackPointExtension></extensions></trkpt><trkpt lat="50.757305" lon="4.398485"><ele>124.40039</ele><time>2025-11-13T12:32:01+01:00</time><extensions><gpxtpx:TrackPointExtension><gpxtpx:hr>0</gpxtpx:hr></gpxtpx:TrackPointExtension></extensions></trkpt><trkpt lat="50.757365" lon="4.398653"><ele>124.700195</ele><time>2025-11-13T12:32:06+01:00</time><extensions><gpxtpx:TrackPointExtension><gpxtpx:hr>0</gpxtpx:hr></gpxtpx:TrackPointExtension></extensions></trkpt><trkpt lat="50.75743" lon="4.39883"><ele>124.799805</ele><time>2025-11-13T12:32:11+01:00</time><extensions><gpxtpx:TrackPointExtension><gpxtpx:hr>0</gpxtpx:hr></gpxtpx:TrackPointExtension></extensions></trkpt><trkpt lat="50.757495" lon="4.399005"><ele>125</ele><time>2025-11-13T12:32:16+01:00</time><extensions><gpxtpx:TrackPointExtension><gpxtpx:hr>0</gpxtpx:hr></gpxtpx:TrackPointExtension></extensions></trkpt><trkpt lat="50.757602" lon="4.39925"><ele>125.299805</ele><time>2025-11-13T12:32:21+01:00</time><extensions><gpxtpx:TrackPointExtension><gpxtpx:hr>0</gpxtpx:hr></gpxtpx:TrackPointExtension></extensions></trkpt><trkpt lat="50.75768" lon="4.3995"><ele>125.40039</ele><time>2025-11-13T12:32:26+01:00</time><extensions><gpxtpx:TrackPointExtension><gpxtpx:hr>0</gpxtpx:hr></gpxtpx:TrackPointExtension></extensions></trkpt><trkpt lat="50.757742" lon="4.399743"><ele>125.40039</ele><time>2025-11-13T12:32:31+01:00</time><extensions><gpxtpx:TrackPointExtension><gpxtpx:hr>0</gpxtpx:hr></gpxtpx:TrackPointExtension></extensions></trkpt><trkpt lat="50.757782" lon="4.400025"><ele>125.299805</ele><time>2025-11-13T12:32:36+01:00</time><extensions><gpxtpx:TrackPointExtension><gpxtpx:hr>0</gpxtpx:hr></gpxtpx:TrackPointExtension></extensions></trkpt><trkpt lat="50.757818" lon="4.400322"><ele>125.299805</ele><time>2025-11-13T12:32:41+01:00</time><extensions><gpxtpx:TrackPointExtension><gpxtpx:hr>0</gpxtpx:hr></gpxtpx:TrackPointExtension></extensions></trkpt><trkpt lat="50.757832" lon="4.400585"><ele>125</ele><time>2025-11-13T12:32:46+01:00</time><extensions><gpxtpx:TrackPointExtension><gpxtpx:hr>0</gpxtpx:hr></gpxtpx:TrackPointExtension></extensions></trkpt><trkpt lat="50.757843" lon="4.400803"><ele>124.600586</ele><time>2025-11-13T12:32:51+01:00</time><extensions><gpxtpx:TrackPointExtension><gpxtpx:hr>0</gpxtpx:hr></gpxtpx:TrackPointExtension></extensions></trkpt><trkpt lat="50.757868" lon="4.400963"><ele>124.700195</ele><time>2025-11-13T12:32:56+01:00</time><extensions><gpxtpx:TrackPointExtension><gpxtpx:hr>0</gpxtpx:hr></gpxtpx:TrackPointExtension></extensions></trkpt><trkpt lat="50.757927" lon="4.401158"><ele>124.40039</ele><time>2025-11-13T12:33:01+01:00</time><extensions><gpxtpx:TrackPointExtension><gpxtpx:hr>0</gpxtpx:hr></gpxtpx:TrackPointExtension></extensions></trkpt><trkpt lat="50.757942" lon="4.401408"><ele>123.90039</ele><time>2025-11-13T12:33:06+01:00</time><extensions><gpxtpx:TrackPointExtension><gpxtpx:hr>0</gpxtpx:hr></gpxtpx:TrackPointExtension></extensions></trkpt><trkpt lat="50.757982" lon="4.401567"><ele>123.799805</ele><time>2025-11-13T12:33:11+01:00</time><extensions><gpxtpx:TrackPointExtension><gpxtpx:hr>0</gpxtpx:hr></gpxtpx:TrackPointExtension></extensions></trkpt><trkpt lat="50.757957" lon="4.401783"><ele>123.100586</ele><time>2025-11-13T12:33:16+01:00</time><extensions><gpxtpx:TrackPointExtension><gpxtpx:hr>0</gpxtpx:hr></gpxtpx:TrackPointExtension></extensions></trkpt><trkpt lat="50.757967" lon="4.402003"><ele>122.299805</ele><time>2025-11-13T12:33:21+01:00</time><extensions><gpxtpx:TrackPointExtension><gpxtpx:hr>0</gpxtpx:hr></gpxtpx:TrackPointExtension></extensions></trkpt><trkpt lat="50.75806" lon="4.402243"><ele>121.799805</ele><time>2025-11-13T12:33:26+01:00</time><extensions><gpxtpx:TrackPointExtension><gpxtpx:hr>0</gpxtpx:hr></gpxtpx:TrackPointExtension></extensions></trkpt><trkpt lat="50.758125" lon="4.40245"><ele>121.200195</ele><time>2025-11-13T12:33:31+01:00</time><extensions><gpxtpx:TrackPointExtension><gpxtpx:hr>0</gpxtpx:hr></gpxtpx:TrackPointExtension></extensions></trkpt><trkpt lat="50.758175" lon="4.402622"><ele>120.700195</ele><time>2025-11-13T12:33:36+01:00</time><extensions><gpxtpx:TrackPointExtension><gpxtpx:hr>0</gpxtpx:hr></gpxtpx:TrackPointExtension></extensions></trkpt><trkpt lat="50.758207" lon="4.402862"><ele>120.100586</ele><time>2025-11-13T12:33:41+01:00</time><extensions><gpxtpx:TrackPointExtension><gpxtpx:hr>0</gpxtpx:hr></gpxtpx:TrackPointExtension></extensions></trkpt><trkpt lat="50.758243" lon="4.403062"><ele>119.600586</ele><time>2025-11-13T12:33:46+01:00</time><extensions><gpxtpx:TrackPointExtension><gpxtpx:hr>0</gpxtpx:hr></gpxtpx:TrackPointExtension></extensions></trkpt><trkpt lat="50.758275" lon="4.403273"><ele>119.40039</ele><time>2025-11-13T12:33:51+01:00</time><extensions><gpxtpx:TrackPointExtension><gpxtpx:hr>0</gpxtpx:hr></gpxtpx:TrackPointExtension></extensions></trkpt><trkpt lat="50.758373" lon="4.403478"><ele>119.40039</ele><time>2025-11-13T12:33:56+01:00</time><extensions><gpxtpx:TrackPointExtension><gpxtpx:hr>0</gpxtpx:hr></gpxtpx:TrackPointExtension></extensions></trkpt><trkpt lat="50.75851" lon="4.403682"><ele>119.90039</ele><time>2025-11-13T12:34:01+01:00</time><extensions><gpxtpx:TrackPointExtension><gpxtpx:hr>0</gpxtpx:hr></gpxtpx:TrackPointExtension></extensions></trkpt><trkpt lat="50.758572" lon="4.403892"><ele>120.200195</ele><time>2025-11-13T12:34:06+01:00</time><extensions><gpxtpx:TrackPointExtension><gpxtpx:hr>0</gpxtpx:hr></gpxtpx:TrackPointExtension></extensions></trkpt><trkpt lat="50.758637" lon="4.404097"><ele>120.5</ele><time>2025-11-13T12:34:11+01:00</time><extensions><gpxtpx:TrackPointExtension><gpxtpx:hr>0</gpxtpx:hr></gpxtpx:TrackPointExtension></extensions></trkpt><trkpt lat="50.75872" lon="4.404303"><ele>120.799805</ele><time>2025-11-13T12:34:16+01:00</time><extensions><gpxtpx:TrackPointExtension><gpxtpx:hr>0</gpxtpx:hr></gpxtpx:TrackPointExtension></extensions></trkpt><trkpt lat="50.758777" lon="4.404447"><ele>121.100586</ele><time>2025-11-13T12:34:21+01:00</time><extensions><gpxtpx:TrackPointExtension><gpxtpx:hr>0</gpxtpx:hr></gpxtpx:TrackPointExtension></extensions></trkpt><trkpt lat="50.758848" lon="4.404647"><ele>121.200195</ele><time>2025-11-13T12:34:26+01:00</time><extensions><gpxtpx:TrackPointExtension><gpxtpx:hr>0</gpxtpx:hr></gpxtpx:TrackPointExtension></extensions></trkpt><trkpt lat="50.75892" lon="4.404798"><ele>121.40039</ele><time>2025-11-13T12:34:31+01:00</time><extensions><gpxtpx:TrackPointExtension><gpxtpx:hr>0</gpxtpx:hr></gpxtpx:TrackPointExtension></extensions></trkpt><trkpt lat="50.759015" lon="4.404827"><ele>121.5</ele><time>2025-11-13T12:34:36+01:00</time><extensions><gpxtpx:TrackPointExtension><gpxtpx:hr>0</gpxtpx:hr></gpxtpx:TrackPointExtension></extensions></trkpt><trkpt lat="50.759113" lon="4.404842"><ele>121.600586</ele><time>2025-11-13T12:34:41+01:00</time><extensions><gpxtpx:TrackPointExtension><gpxtpx:hr>0</gpxtpx:hr></gpxtpx:TrackPointExtension></extensions></trkpt><trkpt lat="50.759223" lon="4.404832"><ele>121.700195</ele><time>2025-11-13T12:34:46+01:00</time><extensions><gpxtpx:TrackPointExtension><gpxtpx:hr>0</gpxtpx:hr></gpxtpx:TrackPointExtension></extensions></trkpt><trkpt lat="50.759322" lon="4.404838"><ele>121.700195</ele><time>2025-11-13T12:34:51+01:00</time><extensions><gpxtpx:TrackPointExtension><gpxtpx:hr>0</gpxtpx:hr></gpxtpx:TrackPointExtension></extensions></trkpt><trkpt lat="50.759427" lon="4.404837"><ele>121.700195</ele><time>2025-11-13T12:34:56+01:00</time><extensions><gpxtpx:TrackPointExtension><gpxtpx:hr>0</gpxtpx:hr></gpxtpx:TrackPointExtension></extensions></trkpt><trkpt lat="50.759512" lon="4.404808"><ele>121.799805</ele><time>2025-11-13T12:35:01+01:00</time><extensions><gpxtpx:TrackPointExtension><gpxtpx:hr>0</gpxtpx:hr></gpxtpx:TrackPointExtension></extensions></trkpt><trkpt lat="50.759648" lon="4.404765"><ele>121.799805</ele><time>2025-11-13T12:35:06+01:00</time><extensions><gpxtpx:TrackPointExtension><gpxtpx:hr>0</gpxtpx:hr></gpxtpx:TrackPointExtension></extensions></trkpt><trkpt lat="50.759765" lon="4.404715"><ele>121.90039</ele><time>2025-11-13T12:35:11+01:00</time><extensions><gpxtpx:TrackPointExtension><gpxtpx:hr>0</gpxtpx:hr></gpxtpx:TrackPointExtension></extensions></trkpt><trkpt lat="50.759843" lon="4.40468"><ele>122</ele><time>2025-11-13T12:35:16+01:00</time><extensions><gpxtpx:TrackPointExtension><gpxtpx:hr>0</gpxtpx:hr></gpxtpx:TrackPointExtension></extensions></trkpt><trkpt lat="50.759928" lon="4.404628"><ele>122.100586</ele><time>2025-11-13T12:35:21+01:00</time><extensions><gpxtpx:TrackPointExtension><gpxtpx:hr>0</gpxtpx:hr></gpxtpx:TrackPointExtension></extensions></trkpt><trkpt lat="50.760013" lon="4.404585"><ele>122.100586</ele><time>2025-11-13T12:35:26+01:00</time><extensions><gpxtpx:TrackPointExtension><gpxtpx:hr>0</gpxtpx:hr></gpxtpx:TrackPointExtension></extensions></trkpt><trkpt lat="50.760122" lon="4.404542"><ele>122.299805</ele><time>2025-11-13T12:35:31+01:00</time><extensions><gpxtpx:TrackPointExtension><gpxtpx:hr>0</gpxtpx:hr></gpxtpx:TrackPointExtension></extensions></trkpt><trkpt lat="50.760215" lon="4.404483"><ele>122.40039</ele><time>2025-11-13T12:35:36+01:00</time><extensions><gpxtpx:TrackPointExtension><gpxtpx:hr>0</gpxtpx:hr></gpxtpx:TrackPointExtension></extensions></trkpt><trkpt lat="50.760307" lon="4.404427"><ele>122.5</ele><time>2025-11-13T12:35:41+01:00</time><extensions><gpxtpx:TrackPointExtension><gpxtpx:hr>0</gpxtpx:hr></gpxtpx:TrackPointExtension></extensions></trkpt><trkpt lat="50.760387" lon="4.40436"><ele>122.5</ele><time>2025-11-13T12:35:46+01:00</time><extensions><gpxtpx:TrackPointExtension><gpxtpx:hr>0</gpxtpx:hr></gpxtpx:TrackPointExtension></extensions></trkpt><trkpt lat="50.760508" lon="4.40426"><ele>122.600586</ele><time>2025-11-13T12:35:51+01:00</time><extensions><gpxtpx:TrackPointExtension><gpxtpx:hr>0</gpxtpx:hr></gpxtpx:TrackPointExtension></extensions></trkpt><trkpt lat="50.760628" lon="4.404203"><ele>122.700195</ele><time>2025-11-13T12:35:56+01:00</time><extensions><gpxtpx:TrackPointExtension><gpxtpx:hr>0</gpxtpx:hr></gpxtpx:TrackPointExtension></extensions></trkpt><trkpt lat="50.760747" lon="4.404135"><ele>122.799805</ele><time>2025-11-13T12:36:01+01:00</time><extensions><gpxtpx:TrackPointExtension><gpxtpx:hr>0</gpxtpx:hr></gpxtpx:TrackPointExtension></extensions></trkpt><trkpt lat="50.760863" lon="4.404028"><ele>123</ele><time>2025-11-13T12:36:06+01:00</time><extensions><gpxtpx:TrackPointExtension><gpxtpx:hr>0</gpxtpx:hr></gpxtpx:TrackPointExtension></extensions></trkpt><trkpt lat="50.760957" lon="4.403952"><ele>123.100586</ele><time>2025-11-13T12:36:11+01:00</time><extensions><gpxtpx:TrackPointExtension><gpxtpx:hr>0</gpxtpx:hr></gpxtpx:TrackPointExtension></extensions></trkpt><trkpt lat="50.76106" lon="4.403865"><ele>123.299805</ele><time>2025-11-13T12:36:16+01:00</time><extensions><gpxtpx:TrackPointExtension><gpxtpx:hr>0</gpxtpx:hr></gpxtpx:TrackPointExtension></extensions></trkpt><trkpt lat="50.76116" lon="4.403773"><ele>123.299805</ele><time>2025-11-13T12:36:21+01:00</time><extensions><gpxtpx:TrackPointExtension><gpxtpx:hr>0</gpxtpx:hr></gpxtpx:TrackPointExtension></extensions></trkpt><trkpt lat="50.761265" lon="4.403653"><ele>123.40039</ele><time>2025-11-13T12:36:26+01:00</time><extensions><gpxtpx:TrackPointExtension><gpxtpx:hr>0</gpxtpx:hr></gpxtpx:TrackPointExtension></extensions></trkpt><trkpt lat="50.761348" lon="4.403513"><ele>123.5</ele><time>2025-11-13T12:36:31+01:00</time><extensions><gpxtpx:TrackPointExtension><gpxtpx:hr>0</gpxtpx:hr></gpxtpx:TrackPointExtension></extensions></trkpt><trkpt lat="50.7614" lon="4.403408"><ele>123.600586</ele><time>2025-11-13T12:36:36+01:00</time><extensions><gpxtpx:TrackPointExtension><gpxtpx:hr>0</gpxtpx:hr></gpxtpx:TrackPointExtension></extensions></trkpt><trkpt lat="50.761473" lon="4.403292"><ele>123.700195</ele><time>2025-11-13T12:36:41+01:00</time><extensions><gpxtpx:TrackPointExtension><gpxtpx:hr>0</gpxtpx:hr></gpxtpx:TrackPointExtension></extensions></trkpt><trkpt lat="50.76156" lon="4.403162"><ele>123.90039</ele><time>2025-11-13T12:36:46+01:00</time><extensions><gpxtpx:TrackPointExtension><gpxtpx:hr>0</gpxtpx:hr></gpxtpx:TrackPointExtension></extensions></trkpt><trkpt lat="50.761672" lon="4.403052"><ele>124.200195</ele><time>2025-11-13T12:36:51+01:00</time><extensions><gpxtpx:TrackPointExtension><gpxtpx:hr>0</gpxtpx:hr></gpxtpx:TrackPointExtension></extensions></trkpt><trkpt lat="50.761732" lon="4.402952"><ele>124.40039</ele><time>2025-11-13T12:36:56+01:00</time><extensions><gpxtpx:TrackPointExtension><gpxtpx:hr>0</gpxtpx:hr></gpxtpx:TrackPointExtension></extensions></trkpt><trkpt lat="50.761793" lon="4.402862"><ele>124.600586</ele><time>2025-11-13T12:37:01+01:00</time><extensions><gpxtpx:TrackPointExtension><gpxtpx:hr>0</gpxtpx:hr></gpxtpx:TrackPointExtension></extensions></trkpt><trkpt lat="50.761855" lon="4.402768"><ele>125</ele><time>2025-11-13T12:37:06+01:00</time><extensions><gpxtpx:TrackPointExtension><gpxtpx:hr>0</gpxtpx:hr></gpxtpx:TrackPointExtension></extensions></trkpt><trkpt lat="50.76193" lon="4.402647"><ele>125.700195</ele><time>2025-11-13T12:37:11+01:00</time><extensions><gpxtpx:TrackPointExtension><gpxtpx:hr>0</gpxtpx:hr></gpxtpx:TrackPointExtension></extensions></trkpt><trkpt lat="50.762017" lon="4.402542"><ele>126.100586</ele><time>2025-11-13T12:37:16+01:00</time><extensions><gpxtpx:TrackPointExtension><gpxtpx:hr>0</gpxtpx:hr></gpxtpx:TrackPointExtension></extensions></trkpt><trkpt lat="50.7621" lon="4.402428"><ele>126.700195</ele><time>2025-11-13T12:37:21+01:00</time><extensions><gpxtpx:TrackPointExtension><gpxtpx:hr>0</gpxtpx:hr></gpxtpx:TrackPointExtension></extensions></trkpt><trkpt lat="50.762155" lon="4.402343"><ele>127</ele><time>2025-11-13T12:37:26+01:00</time><extensions><gpxtpx:TrackPointExtension><gpxtpx:hr>0</gpxtpx:hr></gpxtpx:TrackPointExtension></extensions></trkpt><trkpt lat="50.762187" lon="4.402238"><ele>127</ele><time>2025-11-13T12:37:31+01:00</time><extensions><gpxtpx:TrackPointExtension><gpxtpx:hr>0</gpxtpx:hr></gpxtpx:TrackPointExtension></extensions></trkpt><trkpt lat="50.762235" lon="4.402133"><ele>127.299805</ele><time>2025-11-13T12:37:36+01:00</time><extensions><gpxtpx:TrackPointExtension><gpxtpx:hr>0</gpxtpx:hr></gpxtpx:TrackPointExtension></extensions></trkpt><trkpt lat="50.762357" lon="4.402007"><ele>127.700195</ele><time>2025-11-13T12:37:41+01:00</time><extensions><gpxtpx:TrackPointExtension><gpxtpx:hr>0</gpxtpx:hr></gpxtpx:TrackPointExtension></extensions></trkpt><trkpt lat="50.762442" lon="4.401898"><ele>128.10059</ele><time>2025-11-13T12:37:46+01:00</time><extensions><gpxtpx:TrackPointExtension><gpxtpx:hr>0</gpxtpx:hr></gpxtpx:TrackPointExtension></extensions></trkpt><trkpt lat="50.762578" lon="4.401728"><ele>128.90039</ele><time>2025-11-13T12:37:51+01:00</time><extensions><gpxtpx:TrackPointExtension><gpxtpx:hr>0</gpxtpx:hr></gpxtpx:TrackPointExtension></extensions></trkpt><trkpt lat="50.762688" lon="4.40159"><ele>129.2998</ele><time>2025-11-13T12:37:56+01:00</time><extensions><gpxtpx:TrackPointExtension><gpxtpx:hr>0</gpxtpx:hr></gpxtpx:TrackPointExtension></extensions></trkpt><trkpt lat="50.762792" lon="4.401435"><ele>129.7002</ele><time>2025-11-13T12:38:01+01:00</time><extensions><gpxtpx:TrackPointExtension><gpxtpx:hr>0</gpxtpx:hr></gpxtpx:TrackPointExtension></extensions></trkpt><trkpt lat="50.762897" lon="4.401285"><ele>130.60059</ele><time>2025-11-13T12:38:06+01:00</time><extensions><gpxtpx:TrackPointExtension><gpxtpx:hr>0</gpxtpx:hr></gpxtpx:TrackPointExtension></extensions></trkpt><trkpt lat="50.763003" lon="4.401145"><ele>131.2002</ele><time>2025-11-13T12:38:11+01:00</time><extensions><gpxtpx:TrackPointExtension><gpxtpx:hr>0</gpxtpx:hr></gpxtpx:TrackPointExtension></extensions></trkpt><trkpt lat="50.763108" lon="4.401015"><ele>131.7002</ele><time>2025-11-13T12:38:16+01:00</time><extensions><gpxtpx:TrackPointExtension><gpxtpx:hr>0</gpxtpx:hr></gpxtpx:TrackPointExtension></extensions></trkpt><trkpt lat="50.763178" lon="4.400935"><ele>132</ele><time>2025-11-13T12:38:21+01:00</time><extensions><gpxtpx:TrackPointExtension><gpxtpx:hr>0</gpxtpx:hr></gpxtpx:TrackPointExtension></extensions></trkpt><trkpt lat="50.76323" lon="4.400862"><ele>132.10059</ele><time>2025-11-13T12:38:26+01:00</time><extensions><gpxtpx:TrackPointExtension><gpxtpx:hr>0</gpxtpx:hr></gpxtpx:TrackPointExtension></extensions></trkpt><trkpt lat="50.763298" lon="4.400782"><ele>132.2998</ele><time>2025-11-13T12:38:31+01:00</time><extensions><gpxtpx:TrackPointExtension><gpxtpx:hr>0</gpxtpx:hr></gpxtpx:TrackPointExtension></extensions></trkpt><trkpt lat="50.763392" lon="4.400702"><ele>132.2998</ele><time>2025-11-13T12:38:36+01:00</time><extensions><gpxtpx:TrackPointExtension><gpxtpx:hr>0</gpxtpx:hr></gpxtpx:TrackPointExtension></extensions></trkpt><trkpt lat="50.763425" lon="4.400653"><ele>132.2998</ele><time>2025-11-13T12:38:41+01:00</time><extensions><gpxtpx:TrackPointExtension><gpxtpx:hr>0</gpxtpx:hr></gpxtpx:TrackPointExtension></extensions></trkpt><trkpt lat="50.763512" lon="4.400603"><ele>132.2002</ele><time>2025-11-13T12:38:46+01:00</time><extensions><gpxtpx:TrackPointExtension><gpxtpx:hr>0</gpxtpx:hr></gpxtpx:TrackPointExtension></extensions></trkpt><trkpt lat="50.763588" lon="4.40056"><ele>132.10059</ele><time>2025-11-13T12:38:51+01:00</time><extensions><gpxtpx:TrackPointExtension><gpxtpx:hr>0</gpxtpx:hr></gpxtpx:TrackPointExtension></extensions></trkpt><trkpt lat="50.763598" lon="4.400558"><ele>132.10059</ele><time>2025-11-13T12:38:56+01:00</time><extensions><gpxtpx:TrackPointExtension><gpxtpx:hr>0</gpxtpx:hr></gpxtpx:TrackPointExtension></extensions></trkpt><trkpt lat="50.76366" lon="4.400637"><ele>131.60059</ele><time>2025-11-13T12:39:01+01:00</time><extensions><gpxtpx:TrackPointExtension><gpxtpx:hr>0</gpxtpx:hr></gpxtpx:TrackPointExtension></extensions></trkpt><trkpt lat="50.763692" lon="4.400728"><ele>131.2002</ele><time>2025-11-13T12:39:06+01:00</time><extensions><gpxtpx:TrackPointExtension><gpxtpx:hr>0</gpxtpx:hr></gpxtpx:TrackPointExtension></extensions></trkpt><trkpt lat="50.763722" lon="4.400812"><ele>130.7998</ele><time>2025-11-13T12:39:11+01:00</time><extensions><gpxtpx:TrackPointExtension><gpxtpx:hr>0</gpxtpx:hr></gpxtpx:TrackPointExtension></extensions></trkpt><trkpt lat="50.763745" lon="4.400507"><ele>132</ele><time>2025-11-13T12:39:16+01:00</time><extensions><gpxtpx:TrackPointExtension><gpxtpx:hr>0</gpxtpx:hr></gpxtpx:TrackPointExtension></extensions></trkpt><trkpt lat="50.763737" lon="4.400503"><ele>132</ele><time>2025-11-13T12:39:21+01:00</time><extensions><gpxtpx:TrackPointExtension><gpxtpx:hr>0</gpxtpx:hr></gpxtpx:TrackPointExtension></extensions></trkpt><trkpt lat="50.763748" lon="4.40046"><ele>132</ele><time>2025-11-13T12:39:26+01:00</time><extensions><gpxtpx:TrackPointExtension><gpxtpx:hr>0</gpxtpx:hr></gpxtpx:TrackPointExtension></extensions></trkpt><trkpt lat="50.76379" lon="4.400353"><ele>132.7002</ele><time>2025-11-13T12:39:31+01:00</time><extensions><gpxtpx:TrackPointExtension><gpxtpx:hr>0</gpxtpx:hr></gpxtpx:TrackPointExtension></extensions></trkpt><trkpt lat="50.763858" lon="4.40025"><ele>132.90039</ele><time>2025-11-13T12:39:36+01:00</time><extensions><gpxtpx:TrackPointExtension><gpxtpx:hr>0</gpxtpx:hr></gpxtpx:TrackPointExtension></extensions></trkpt><trkpt lat="50.763928" lon="4.400178"><ele>133.2002</ele><time>2025-11-13T12:39:41+01:00</time><extensions><gpxtpx:TrackPointExtension><gpxtpx:hr>0</gpxtpx:hr></gpxtpx:TrackPointExtension></extensions></trkpt><trkpt lat="50.764005" lon="4.400095"><ele>133.40039</ele><time>2025-11-13T12:39:46+01:00</time><extensions><gpxtpx:TrackPointExtension><gpxtpx:hr>0</gpxtpx:hr></gpxtpx:TrackPointExtension></extensions></trkpt><trkpt lat="50.764117" lon="4.399945"><ele>133.60059</ele><time>2025-11-13T12:39:51+01:00</time><extensions><gpxtpx:TrackPointExtension><gpxtpx:hr>0</gpxtpx:hr></gpxtpx:TrackPointExtension></extensions></trkpt><trkpt lat="50.764472" lon="4.399648"><ele>133.40039</ele><time>2025-11-13T12:39:56+01:00</time><extensions><gpxtpx:TrackPointExtension><gpxtpx:hr>0</gpxtpx:hr></gpxtpx:TrackPointExtension></extensions></trkpt><trkpt lat="50.764788" lon="4.39933"><ele>132.60059</ele><time>2025-11-13T12:40:01+01:00</time><extensions><gpxtpx:TrackPointExtension><gpxtpx:hr>0</gpxtpx:hr></gpxtpx:TrackPointExtension></extensions></trkpt><trkpt lat="50.76513" lon="4.398995"><ele>131.5</ele><time>2025-11-13T12:40:06+01:00</time><extensions><gpxtpx:TrackPointExtension><gpxtpx:hr>0</gpxtpx:hr></gpxtpx:TrackPointExtension></extensions></trkpt><trkpt lat="50.765515" lon="4.398668"><ele>130.40039</ele><time>2025-11-13T12:40:11+01:00</time><extensions><gpxtpx:TrackPointExtension><gpxtpx:hr>0</gpxtpx:hr></gpxtpx:TrackPointExtension></extensions></trkpt><trkpt lat="50.765732" lon="4.398437"><ele>130.60059</ele><time>2025-11-13T12:40:16+01:00</time><extensions><gpxtpx:TrackPointExtension><gpxtpx:hr>0</gpxtpx:hr></gpxtpx:TrackPointExtension></extensions></trkpt><trkpt lat="50.766065" lon="4.398128"><ele>131.7002</ele><time>2025-11-13T12:40:21+01:00</time><extensions><gpxtpx:TrackPointExtension><gpxtpx:hr>0</gpxtpx:hr></gpxtpx:TrackPointExtension></extensions></trkpt><trkpt lat="50.766212" lon="4.397963"><ele>132.2002</ele><time>2025-11-13T12:40:26+01:00</time><extensions><gpxtpx:TrackPointExtension><gpxtpx:hr>0</gpxtpx:hr></gpxtpx:TrackPointExtension></extensions></trkpt><trkpt lat="50.766297" lon="4.397863"><ele>132.7002</ele><time>2025-11-13T12:40:31+01:00</time><extensions><gpxtpx:TrackPointExtension><gpxtpx:hr>0</gpxtpx:hr></gpxtpx:TrackPointExtension></extensions></trkpt><trkpt lat="50.766343" lon="4.397815"><ele>132.90039</ele><time>2025-11-13T12:40:36+01:00</time><extensions><gpxtpx:TrackPointExtension><gpxtpx:hr>0</gpxtpx:hr></gpxtpx:TrackPointExtension></extensions></trkpt><trkpt lat="50.766435" lon="4.397753"><ele>133.2998</ele><time>2025-11-13T12:40:41+01:00</time><extensions><gpxtpx:TrackPointExtension><gpxtpx:hr>0</gpxtpx:hr></gpxtpx:TrackPointExtension></extensions></trkpt><trkpt lat="50.766513" lon="4.397693"><ele>133.60059</ele><time>2025-11-13T12:40:46+01:00</time><extensions><gpxtpx:TrackPointExtension><gpxtpx:hr>0</gpxtpx:hr></gpxtpx:TrackPointExtension></extensions></trkpt><trkpt lat="50.766572" lon="4.39762"><ele>133.7998</ele><time>2025-11-13T12:40:51+01:00</time><extensions><gpxtpx:TrackPointExtension><gpxtpx:hr>0</gpxtpx:hr></gpxtpx:TrackPointExtension></extensions></trkpt><trkpt lat="50.766622" lon="4.39756"><ele>133.90039</ele><time>2025-11-13T12:40:56+01:00</time><extensions><gpxtpx:TrackPointExtension><gpxtpx:hr>0</gpxtpx:hr></gpxtpx:TrackPointExtension></extensions></trkpt><trkpt lat="50.766707" lon="4.397502"><ele>133.7002</ele><time>2025-11-13T12:41:01+01:00</time><extensions><gpxtpx:TrackPointExtension><gpxtpx:hr>0</gpxtpx:hr></gpxtpx:TrackPointExtension></extensions></trkpt><trkpt lat="50.766785" lon="4.397442"><ele>133.40039</ele><time>2025-11-13T12:41:06+01:00</time><extensions><gpxtpx:TrackPointExtension><gpxtpx:hr>0</gpxtpx:hr></gpxtpx:TrackPointExtension></extensions></trkpt><trkpt lat="50.766853" lon="4.397328"><ele>133</ele><time>2025-11-13T12:41:11+01:00</time><extensions><gpxtpx:TrackPointExtension><gpxtpx:hr>0</gpxtpx:hr></gpxtpx:TrackPointExtension></extensions></trkpt><trkpt lat="50.766903" lon="4.397242"><ele>132.40039</ele><time>2025-11-13T12:41:16+01:00</time><extensions><gpxtpx:TrackPointExtension><gpxtpx:hr>0</gpxtpx:hr></gpxtpx:TrackPointExtension></extensions></trkpt><trkpt lat="50.766962" lon="4.397163"><ele>131.7002</ele><time>2025-11-13T12:41:21+01:00</time><extensions><gpxtpx:TrackPointExtension><gpxtpx:hr>0</gpxtpx:hr></gpxtpx:TrackPointExtension></extensions></trkpt><trkpt lat="50.767017" lon="4.397108"><ele>131.2998</ele><time>2025-11-13T12:41:26+01:00</time><extensions><gpxtpx:TrackPointExtension><gpxtpx:hr>0</gpxtpx:hr></gpxtpx:TrackPointExtension></extensions></trkpt><trkpt lat="50.767033" lon="4.397083"><ele>130.7002</ele><time>2025-11-13T12:41:31+01:00</time><extensions><gpxtpx:TrackPointExtension><gpxtpx:hr>0</gpxtpx:hr></gpxtpx:TrackPointExtension></extensions></trkpt><trkpt lat="50.767067" lon="4.397043"><ele>130.7002</ele><time>2025-11-13T12:41:36+01:00</time><extensions><gpxtpx:TrackPointExtension><gpxtpx:hr>0</gpxtpx:hr></gpxtpx:TrackPointExtension></extensions></trkpt><trkpt lat="50.767183" lon="4.396993"><ele>130</ele><time>2025-11-13T12:41:41+01:00</time><extensions><gpxtpx:TrackPointExtension><gpxtpx:hr>0</gpxtpx:hr></gpxtpx:TrackPointExtension></extensions></trkpt><trkpt lat="50.767247" lon="4.39696"><ele>129.90039</ele><time>2025-11-13T12:41:46+01:00</time><extensions><gpxtpx:TrackPointExtension><gpxtpx:hr>0</gpxtpx:hr></gpxtpx:TrackPointExtension></extensions></trkpt><trkpt lat="50.7673" lon="4.396932"><ele>129.7002</ele><time>2025-11-13T12:41:51+01:00</time><extensions><gpxtpx:TrackPointExtension><gpxtpx:hr>0</gpxtpx:hr></gpxtpx:TrackPointExtension></extensions></trkpt><trkpt lat="50.767353" lon="4.396862"><ele>129.7002</ele><time>2025-11-13T12:41:56+01:00</time><extensions><gpxtpx:TrackPointExtension><gpxtpx:hr>0</gpxtpx:hr></gpxtpx:TrackPointExtension></extensions></trkpt><trkpt lat="50.767398" lon="4.396813"><ele>129.5</ele><time>2025-11-13T12:42:01+01:00</time><extensions><gpxtpx:TrackPointExtension><gpxtpx:hr>0</gpxtpx:hr></gpxtpx:TrackPointExtension></extensions></trkpt><trkpt lat="50.767458" lon="4.396737"><ele>129.40039</ele><time>2025-11-13T12:42:06+01:00</time><extensions><gpxtpx:TrackPointExtension><gpxtpx:hr>0</gpxtpx:hr></gpxtpx:TrackPointExtension></extensions></trkpt><trkpt lat="50.76753" lon="4.396685"><ele>129.5</ele><time>2025-11-13T12:42:11+01:00</time><extensions><gpxtpx:TrackPointExtension><gpxtpx:hr>0</gpxtpx:hr></gpxtpx:TrackPointExtension></extensions></trkpt><trkpt lat="50.7676" lon="4.396762"><ele>129.60059</ele><time>2025-11-13T12:42:16+01:00</time><extensions><gpxtpx:TrackPointExtension><gpxtpx:hr>0</gpxtpx:hr></gpxtpx:TrackPointExtension></extensions></trkpt><trkpt lat="50.76768" lon="4.39691"><ele>130.10059</ele><time>2025-11-13T12:42:21+01:00</time><extensions><gpxtpx:TrackPointExtension><gpxtpx:hr>0</gpxtpx:hr></gpxtpx:TrackPointExtension></extensions></trkpt><trkpt lat="50.767753" lon="4.397072"><ele>130.5</ele><time>2025-11-13T12:42:26+01:00</time><extensions><gpxtpx:TrackPointExtension><gpxtpx:hr>0</gpxtpx:hr></gpxtpx:TrackPointExtension></extensions></trkpt><trkpt lat="50.767798" lon="4.397237"><ele>130.90039</ele><time>2025-11-13T12:42:31+01:00</time><extensions><gpxtpx:TrackPointExtension><gpxtpx:hr>0</gpxtpx:hr></gpxtpx:TrackPointExtension></extensions></trkpt><trkpt lat="50.767867" lon="4.397457"><ele>131.2998</ele><time>2025-11-13T12:42:36+01:00</time><extensions><gpxtpx:TrackPointExtension><gpxtpx:hr>0</gpxtpx:hr></gpxtpx:TrackPointExtension></extensions></trkpt><trkpt lat="50.767957" lon="4.397698"><ele>131.5</ele><time>2025-11-13T12:42:41+01:00</time><extensions><gpxtpx:TrackPointExtension><gpxtpx:hr>0</gpxtpx:hr></gpxtpx:TrackPointExtension></extensions></trkpt><trkpt lat="50.768005" lon="4.39793"><ele>131.60059</ele><time>2025-11-13T12:42:46+01:00</time><extensions><gpxtpx:TrackPointExtension><gpxtpx:hr>0</gpxtpx:hr></gpxtpx:TrackPointExtension></extensions></trkpt><trkpt lat="50.768065" lon="4.398118"><ele>131.5</ele><time>2025-11-13T12:42:51+01:00</time><extensions><gpxtpx:TrackPointExtension><gpxtpx:hr>0</gpxtpx:hr></gpxtpx:TrackPointExtension></extensions></trkpt><trkpt lat="50.768123" lon="4.398297"><ele>131.5</ele><time>2025-11-13T12:42:56+01:00</time><extensions><gpxtpx:TrackPointExtension><gpxtpx:hr>0</gpxtpx:hr></gpxtpx:TrackPointExtension></extensions></trkpt><trkpt lat="50.768163" lon="4.398417"><ele>131.40039</ele><time>2025-11-13T12:43:01+01:00</time><extensions><gpxtpx:TrackPointExtension><gpxtpx:hr>0</gpxtpx:hr></gpxtpx:TrackPointExtension></extensions></trkpt><trkpt lat="50.768228" lon="4.398633"><ele>131</ele><time>2025-11-13T12:43:06+01:00</time><extensions><gpxtpx:TrackPointExtension><gpxtpx:hr>0</gpxtpx:hr></gpxtpx:TrackPointExtension></extensions></trkpt><trkpt lat="50.76828" lon="4.398817"><ele>130.7998</ele><time>2025-11-13T12:43:11+01:00</time><extensions><gpxtpx:TrackPointExtension><gpxtpx:hr>0</gpxtpx:hr></gpxtpx:TrackPointExtension></extensions></trkpt><trkpt lat="50.76833" lon="4.398987"><ele>130.7002</ele><time>2025-11-13T12:43:16+01:00</time><extensions><gpxtpx:TrackPointExtension><gpxtpx:hr>0</gpxtpx:hr></gpxtpx:TrackPointExtension></extensions></trkpt><trkpt lat="50.768368" lon="4.399152"><ele>130.5</ele><time>2025-11-13T12:43:21+01:00</time><extensions><gpxtpx:TrackPointExtension><gpxtpx:hr>0</gpxtpx:hr></gpxtpx:TrackPointExtension></extensions></trkpt><trkpt lat="50.76842" lon="4.39936"><ele>130.2998</ele><time>2025-11-13T12:43:26+01:00</time><extensions><gpxtpx:TrackPointExtension><gpxtpx:hr>0</gpxtpx:hr></gpxtpx:TrackPointExtension></extensions></trkpt><trkpt lat="50.768483" lon="4.399572"><ele>130.10059</ele><time>2025-11-13T12:43:31+01:00</time><extensions><gpxtpx:TrackPointExtension><gpxtpx:hr>0</gpxtpx:hr></gpxtpx:TrackPointExtension></extensions></trkpt><trkpt lat="50.76854" lon="4.399735"><ele>129.90039</ele><time>2025-11-13T12:43:36+01:00</time><extensions><gpxtpx:TrackPointExtension><gpxtpx:hr>0</gpxtpx:hr></gpxtpx:TrackPointExtension></extensions></trkpt><trkpt lat="50.768578" lon="4.399878"><ele>129.60059</ele><time>2025-11-13T12:43:41+01:00</time><extensions><gpxtpx:TrackPointExtension><gpxtpx:hr>0</gpxtpx:hr></gpxtpx:TrackPointExtension></extensions></trkpt><trkpt lat="50.768623" lon="4.400037"><ele>129.2998</ele><time>2025-11-13T12:43:46+01:00</time><extensions><gpxtpx:TrackPointExtension><gpxtpx:hr>0</gpxtpx:hr></gpxtpx:TrackPointExtension></extensions></trkpt><trkpt lat="50.76869" lon="4.400208"><ele>128.7998</ele><time>2025-11-13T12:43:51+01:00</time><extensions><gpxtpx:TrackPointExtension><gpxtpx:hr>0</gpxtpx:hr></gpxtpx:TrackPointExtension></extensions></trkpt><trkpt lat="50.768735" lon="4.400315"><ele>128.40039</ele><time>2025-11-13T12:43:56+01:00</time><extensions><gpxtpx:TrackPointExtension><gpxtpx:hr>0</gpxtpx:hr></gpxtpx:TrackPointExtension></extensions></trkpt><trkpt lat="50.768795" lon="4.40052"><ele>127.90039</ele><time>2025-11-13T12:44:01+01:00</time><extensions><gpxtpx:TrackPointExtension><gpxtpx:hr>0</gpxtpx:hr></gpxtpx:TrackPointExtension></extensions></trkpt><trkpt lat="50.76885" lon="4.400663"><ele>127.40039</ele><time>2025-11-13T12:44:06+01:00</time><extensions><gpxtpx:TrackPointExtension><gpxtpx:hr>0</gpxtpx:hr></gpxtpx:TrackPointExtension></extensions></trkpt><trkpt lat="50.76889" lon="4.400788"><ele>127</ele><time>2025-11-13T12:44:11+01:00</time><extensions><gpxtpx:TrackPointExtension><gpxtpx:hr>0</gpxtpx:hr></gpxtpx:TrackPointExtension></extensions></trkpt><trkpt lat="50.768945" lon="4.400943"><ele>126.299805</ele><time>2025-11-13T12:44:16+01:00</time><extensions><gpxtpx:TrackPointExtension><gpxtpx:hr>0</gpxtpx:hr></gpxtpx:TrackPointExtension></extensions></trkpt><trkpt lat="50.768992" lon="4.401108"><ele>125.600586</ele><time>2025-11-13T12:44:21+01:00</time><extensions><gpxtpx:TrackPointExtension><gpxtpx:hr>0</gpxtpx:hr></gpxtpx:TrackPointExtension></extensions></trkpt><trkpt lat="50.769043" lon="4.401272"><ele>124.799805</ele><time>2025-11-13T12:44:26+01:00</time><extensions><gpxtpx:TrackPointExtension><gpxtpx:hr>0</gpxtpx:hr></gpxtpx:TrackPointExtension></extensions></trkpt><trkpt lat="50.769095" lon="4.401452"><ele>124.200195</ele><time>2025-11-13T12:44:31+01:00</time><extensions><gpxtpx:TrackPointExtension><gpxtpx:hr>0</gpxtpx:hr></gpxtpx:TrackPointExtension></extensions></trkpt><trkpt lat="50.769145" lon="4.401623"><ele>123.600586</ele><time>2025-11-13T12:44:36+01:00</time><extensions><gpxtpx:TrackPointExtension><gpxtpx:hr>0</gpxtpx:hr></gpxtpx:TrackPointExtension></extensions></trkpt><trkpt lat="50.769178" lon="4.401773"><ele>123.100586</ele><time>2025-11-13T12:44:41+01:00</time><extensions><gpxtpx:TrackPointExtension><gpxtpx:hr>0</gpxtpx:hr></gpxtpx:TrackPointExtension></extensions></trkpt><trkpt lat="50.769217" lon="4.401927"><ele>122.299805</ele><time>2025-11-13T12:44:46+01:00</time><extensions><gpxtpx:TrackPointExtension><gpxtpx:hr>0</gpxtpx:hr></gpxtpx:TrackPointExtension></extensions></trkpt><trkpt lat="50.76927" lon="4.40215"><ele>121.5</ele><time>2025-11-13T12:44:51+01:00</time><extensions><gpxtpx:TrackPointExtension><gpxtpx:hr>0</gpxtpx:hr></gpxtpx:TrackPointExtension></extensions></trkpt><trkpt lat="50.769307" lon="4.40232"><ele>120.799805</ele><time>2025-11-13T12:44:56+01:00</time><extensions><gpxtpx:TrackPointExtension><gpxtpx:hr>0</gpxtpx:hr></gpxtpx:TrackPointExtension></extensions></trkpt><trkpt lat="50.769347" lon="4.402512"><ele>120</ele><time>2025-11-13T12:45:01+01:00</time><extensions><gpxtpx:TrackPointExtension><gpxtpx:hr>0</gpxtpx:hr></gpxtpx:TrackPointExtension></extensions></trkpt><trkpt lat="50.7694" lon="4.402643"><ele>119.299805</ele><time>2025-11-13T12:45:06+01:00</time><extensions><gpxtpx:TrackPointExtension><gpxtpx:hr>0</gpxtpx:hr></gpxtpx:TrackPointExtension></extensions></trkpt><trkpt lat="50.769458" lon="4.402715"><ele>119</ele><time>2025-11-13T12:45:11+01:00</time><extensions><gpxtpx:TrackPointExtension><gpxtpx:hr>0</gpxtpx:hr></gpxtpx:TrackPointExtension></extensions></trkpt><trkpt lat="50.769503" lon="4.402838"><ele>118.600586</ele><time>2025-11-13T12:45:16+01:00</time><extensions><gpxtpx:TrackPointExtension><gpxtpx:hr>0</gpxtpx:hr></gpxtpx:TrackPointExtension></extensions></trkpt><trkpt lat="50.76955" lon="4.40299"><ele>117.90039</ele><time>2025-11-13T12:45:21+01:00</time><extensions><gpxtpx:TrackPointExtension><gpxtpx:hr>0</gpxtpx:hr></gpxtpx:TrackPointExtension></extensions></trkpt><trkpt lat="50.769583" lon="4.403102"><ele>117.700195</ele><time>2025-11-13T12:45:26+01:00</time><extensions><gpxtpx:TrackPointExtension><gpxtpx:hr>0</gpxtpx:hr></gpxtpx:TrackPointExtension></extensions></trkpt><trkpt lat="50.769653" lon="4.403278"><ele>117.299805</ele><time>2025-11-13T12:45:31+01:00</time><extensions><gpxtpx:TrackPointExtension><gpxtpx:hr>0</gpxtpx:hr></gpxtpx:TrackPointExtension></extensions></trkpt><trkpt lat="50.769675" lon="4.403433"><ele>117.100586</ele><time>2025-11-13T12:45:36+01:00</time><extensions><gpxtpx:TrackPointExtension><gpxtpx:hr>0</gpxtpx:hr></gpxtpx:TrackPointExtension></extensions></trkpt><trkpt lat="50.769687" lon="4.403535"><ele>117</ele><time>2025-11-13T12:45:41+01:00</time><extensions><gpxtpx:TrackPointExtension><gpxtpx:hr>0</gpxtpx:hr></gpxtpx:TrackPointExtension></extensions></trkpt><trkpt lat="50.769723" lon="4.403725"><ele>117.100586</ele><time>2025-11-13T12:45:46+01:00</time><extensions><gpxtpx:TrackPointExtension><gpxtpx:hr>0</gpxtpx:hr></gpxtpx:TrackPointExtension></extensions></trkpt><trkpt lat="50.769757" lon="4.403898"><ele>117.200195</ele><time>2025-11-13T12:45:51+01:00</time><extensions><gpxtpx:TrackPointExtension><gpxtpx:hr>0</gpxtpx:hr></gpxtpx:TrackPointExtension></extensions></trkpt><trkpt lat="50.76981" lon="4.404052"><ele>117.299805</ele><time>2025-11-13T12:45:56+01:00</time><extensions><gpxtpx:TrackPointExtension><gpxtpx:hr>0</gpxtpx:hr></gpxtpx:TrackPointExtension></extensions></trkpt><trkpt lat="50.76987" lon="4.404263"><ele>117.200195</ele><time>2025-11-13T12:46:01+01:00</time><extensions><gpxtpx:TrackPointExtension><gpxtpx:hr>0</gpxtpx:hr></gpxtpx:TrackPointExtension></extensions></trkpt><trkpt lat="50.76993" lon="4.404423"><ele>117.100586</ele><time>2025-11-13T12:46:06+01:00</time><extensions><gpxtpx:TrackPointExtension><gpxtpx:hr>0</gpxtpx:hr></gpxtpx:TrackPointExtension></extensions></trkpt><trkpt lat="50.769978" lon="4.404595"><ele>116.90039</ele><time>2025-11-13T12:46:11+01:00</time><extensions><gpxtpx:TrackPointExtension><gpxtpx:hr>0</gpxtpx:hr></gpxtpx:TrackPointExtension></extensions></trkpt><trkpt lat="50.770015" lon="4.404702"><ele>116.799805</ele><time>2025-11-13T12:46:16+01:00</time><extensions><gpxtpx:TrackPointExtension><gpxtpx:hr>0</gpxtpx:hr></gpxtpx:TrackPointExtension></extensions></trkpt><trkpt lat="50.770077" lon="4.404848"><ele>116.5</ele><time>2025-11-13T12:46:21+01:00</time><extensions><gpxtpx:TrackPointExtension><gpxtpx:hr>0</gpxtpx:hr></gpxtpx:TrackPointExtension></extensions></trkpt><trkpt lat="50.770103" lon="4.40502"><ele>116.299805</ele><time>2025-11-13T12:46:26+01:00</time><extensions><gpxtpx:TrackPointExtension><gpxtpx:hr>0</gpxtpx:hr></gpxtpx:TrackPointExtension></extensions></trkpt><trkpt lat="50.770163" lon="4.405218"><ele>116</ele><time>2025-11-13T12:46:31+01:00</time><extensions><gpxtpx:TrackPointExtension><gpxtpx:hr>0</gpxtpx:hr></gpxtpx:TrackPointExtension></extensions></trkpt><trkpt lat="50.770237" lon="4.405377"><ele>115.700195</ele><time>2025-11-13T12:46:36+01:00</time><extensions><gpxtpx:TrackPointExtension><gpxtpx:hr>0</gpxtpx:hr></gpxtpx:TrackPointExtension></extensions></trkpt><trkpt lat="50.770308" lon="4.405528"><ele>115.40039</ele><time>2025-11-13T12:46:41+01:00</time><extensions><gpxtpx:TrackPointExtension><gpxtpx:hr>0</gpxtpx:hr></gpxtpx:TrackPointExtension></extensions></trkpt><trkpt lat="50.770352" lon="4.40559"><ele>115.5</ele><time>2025-11-13T12:46:46+01:00</time><extensions><gpxtpx:TrackPointExtension><gpxtpx:hr>0</gpxtpx:hr></gpxtpx:TrackPointExtension></extensions></trkpt><trkpt lat="50.770345" lon="4.405637"><ele>115.299805</ele><time>2025-11-13T12:46:51+01:00</time><extensions><gpxtpx:TrackPointExtension><gpxtpx:hr>0</gpxtpx:hr></gpxtpx:TrackPointExtension></extensions></trkpt><trkpt lat="50.77035" lon="4.405673"><ele>115.299805</ele><time>2025-11-13T12:46:56+01:00</time><extensions><gpxtpx:TrackPointExtension><gpxtpx:hr>0</gpxtpx:hr></gpxtpx:TrackPointExtension></extensions></trkpt><trkpt lat="50.770353" lon="4.405757"><ele>115.200195</ele><time>2025-11-13T12:47:01+01:00</time><extensions><gpxtpx:TrackPointExtension><gpxtpx:hr>0</gpxtpx:hr></gpxtpx:TrackPointExtension></extensions></trkpt><trkpt lat="50.770342" lon="4.405785"><ele>115.100586</ele><time>2025-11-13T12:47:06+01:00</time><extensions><gpxtpx:TrackPointExtension><gpxtpx:hr>0</gpxtpx:hr></gpxtpx:TrackPointExtension></extensions></trkpt><trkpt lat="50.770342" lon="4.405782"><ele>115.100586</ele><time>2025-11-13T12:47:11+01:00</time><extensions><gpxtpx:TrackPointExtension><gpxtpx:hr>0</gpxtpx:hr></gpxtpx:TrackPointExtension></extensions></trkpt><trkpt lat="50.77034" lon="4.40578"><ele>115.100586</ele><time>2025-11-13T12:47:16+01:00</time><extensions><gpxtpx:TrackPointExtension><gpxtpx:hr>0</gpxtpx:hr></gpxtpx:TrackPointExtension></extensions></trkpt><trkpt lat="50.770337" lon="4.405782"><ele>115.100586</ele><time>2025-11-13T12:47:21+01:00</time><extensions><gpxtpx:TrackPointExtension><gpxtpx:hr>0</gpxtpx:hr></gpxtpx:TrackPointExtension></extensions></trkpt><trkpt lat="50.770337" lon="4.40578"><ele>115.100586</ele><time>2025-11-13T12:47:26+01:00</time><extensions><gpxtpx:TrackPointExtension><gpxtpx:hr>0</gpxtpx:hr></gpxtpx:TrackPointExtension></extensions></trkpt><trkpt lat="50.770338" lon="4.405782"><ele>115.100586</ele><time>2025-11-13T12:47:31+01:00</time><extensions><gpxtpx:TrackPointExtension><gpxtpx:hr>0</gpxtpx:hr></gpxtpx:TrackPointExtension></extensions></trkpt><trkpt lat="50.770335" lon="4.40578"><ele>115.100586</ele><time>2025-11-13T12:47:36+01:00</time><extensions><gpxtpx:TrackPointExtension><gpxtpx:hr>0</gpxtpx:hr></gpxtpx:TrackPointExtension></extensions></trkpt><trkpt lat="50.770333" lon="4.405778"><ele>115.100586</ele><time>2025-11-13T12:47:41+01:00</time><extensions><gpxtpx:TrackPointExtension><gpxtpx:hr>0</gpxtpx:hr></gpxtpx:TrackPointExtension></extensions></trkpt><trkpt lat="50.770333" lon="4.405777"><ele>115.100586</ele><time>2025-11-13T12:47:46+01:00</time><extensions><gpxtpx:TrackPointExtension><gpxtpx:hr>0</gpxtpx:hr></gpxtpx:TrackPointExtension></extensions></trkpt><trkpt lat="50.770338" lon="4.405775"><ele>115.200195</ele><time>2025-11-13T12:47:51+01:00</time><extensions><gpxtpx:TrackPointExtension><gpxtpx:hr>0</gpxtpx:hr></gpxtpx:TrackPointExtension></extensions></trkpt><trkpt lat="50.770338" lon="4.405773"><ele>115.200195</ele><time>2025-11-13T12:47:56+01:00</time><extensions><gpxtpx:TrackPointExtension><gpxtpx:hr>0</gpxtpx:hr></gpxtpx:TrackPointExtension></extensions></trkpt><trkpt lat="50.770338" lon="4.40577"><ele>115.200195</ele><time>2025-11-13T12:48:01+01:00</time><extensions><gpxtpx:TrackPointExtension><gpxtpx:hr>0</gpxtpx:hr></gpxtpx:TrackPointExtension></extensions></trkpt><trkpt lat="50.77034" lon="4.405767"><ele>115.200195</ele><time>2025-11-13T12:48:06+01:00</time><extensions><gpxtpx:TrackPointExtension><gpxtpx:hr>0</gpxtpx:hr></gpxtpx:TrackPointExtension></extensions></trkpt><trkpt lat="50.770342" lon="4.405768"><ele>115.200195</ele><time>2025-11-13T12:48:11+01:00</time><extensions><gpxtpx:TrackPointExtension><gpxtpx:hr>0</gpxtpx:hr></gpxtpx:TrackPointExtension></extensions></trkpt><trkpt lat="50.770342" lon="4.405767"><ele>115.200195</ele><time>2025-11-13T12:48:16+01:00</time><extensions><gpxtpx:TrackPointExtension><gpxtpx:hr>0</gpxtpx:hr></gpxtpx:TrackPointExtension></extensions></trkpt><trkpt lat="50.770623" lon="4.406595"><ele>115.600586</ele><time>2025-11-13T12:48:21+01:00</time><extensions><gpxtpx:TrackPointExtension><gpxtpx:hr>0</gpxtpx:hr></gpxtpx:TrackPointExtension></extensions></trkpt><trkpt lat="50.770663" lon="4.406725"><ele>115.700195</ele><time>2025-11-13T12:48:26+01:00</time><extensions><gpxtpx:TrackPointExtension><gpxtpx:hr>0</gpxtpx:hr></gpxtpx:TrackPointExtension></extensions></trkpt><trkpt lat="50.770723" lon="4.406928"><ele>116.5</ele><time>2025-11-13T12:48:31+01:00</time><extensions><gpxtpx:TrackPointExtension><gpxtpx:hr>0</gpxtpx:hr></gpxtpx:TrackPointExtension></extensions></trkpt><trkpt lat="50.77076" lon="4.407073"><ele>116.600586</ele><time>2025-11-13T12:48:36+01:00</time><extensions><gpxtpx:TrackPointExtension><gpxtpx:hr>0</gpxtpx:hr></gpxtpx:TrackPointExtension></extensions></trkpt><trkpt lat="50.770733" lon="4.407205"><ele>116.600586</ele><time>2025-11-13T12:48:41+01:00</time><extensions><gpxtpx:TrackPointExtension><gpxtpx:hr>0</gpxtpx:hr></gpxtpx:TrackPointExtension></extensions></trkpt><trkpt lat="50.770677" lon="4.407275"><ele>116.299805</ele><time>2025-11-13T12:48:46+01:00</time><extensions><gpxtpx:TrackPointExtension><gpxtpx:hr>0</gpxtpx:hr></gpxtpx:TrackPointExtension></extensions></trkpt><trkpt lat="50.77063" lon="4.407322"><ele>115.90039</ele><time>2025-11-13T12:48:51+01:00</time><extensions><gpxtpx:TrackPointExtension><gpxtpx:hr>0</gpxtpx:hr></gpxtpx:TrackPointExtension></extensions></trkpt><trkpt lat="50.770593" lon="4.407438"><ele>115.5</ele><time>2025-11-13T12:48:56+01:00</time><extensions><gpxtpx:TrackPointExtension><gpxtpx:hr>0</gpxtpx:hr></gpxtpx:TrackPointExtension></extensions></trkpt><trkpt lat="50.770483" lon="4.407675"><ele>114.90039</ele><time>2025-11-13T12:49:01+01:00</time><extensions><gpxtpx:TrackPointExtension><gpxtpx:hr>0</gpxtpx:hr></gpxtpx:TrackPointExtension></extensions></trkpt><trkpt lat="50.770463" lon="4.407812"><ele>114.799805</ele><time>2025-11-13T12:49:06+01:00</time><extensions><gpxtpx:TrackPointExtension><gpxtpx:hr>0</gpxtpx:hr></gpxtpx:TrackPointExtension></extensions></trkpt><trkpt lat="50.770488" lon="4.407905"><ele>114.700195</ele><time>2025-11-13T12:49:11+01:00</time><extensions><gpxtpx:TrackPointExtension><gpxtpx:hr>0</gpxtpx:hr></gpxtpx:TrackPointExtension></extensions></trkpt><trkpt lat="50.770523" lon="4.40805"><ele>114.600586</ele><time>2025-11-13T12:49:16+01:00</time><extensions><gpxtpx:TrackPointExtension><gpxtpx:hr>0</gpxtpx:hr></gpxtpx:TrackPointExtension></extensions></trkpt><trkpt lat="50.770568" lon="4.408238"><ele>114.5</ele><time>2025-11-13T12:49:21+01:00</time><extensions><gpxtpx:TrackPointExtension><gpxtpx:hr>0</gpxtpx:hr></gpxtpx:TrackPointExtension></extensions></trkpt><trkpt lat="50.770528" lon="4.408323"><ele>114.5</ele><time>2025-11-13T12:49:26+01:00</time><extensions><gpxtpx:TrackPointExtension><gpxtpx:hr>0</gpxtpx:hr></gpxtpx:TrackPointExtension></extensions></trkpt><trkpt lat="50.77057" lon="4.40851"><ele>114.40039</ele><time>2025-11-13T12:49:31+01:00</time><extensions><gpxtpx:TrackPointExtension><gpxtpx:hr>0</gpxtpx:hr></gpxtpx:TrackPointExtension></extensions></trkpt><trkpt lat="50.770622" lon="4.408702"><ele>114.299805</ele><time>2025-11-13T12:49:36+01:00</time><extensions><gpxtpx:TrackPointExtension><gpxtpx:hr>0</gpxtpx:hr></gpxtpx:TrackPointExtension></extensions></trkpt><trkpt lat="50.770643" lon="4.408867"><ele>114.299805</ele><time>2025-11-13T12:49:41+01:00</time><extensions><gpxtpx:TrackPointExtension><gpxtpx:hr>0</gpxtpx:hr></gpxtpx:TrackPointExtension></extensions></trkpt><trkpt lat="50.77066" lon="4.409152"><ele>114.40039</ele><time>2025-11-13T12:49:46+01:00</time><extensions><gpxtpx:TrackPointExtension><gpxtpx:hr>0</gpxtpx:hr></gpxtpx:TrackPointExtension></extensions></trkpt><trkpt lat="50.77071" lon="4.409373"><ele>114.200195</ele><time>2025-11-13T12:49:51+01:00</time><extensions><gpxtpx:TrackPointExtension><gpxtpx:hr>0</gpxtpx:hr></gpxtpx:TrackPointExtension></extensions></trkpt><trkpt lat="50.77075" lon="4.409488"><ele>114.200195</ele><time>2025-11-13T12:49:56+01:00</time><extensions><gpxtpx:TrackPointExtension><gpxtpx:hr>0</gpxtpx:hr></gpxtpx:TrackPointExtension></extensions></trkpt><trkpt lat="50.77079" lon="4.409615"><ele>114.299805</ele><time>2025-11-13T12:50:01+01:00</time><extensions><gpxtpx:TrackPointExtension><gpxtpx:hr>0</gpxtpx:hr></gpxtpx:TrackPointExtension></extensions></trkpt><trkpt lat="50.770805" lon="4.409805"><ele>114.299805</ele><time>2025-11-13T12:50:06+01:00</time><extensions><gpxtpx:TrackPointExtension><gpxtpx:hr>0</gpxtpx:hr></gpxtpx:TrackPointExtension></extensions></trkpt><trkpt lat="50.77085" lon="4.409978"><ele>114.700195</ele><time>2025-11-13T12:50:11+01:00</time><extensions><gpxtpx:TrackPointExtension><gpxtpx:hr>0</gpxtpx:hr></gpxtpx:TrackPointExtension></extensions></trkpt><trkpt lat="50.770927" lon="4.410173"><ele>115.100586</ele><time>2025-11-13T12:50:16+01:00</time><extensions><gpxtpx:TrackPointExtension><gpxtpx:hr>0</gpxtpx:hr></gpxtpx:TrackPointExtension></extensions></trkpt><trkpt lat="50.770968" lon="4.41029"><ele>115.600586</ele><time>2025-11-13T12:50:21+01:00</time><extensions><gpxtpx:TrackPointExtension><gpxtpx:hr>0</gpxtpx:hr></gpxtpx:TrackPointExtension></extensions></trkpt><trkpt lat="50.770975" lon="4.410413"><ele>115.40039</ele><time>2025-11-13T12:50:26+01:00</time><extensions><gpxtpx:TrackPointExtension><gpxtpx:hr>0</gpxtpx:hr></gpxtpx:TrackPointExtension></extensions></trkpt><trkpt lat="50.770985" lon="4.410578"><ele>115.299805</ele><time>2025-11-13T12:50:31+01:00</time><extensions><gpxtpx:TrackPointExtension><gpxtpx:hr>0</gpxtpx:hr></gpxtpx:TrackPointExtension></extensions></trkpt><trkpt lat="50.770977" lon="4.410703"><ele>115.200195</ele><time>2025-11-13T12:50:36+01:00</time><extensions><gpxtpx:TrackPointExtension><gpxtpx:hr>0</gpxtpx:hr></gpxtpx:TrackPointExtension></extensions></trkpt><trkpt lat="50.77097" lon="4.410875"><ele>115</ele><time>2025-11-13T12:50:41+01:00</time><extensions><gpxtpx:TrackPointExtension><gpxtpx:hr>0</gpxtpx:hr></gpxtpx:TrackPointExtension></extensions></trkpt><trkpt lat="50.770945" lon="4.41107"><ele>114.600586</ele><time>2025-11-13T12:50:46+01:00</time><extensions><gpxtpx:TrackPointExtension><gpxtpx:hr>0</gpxtpx:hr></gpxtpx:TrackPointExtension></extensions></trkpt><trkpt lat="50.770923" lon="4.41118"><ele>114</ele><time>2025-11-13T12:50:51+01:00</time><extensions><gpxtpx:TrackPointExtension><gpxtpx:hr>0</gpxtpx:hr></gpxtpx:TrackPointExtension></extensions></trkpt><trkpt lat="50.770888" lon="4.411305"><ele>113.799805</ele><time>2025-11-13T12:50:56+01:00</time><extensions><gpxtpx:TrackPointExtension><gpxtpx:hr>0</gpxtpx:hr></gpxtpx:TrackPointExtension></extensions></trkpt><trkpt lat="50.770837" lon="4.411422"><ele>113.40039</ele><time>2025-11-13T12:51:01+01:00</time><extensions><gpxtpx:TrackPointExtension><gpxtpx:hr>0</gpxtpx:hr></gpxtpx:TrackPointExtension></extensions></trkpt><trkpt lat="50.770788" lon="4.411605"><ele>113.100586</ele><time>2025-11-13T12:51:06+01:00</time><extensions><gpxtpx:TrackPointExtension><gpxtpx:hr>0</gpxtpx:hr></gpxtpx:TrackPointExtension></extensions></trkpt><trkpt lat="50.770758" lon="4.411897"><ele>112.600586</ele><time>2025-11-13T12:51:11+01:00</time><extensions><gpxtpx:TrackPointExtension><gpxtpx:hr>0</gpxtpx:hr></gpxtpx:TrackPointExtension></extensions></trkpt><trkpt lat="50.770733" lon="4.412232"><ele>112.299805</ele><time>2025-11-13T12:51:16+01:00</time><extensions><gpxtpx:TrackPointExtension><gpxtpx:hr>0</gpxtpx:hr></gpxtpx:TrackPointExtension></extensions></trkpt><trkpt lat="50.770707" lon="4.412428"><ele>112.299805</ele><time>2025-11-13T12:51:21+01:00</time><extensions><gpxtpx:TrackPointExtension><gpxtpx:hr>0</gpxtpx:hr></gpxtpx:TrackPointExtension></extensions></trkpt><trkpt lat="50.770675" lon="4.412643"><ele>112.100586</ele><time>2025-11-13T12:51:26+01:00</time><extensions><gpxtpx:TrackPointExtension><gpxtpx:hr>0</gpxtpx:hr></gpxtpx:TrackPointExtension></extensions></trkpt><trkpt lat="50.77068" lon="4.412803"><ele>112.100586</ele><time>2025-11-13T12:51:31+01:00</time><extensions><gpxtpx:TrackPointExtension><gpxtpx:hr>0</gpxtpx:hr></gpxtpx:TrackPointExtension></extensions></trkpt><trkpt lat="50.770685" lon="4.41302"><ele>111.90039</ele><time>2025-11-13T12:51:36+01:00</time><extensions><gpxtpx:TrackPointExtension><gpxtpx:hr>0</gpxtpx:hr></gpxtpx:TrackPointExtension></extensions></trkpt><trkpt lat="50.770673" lon="4.413077"><ele>111.700195</ele><time>2025-11-13T12:51:41+01:00</time><extensions><gpxtpx:TrackPointExtension><gpxtpx:hr>0</gpxtpx:hr></gpxtpx:TrackPointExtension></extensions></trkpt><trkpt lat="50.77065" lon="4.413118"><ele>112.200195</ele><time>2025-11-13T12:51:46+01:00</time><extensions><gpxtpx:TrackPointExtension><gpxtpx:hr>0</gpxtpx:hr></gpxtpx:TrackPointExtension></extensions></trkpt><trkpt lat="50.770582" lon="4.413282"><ele>112.5</ele><time>2025-11-13T12:51:51+01:00</time><extensions><gpxtpx:TrackPointExtension><gpxtpx:hr>0</gpxtpx:hr></gpxtpx:TrackPointExtension></extensions></trkpt><trkpt lat="50.770543" lon="4.413513"><ele>112.600586</ele><time>2025-11-13T12:51:56+01:00</time><extensions><gpxtpx:TrackPointExtension><gpxtpx:hr>0</gpxtpx:hr></gpxtpx:TrackPointExtension></extensions></trkpt><trkpt lat="50.770525" lon="4.413602"><ele>112.5</ele><time>2025-11-13T12:52:01+01:00</time><extensions><gpxtpx:TrackPointExtension><gpxtpx:hr>0</gpxtpx:hr></gpxtpx:TrackPointExtension></extensions></trkpt><trkpt lat="50.770507" lon="4.413618"><ele>112.5</ele><time>2025-11-13T12:52:06+01:00</time><extensions><gpxtpx:TrackPointExtension><gpxtpx:hr>0</gpxtpx:hr></gpxtpx:TrackPointExtension></extensions></trkpt><trkpt lat="50.77045" lon="4.413738"><ele>112.600586</ele><time>2025-11-13T12:52:11+01:00</time><extensions><gpxtpx:TrackPointExtension><gpxtpx:hr>0</gpxtpx:hr></gpxtpx:TrackPointExtension></extensions></trkpt><trkpt lat="50.770427" lon="4.413865"><ele>112.5</ele><time>2025-11-13T12:52:16+01:00</time><extensions><gpxtpx:TrackPointExtension><gpxtpx:hr>0</gpxtpx:hr></gpxtpx:TrackPointExtension></extensions></trkpt><trkpt lat="50.770402" lon="4.413975"><ele>112.299805</ele><time>2025-11-13T12:52:21+01:00</time><extensions><gpxtpx:TrackPointExtension><gpxtpx:hr>0</gpxtpx:hr></gpxtpx:TrackPointExtension></extensions></trkpt><trkpt lat="50.770362" lon="4.414095"><ele>112.299805</ele><time>2025-11-13T12:52:26+01:00</time><extensions><gpxtpx:TrackPointExtension><gpxtpx:hr>0</gpxtpx:hr></gpxtpx:TrackPointExtension></extensions></trkpt><trkpt lat="50.770355" lon="4.414267"><ele>112.100586</ele><time>2025-11-13T12:52:31+01:00</time><extensions><gpxtpx:TrackPointExtension><gpxtpx:hr>0</gpxtpx:hr></gpxtpx:TrackPointExtension></extensions></trkpt><trkpt lat="50.77033" lon="4.414443"><ele>111.90039</ele><time>2025-11-13T12:52:36+01:00</time><extensions><gpxtpx:TrackPointExtension><gpxtpx:hr>0</gpxtpx:hr></gpxtpx:TrackPointExtension></extensions></trkpt><trkpt lat="50.770308" lon="4.414545"><ele>111.799805</ele><time>2025-11-13T12:52:41+01:00</time><extensions><gpxtpx:TrackPointExtension><gpxtpx:hr>0</gpxtpx:hr></gpxtpx:TrackPointExtension></extensions></trkpt><trkpt lat="50.770312" lon="4.414677"><ele>111.700195</ele><time>2025-11-13T12:52:46+01:00</time><extensions><gpxtpx:TrackPointExtension><gpxtpx:hr>0</gpxtpx:hr></gpxtpx:TrackPointExtension></extensions></trkpt><trkpt lat="50.77029" lon="4.414847"><ele>111.5</ele><time>2025-11-13T12:52:51+01:00</time><extensions><gpxtpx:TrackPointExtension><gpxtpx:hr>0</gpxtpx:hr></gpxtpx:TrackPointExtension></extensions></trkpt><trkpt lat="50.770283" lon="4.415057"><ele>111.100586</ele><time>2025-11-13T12:52:56+01:00</time><extensions><gpxtpx:TrackPointExtension><gpxtpx:hr>0</gpxtpx:hr></gpxtpx:TrackPointExtension></extensions></trkpt><trkpt lat="50.770257" lon="4.415228"><ele>111</ele><time>2025-11-13T12:53:01+01:00</time><extensions><gpxtpx:TrackPointExtension><gpxtpx:hr>0</gpxtpx:hr></gpxtpx:TrackPointExtension></extensions></trkpt><trkpt lat="50.770217" lon="4.41538"><ele>110.799805</ele><time>2025-11-13T12:53:06+01:00</time><extensions><gpxtpx:TrackPointExtension><gpxtpx:hr>0</gpxtpx:hr></gpxtpx:TrackPointExtension></extensions></trkpt><trkpt lat="50.770192" lon="4.415517"><ele>110.799805</ele><time>2025-11-13T12:53:11+01:00</time><extensions><gpxtpx:TrackPointExtension><gpxtpx:hr>0</gpxtpx:hr></gpxtpx:TrackPointExtension></extensions></trkpt><trkpt lat="50.770137" lon="4.41566"><ele>110.5</ele><time>2025-11-13T12:53:16+01:00</time><extensions><gpxtpx:TrackPointExtension><gpxtpx:hr>0</gpxtpx:hr></gpxtpx:TrackPointExtension></extensions></trkpt><trkpt lat="50.77009" lon="4.415793"><ele>110.40039</ele><time>2025-11-13T12:53:21+01:00</time><extensions><gpxtpx:TrackPointExtension><gpxtpx:hr>0</gpxtpx:hr></gpxtpx:TrackPointExtension></extensions></trkpt><trkpt lat="50.770012" lon="4.415948"><ele>110.200195</ele><time>2025-11-13T12:53:26+01:00</time><extensions><gpxtpx:TrackPointExtension><gpxtpx:hr>0</gpxtpx:hr></gpxtpx:TrackPointExtension></extensions></trkpt><trkpt lat="50.769938" lon="4.416132"><ele>110</ele><time>2025-11-13T12:53:31+01:00</time><extensions><gpxtpx:TrackPointExtension><gpxtpx:hr>0</gpxtpx:hr></gpxtpx:TrackPointExtension></extensions></trkpt><trkpt lat="50.769887" lon="4.416287"><ele>109.799805</ele><time>2025-11-13T12:53:36+01:00</time><extensions><gpxtpx:TrackPointExtension><gpxtpx:hr>0</gpxtpx:hr></gpxtpx:TrackPointExtension></extensions></trkpt><trkpt lat="50.769827" lon="4.41653"><ele>109.600586</ele><time>2025-11-13T12:53:41+01:00</time><extensions><gpxtpx:TrackPointExtension><gpxtpx:hr>0</gpxtpx:hr></gpxtpx:TrackPointExtension></extensions></trkpt><trkpt lat="50.769742" lon="4.416625"><ele>109.600586</ele><time>2025-11-13T12:53:46+01:00</time><extensions><gpxtpx:TrackPointExtension><gpxtpx:hr>0</gpxtpx:hr></gpxtpx:TrackPointExtension></extensions></trkpt><trkpt lat="50.769663" lon="4.416735"><ele>109.600586</ele><time>2025-11-13T12:53:51+01:00</time><extensions><gpxtpx:TrackPointExtension><gpxtpx:hr>0</gpxtpx:hr></gpxtpx:TrackPointExtension></extensions></trkpt><trkpt lat="50.769582" lon="4.41684"><ele>109.700195</ele><time>2025-11-13T12:53:56+01:00</time><extensions><gpxtpx:TrackPointExtension><gpxtpx:hr>0</gpxtpx:hr></gpxtpx:TrackPointExtension></extensions></trkpt><trkpt lat="50.769512" lon="4.416902"><ele>109.90039</ele><time>2025-11-13T12:54:01+01:00</time><extensions><gpxtpx:TrackPointExtension><gpxtpx:hr>0</gpxtpx:hr></gpxtpx:TrackPointExtension></extensions></trkpt><trkpt lat="50.769468" lon="4.417058"><ele>110</ele><time>2025-11-13T12:54:06+01:00</time><extensions><gpxtpx:TrackPointExtension><gpxtpx:hr>0</gpxtpx:hr></gpxtpx:TrackPointExtension></extensions></trkpt><trkpt lat="50.769427" lon="4.417195"><ele>110</ele><time>2025-11-13T12:54:11+01:00</time><extensions><gpxtpx:TrackPointExtension><gpxtpx:hr>0</gpxtpx:hr></gpxtpx:TrackPointExtension></extensions></trkpt><trkpt lat="50.76937" lon="4.417355"><ele>110.100586</ele><time>2025-11-13T12:54:16+01:00</time><extensions><gpxtpx:TrackPointExtension><gpxtpx:hr>0</gpxtpx:hr></gpxtpx:TrackPointExtension></extensions></trkpt><trkpt lat="50.769325" lon="4.417527"><ele>110</ele><time>2025-11-13T12:54:21+01:00</time><extensions><gpxtpx:TrackPointExtension><gpxtpx:hr>0</gpxtpx:hr></gpxtpx:TrackPointExtension></extensions></trkpt><trkpt lat="50.769303" lon="4.417778"><ele>110</ele><time>2025-11-13T12:54:26+01:00</time><extensions><gpxtpx:TrackPointExtension><gpxtpx:hr>0</gpxtpx:hr></gpxtpx:TrackPointExtension></extensions></trkpt><trkpt lat="50.769302" lon="4.418005"><ele>109.90039</ele><time>2025-11-13T12:54:31+01:00</time><extensions><gpxtpx:TrackPointExtension><gpxtpx:hr>0</gpxtpx:hr></gpxtpx:TrackPointExtension></extensions></trkpt><trkpt lat="50.76934" lon="4.418248"><ele>110</ele><time>2025-11-13T12:54:36+01:00</time><extensions><gpxtpx:TrackPointExtension><gpxtpx:hr>0</gpxtpx:hr></gpxtpx:TrackPointExtension></extensions></trkpt><trkpt lat="50.76934" lon="4.418435"><ele>110</ele><time>2025-11-13T12:54:41+01:00</time><extensions><gpxtpx:TrackPointExtension><gpxtpx:hr>0</gpxtpx:hr></gpxtpx:TrackPointExtension></extensions></trkpt><trkpt lat="50.769315" lon="4.418672"><ele>110.100586</ele><time>2025-11-13T12:54:46+01:00</time><extensions><gpxtpx:TrackPointExtension><gpxtpx:hr>0</gpxtpx:hr></gpxtpx:TrackPointExtension></extensions></trkpt><trkpt lat="50.769323" lon="4.41879"><ele>110.100586</ele><time>2025-11-13T12:54:51+01:00</time><extensions><gpxtpx:TrackPointExtension><gpxtpx:hr>0</gpxtpx:hr></gpxtpx:TrackPointExtension></extensions></trkpt><trkpt lat="50.769318" lon="4.41895"><ele>110.100586</ele><time>2025-11-13T12:54:56+01:00</time><extensions><gpxtpx:TrackPointExtension><gpxtpx:hr>0</gpxtpx:hr></gpxtpx:TrackPointExtension></extensions></trkpt><trkpt lat="50.76932" lon="4.419092"><ele>110.100586</ele><time>2025-11-13T12:55:01+01:00</time><extensions><gpxtpx:TrackPointExtension><gpxtpx:hr>0</gpxtpx:hr></gpxtpx:TrackPointExtension></extensions></trkpt><trkpt lat="50.7693" lon="4.41926"><ele>109.799805</ele><time>2025-11-13T12:55:06+01:00</time><extensions><gpxtpx:TrackPointExtension><gpxtpx:hr>0</gpxtpx:hr></gpxtpx:TrackPointExtension></extensions></trkpt><trkpt lat="50.769283" lon="4.419473"><ele>109.700195</ele><time>2025-11-13T12:55:11+01:00</time><extensions><gpxtpx:TrackPointExtension><gpxtpx:hr>0</gpxtpx:hr></gpxtpx:TrackPointExtension></extensions></trkpt><trkpt lat="50.769258" lon="4.419618"><ele>109.700195</ele><time>2025-11-13T12:55:16+01:00</time><extensions><gpxtpx:TrackPointExtension><gpxtpx:hr>0</gpxtpx:hr></gpxtpx:TrackPointExtension></extensions></trkpt><trkpt lat="50.769193" lon="4.419818"><ele>109.40039</ele><time>2025-11-13T12:55:21+01:00</time><extensions><gpxtpx:TrackPointExtension><gpxtpx:hr>0</gpxtpx:hr></gpxtpx:TrackPointExtension></extensions></trkpt><trkpt lat="50.769117" lon="4.420005"><ele>109.5</ele><time>2025-11-13T12:55:26+01:00</time><extensions><gpxtpx:TrackPointExtension><gpxtpx:hr>0</gpxtpx:hr></gpxtpx:TrackPointExtension></extensions></trkpt><trkpt lat="50.769055" lon="4.420115"><ele>109.799805</ele><time>2025-11-13T12:55:31+01:00</time><extensions><gpxtpx:TrackPointExtension><gpxtpx:hr>0</gpxtpx:hr></gpxtpx:TrackPointExtension></extensions></trkpt><trkpt lat="50.76895" lon="4.420193"><ele>109.700195</ele><time>2025-11-13T12:55:36+01:00</time><extensions><gpxtpx:TrackPointExtension><gpxtpx:hr>0</gpxtpx:hr></gpxtpx:TrackPointExtension></extensions></trkpt><trkpt lat="50.76884" lon="4.420242"><ele>109.90039</ele><time>2025-11-13T12:55:41+01:00</time><extensions><gpxtpx:TrackPointExtension><gpxtpx:hr>0</gpxtpx:hr></gpxtpx:TrackPointExtension></extensions></trkpt><trkpt lat="50.768687" lon="4.420342"><ele>110.100586</ele><time>2025-11-13T12:55:46+01:00</time><extensions><gpxtpx:TrackPointExtension><gpxtpx:hr>0</gpxtpx:hr></gpxtpx:TrackPointExtension></extensions></trkpt><trkpt lat="50.768518" lon="4.420487"><ele>110.40039</ele><time>2025-11-13T12:55:51+01:00</time><extensions><gpxtpx:TrackPointExtension><gpxtpx:hr>0</gpxtpx:hr></gpxtpx:TrackPointExtension></extensions></trkpt><trkpt lat="50.768353" lon="4.420528"><ele>110.5</ele><time>2025-11-13T12:55:56+01:00</time><extensions><gpxtpx:TrackPointExtension><gpxtpx:hr>0</gpxtpx:hr></gpxtpx:TrackPointExtension></extensions></trkpt><trkpt lat="50.76824" lon="4.420602"><ele>110.700195</ele><time>2025-11-13T12:56:01+01:00</time><extensions><gpxtpx:TrackPointExtension><gpxtpx:hr>0</gpxtpx:hr></gpxtpx:TrackPointExtension></extensions></trkpt><trkpt lat="50.76808" lon="4.420665"><ele>111</ele><time>2025-11-13T12:56:06+01:00</time><extensions><gpxtpx:TrackPointExtension><gpxtpx:hr>0</gpxtpx:hr></gpxtpx:TrackPointExtension></extensions></trkpt><trkpt lat="50.76796" lon="4.42076"><ele>111.100586</ele><time>2025-11-13T12:56:11+01:00</time><extensions><gpxtpx:TrackPointExtension><gpxtpx:hr>0</gpxtpx:hr></gpxtpx:TrackPointExtension></extensions></trkpt><trkpt lat="50.767835" lon="4.420882"><ele>111.100586</ele><time>2025-11-13T12:56:16+01:00</time><extensions><gpxtpx:TrackPointExtension><gpxtpx:hr>0</gpxtpx:hr></gpxtpx:TrackPointExtension></extensions></trkpt><trkpt lat="50.767745" lon="4.42102"><ele>111</ele><time>2025-11-13T12:56:21+01:00</time><extensions><gpxtpx:TrackPointExtension><gpxtpx:hr>0</gpxtpx:hr></gpxtpx:TrackPointExtension></extensions></trkpt><trkpt lat="50.767682" lon="4.421167"><ele>110.700195</ele><time>2025-11-13T12:56:26+01:00</time><extensions><gpxtpx:TrackPointExtension><gpxtpx:hr>0</gpxtpx:hr></gpxtpx:TrackPointExtension></extensions></trkpt><trkpt lat="50.767598" lon="4.421325"><ele>110.299805</ele><time>2025-11-13T12:56:31+01:00</time><extensions><gpxtpx:TrackPointExtension><gpxtpx:hr>0</gpxtpx:hr></gpxtpx:TrackPointExtension></extensions></trkpt><trkpt lat="50.767502" lon="4.421513"><ele>110</ele><time>2025-11-13T12:56:36+01:00</time><extensions><gpxtpx:TrackPointExtension><gpxtpx:hr>0</gpxtpx:hr></gpxtpx:TrackPointExtension></extensions></trkpt><trkpt lat="50.767463" lon="4.421627"><ele>110.100586</ele><time>2025-11-13T12:56:41+01:00</time><extensions><gpxtpx:TrackPointExtension><gpxtpx:hr>0</gpxtpx:hr></gpxtpx:TrackPointExtension></extensions></trkpt><trkpt lat="50.767428" lon="4.421723"><ele>110.100586</ele><time>2025-11-13T12:56:46+01:00</time><extensions><gpxtpx:TrackPointExtension><gpxtpx:hr>0</gpxtpx:hr></gpxtpx:TrackPointExtension></extensions></trkpt><trkpt lat="50.767297" lon="4.421957"><ele>110.799805</ele><time>2025-11-13T12:56:51+01:00</time><extensions><gpxtpx:TrackPointExtension><gpxtpx:hr>0</gpxtpx:hr></gpxtpx:TrackPointExtension></extensions></trkpt><trkpt lat="50.767197" lon="4.422122"><ele>111.40039</ele><time>2025-11-13T12:56:56+01:00</time><extensions><gpxtpx:TrackPointExtension><gpxtpx:hr>0</gpxtpx:hr></gpxtpx:TrackPointExtension></extensions></trkpt><trkpt lat="50.76716" lon="4.422215"><ele>111.700195</ele><time>2025-11-13T12:57:01+01:00</time><extensions><gpxtpx:TrackPointExtension><gpxtpx:hr>0</gpxtpx:hr></gpxtpx:TrackPointExtension></extensions></trkpt><trkpt lat="50.76706" lon="4.422293"><ele>112</ele><time>2025-11-13T12:57:06+01:00</time><extensions><gpxtpx:TrackPointExtension><gpxtpx:hr>0</gpxtpx:hr></gpxtpx:TrackPointExtension></extensions></trkpt><trkpt lat="50.766932" lon="4.422372"><ele>112.100586</ele><time>2025-11-13T12:57:11+01:00</time><extensions><gpxtpx:TrackPointExtension><gpxtpx:hr>0</gpxtpx:hr></gpxtpx:TrackPointExtension></extensions></trkpt><trkpt lat="50.766787" lon="4.422438"><ele>111.90039</ele><time>2025-11-13T12:57:16+01:00</time><extensions><gpxtpx:TrackPointExtension><gpxtpx:hr>0</gpxtpx:hr></gpxtpx:TrackPointExtension></extensions></trkpt><trkpt lat="50.76668" lon="4.422393"><ele>111.5</ele><time>2025-11-13T12:57:21+01:00</time><extensions><gpxtpx:TrackPointExtension><gpxtpx:hr>0</gpxtpx:hr></gpxtpx:TrackPointExtension></extensions></trkpt><trkpt lat="50.766673" lon="4.422392"><ele>111.5</ele><time>2025-11-13T12:57:26+01:00</time><extensions><gpxtpx:TrackPointExtension><gpxtpx:hr>0</gpxtpx:hr></gpxtpx:TrackPointExtension></extensions></trkpt><trkpt lat="50.766665" lon="4.422395"><ele>111.5</ele><time>2025-11-13T12:57:31+01:00</time><extensions><gpxtpx:TrackPointExtension><gpxtpx:hr>0</gpxtpx:hr></gpxtpx:TrackPointExtension></extensions></trkpt><trkpt lat="50.766667" lon="4.422398"><ele>111.5</ele><time>2025-11-13T12:57:36+01:00</time><extensions><gpxtpx:TrackPointExtension><gpxtpx:hr>0</gpxtpx:hr></gpxtpx:TrackPointExtension></extensions></trkpt><trkpt lat="50.766652" lon="4.422448"><ele>111.5</ele><time>2025-11-13T12:57:41+01:00</time><extensions><gpxtpx:TrackPointExtension><gpxtpx:hr>0</gpxtpx:hr></gpxtpx:TrackPointExtension></extensions></trkpt><trkpt lat="50.766622" lon="4.422478"><ele>111.299805</ele><time>2025-11-13T12:57:46+01:00</time><extensions><gpxtpx:TrackPointExtension><gpxtpx:hr>0</gpxtpx:hr></gpxtpx:TrackPointExtension></extensions></trkpt><trkpt lat="50.766597" lon="4.422493"><ele>111.299805</ele><time>2025-11-13T12:57:51+01:00</time><extensions><gpxtpx:TrackPointExtension><gpxtpx:hr>0</gpxtpx:hr></gpxtpx:TrackPointExtension></extensions></trkpt><trkpt lat="50.766585" lon="4.42251"><ele>111</ele><time>2025-11-13T12:57:56+01:00</time><extensions><gpxtpx:TrackPointExtension><gpxtpx:hr>0</gpxtpx:hr></gpxtpx:TrackPointExtension></extensions></trkpt><trkpt lat="50.76654" lon="4.422555"><ele>111</ele><time>2025-11-13T12:58:01+01:00</time><extensions><gpxtpx:TrackPointExtension><gpxtpx:hr>0</gpxtpx:hr></gpxtpx:TrackPointExtension></extensions></trkpt><trkpt lat="50.766467" lon="4.422632"><ele>110.5</ele><time>2025-11-13T12:58:06+01:00</time><extensions><gpxtpx:TrackPointExtension><gpxtpx:hr>0</gpxtpx:hr></gpxtpx:TrackPointExtension></extensions></trkpt><trkpt lat="50.766383" lon="4.42269"><ele>110.200195</ele><time>2025-11-13T12:58:11+01:00</time><extensions><gpxtpx:TrackPointExtension><gpxtpx:hr>0</gpxtpx:hr></gpxtpx:TrackPointExtension></extensions></trkpt><trkpt lat="50.766318" lon="4.422732"><ele>109.40039</ele><time>2025-11-13T12:58:16+01:00</time><extensions><gpxtpx:TrackPointExtension><gpxtpx:hr>0</gpxtpx:hr></gpxtpx:TrackPointExtension></extensions></trkpt><trkpt lat="50.766248" lon="4.422788"><ele>109</ele><time>2025-11-13T12:58:21+01:00</time><extensions><gpxtpx:TrackPointExtension><gpxtpx:hr>0</gpxtpx:hr></gpxtpx:TrackPointExtension></extensions></trkpt><trkpt lat="50.766198" lon="4.422853"><ele>108.40039</ele><time>2025-11-13T12:58:26+01:00</time><extensions><gpxtpx:TrackPointExtension><gpxtpx:hr>0</gpxtpx:hr></gpxtpx:TrackPointExtension></extensions></trkpt><trkpt lat="50.766128" lon="4.422918"><ele>107.799805</ele><time>2025-11-13T12:58:31+01:00</time><extensions><gpxtpx:TrackPointExtension><gpxtpx:hr>0</gpxtpx:hr></gpxtpx:TrackPointExtension></extensions></trkpt><trkpt lat="50.766018" lon="4.423002"><ele>106.5</ele><time>2025-11-13T12:58:36+01:00</time><extensions><gpxtpx:TrackPointExtension><gpxtpx:hr>0</gpxtpx:hr></gpxtpx:TrackPointExtension></extensions></trkpt><trkpt lat="50.765928" lon="4.423075"><ele>105.200195</ele><time>2025-11-13T12:58:41+01:00</time><extensions><gpxtpx:TrackPointExtension><gpxtpx:hr>0</gpxtpx:hr></gpxtpx:TrackPointExtension></extensions></trkpt><trkpt lat="50.765833" lon="4.423163"><ele>103.90039</ele><time>2025-11-13T12:58:46+01:00</time><extensions><gpxtpx:TrackPointExtension><gpxtpx:hr>0</gpxtpx:hr></gpxtpx:TrackPointExtension></extensions></trkpt><trkpt lat="50.76576" lon="4.423233"><ele>103.40039</ele><time>2025-11-13T12:58:51+01:00</time><extensions><gpxtpx:TrackPointExtension><gpxtpx:hr>0</gpxtpx:hr></gpxtpx:TrackPointExtension></extensions></trkpt><trkpt lat="50.765658" lon="4.423355"><ele>102.600586</ele><time>2025-11-13T12:58:56+01:00</time><extensions><gpxtpx:TrackPointExtension><gpxtpx:hr>0</gpxtpx:hr></gpxtpx:TrackPointExtension></extensions></trkpt><trkpt lat="50.765578" lon="4.42351"><ele>102.799805</ele><time>2025-11-13T12:59:01+01:00</time><extensions><gpxtpx:TrackPointExtension><gpxtpx:hr>0</gpxtpx:hr></gpxtpx:TrackPointExtension></extensions></trkpt><trkpt lat="50.765465" lon="4.423638"><ele>102.299805</ele><time>2025-11-13T12:59:06+01:00</time><extensions><gpxtpx:TrackPointExtension><gpxtpx:hr>0</gpxtpx:hr></gpxtpx:TrackPointExtension></extensions></trkpt><trkpt lat="50.765375" lon="4.423772"><ele>101.5</ele><time>2025-11-13T12:59:11+01:00</time><extensions><gpxtpx:TrackPointExtension><gpxtpx:hr>0</gpxtpx:hr></gpxtpx:TrackPointExtension></extensions></trkpt><trkpt lat="50.765283" lon="4.423885"><ele>100.700195</ele><time>2025-11-13T12:59:16+01:00</time><extensions><gpxtpx:TrackPointExtension><gpxtpx:hr>0</gpxtpx:hr></gpxtpx:TrackPointExtension></extensions></trkpt><trkpt lat="50.765245" lon="4.424012"><ele>101.40039</ele><time>2025-11-13T12:59:21+01:00</time><extensions><gpxtpx:TrackPointExtension><gpxtpx:hr>0</gpxtpx:hr></gpxtpx:TrackPointExtension></extensions></trkpt><trkpt lat="50.765152" lon="4.424137"><ele>100.90039</ele><time>2025-11-13T12:59:26+01:00</time><extensions><gpxtpx:TrackPointExtension><gpxtpx:hr>0</gpxtpx:hr></gpxtpx:TrackPointExtension></extensions></trkpt><trkpt lat="50.765088" lon="4.424255"><ele>101.299805</ele><time>2025-11-13T12:59:31+01:00</time><extensions><gpxtpx:TrackPointExtension><gpxtpx:hr>0</gpxtpx:hr></gpxtpx:TrackPointExtension></extensions></trkpt><trkpt lat="50.765047" lon="4.424335"><ele>101.299805</ele><time>2025-11-13T12:59:36+01:00</time><extensions><gpxtpx:TrackPointExtension><gpxtpx:hr>0</gpxtpx:hr></gpxtpx:TrackPointExtension></extensions></trkpt><trkpt lat="50.765007" lon="4.424403"><ele>101.100586</ele><time>2025-11-13T12:59:41+01:00</time><extensions><gpxtpx:TrackPointExtension><gpxtpx:hr>0</gpxtpx:hr></gpxtpx:TrackPointExtension></extensions></trkpt><trkpt lat="50.764955" lon="4.424488"><ele>100.90039</ele><time>2025-11-13T12:59:46+01:00</time><extensions><gpxtpx:TrackPointExtension><gpxtpx:hr>0</gpxtpx:hr></gpxtpx:TrackPointExtension></extensions></trkpt><trkpt lat="50.764857" lon="4.424632"><ele>100.700195</ele><time>2025-11-13T12:59:51+01:00</time><extensions><gpxtpx:TrackPointExtension><gpxtpx:hr>0</gpxtpx:hr></gpxtpx:TrackPointExtension></extensions></trkpt><trkpt lat="50.764785" lon="4.42486"><ele>100.600586</ele><time>2025-11-13T12:59:56+01:00</time><extensions><gpxtpx:TrackPointExtension><gpxtpx:hr>0</gpxtpx:hr></gpxtpx:TrackPointExtension></extensions></trkpt><trkpt lat="50.764793" lon="4.425093"><ele>101.200195</ele><time>2025-11-13T13:00:01+01:00</time><extensions><gpxtpx:TrackPointExtension><gpxtpx:hr>0</gpxtpx:hr></gpxtpx:TrackPointExtension></extensions></trkpt><trkpt lat="50.764795" lon="4.425282"><ele>101.600586</ele><time>2025-11-13T13:00:06+01:00</time><extensions><gpxtpx:TrackPointExtension><gpxtpx:hr>0</gpxtpx:hr></gpxtpx:TrackPointExtension></extensions></trkpt><trkpt lat="50.764803" lon="4.425452"><ele>102.600586</ele><time>2025-11-13T13:00:11+01:00</time><extensions><gpxtpx:TrackPointExtension><gpxtpx:hr>0</gpxtpx:hr></gpxtpx:TrackPointExtension></extensions></trkpt><trkpt lat="50.764823" lon="4.425645"><ele>103.40039</ele><time>2025-11-13T13:00:16+01:00</time><extensions><gpxtpx:TrackPointExtension><gpxtpx:hr>0</gpxtpx:hr></gpxtpx:TrackPointExtension></extensions></trkpt><trkpt lat="50.764842" lon="4.42581"><ele>103.700195</ele><time>2025-11-13T13:00:21+01:00</time><extensions><gpxtpx:TrackPointExtension><gpxtpx:hr>0</gpxtpx:hr></gpxtpx:TrackPointExtension></extensions></trkpt><trkpt lat="50.764873" lon="4.425967"><ele>104.299805</ele><time>2025-11-13T13:00:26+01:00</time><extensions><gpxtpx:TrackPointExtension><gpxtpx:hr>0</gpxtpx:hr></gpxtpx:TrackPointExtension></extensions></trkpt><trkpt lat="50.764868" lon="4.426215"><ele>103.700195</ele><time>2025-11-13T13:00:31+01:00</time><extensions><gpxtpx:TrackPointExtension><gpxtpx:hr>0</gpxtpx:hr></gpxtpx:TrackPointExtension></extensions></trkpt><trkpt lat="50.764922" lon="4.426577"><ele>103.40039</ele><time>2025-11-13T13:00:36+01:00</time><extensions><gpxtpx:TrackPointExtension><gpxtpx:hr>0</gpxtpx:hr></gpxtpx:TrackPointExtension></extensions></trkpt><trkpt lat="50.765007" lon="4.426772"><ele>103.700195</ele><time>2025-11-13T13:00:41+01:00</time><extensions><gpxtpx:TrackPointExtension><gpxtpx:hr>0</gpxtpx:hr></gpxtpx:TrackPointExtension></extensions></trkpt><trkpt lat="50.765055" lon="4.426918"><ele>103.90039</ele><time>2025-11-13T13:00:46+01:00</time><extensions><gpxtpx:TrackPointExtension><gpxtpx:hr>0</gpxtpx:hr></gpxtpx:TrackPointExtension></extensions></trkpt><trkpt lat="50.765097" lon="4.427055"><ele>104.5</ele><time>2025-11-13T13:00:51+01:00</time><extensions><gpxtpx:TrackPointExtension><gpxtpx:hr>0</gpxtpx:hr></gpxtpx:TrackPointExtension></extensions></trkpt><trkpt lat="50.765147" lon="4.427252"><ele>104.700195</ele><time>2025-11-13T13:00:56+01:00</time><extensions><gpxtpx:TrackPointExtension><gpxtpx:hr>0</gpxtpx:hr></gpxtpx:TrackPointExtension></extensions></trkpt><trkpt lat="50.765202" lon="4.427332"><ele>105.200195</ele><time>2025-11-13T13:01:01+01:00</time><extensions><gpxtpx:TrackPointExtension><gpxtpx:hr>0</gpxtpx:hr></gpxtpx:TrackPointExtension></extensions></trkpt><trkpt lat="50.765298" lon="4.427355"><ele>106.700195</ele><time>2025-11-13T13:01:06+01:00</time><extensions><gpxtpx:TrackPointExtension><gpxtpx:hr>0</gpxtpx:hr></gpxtpx:TrackPointExtension></extensions></trkpt><trkpt lat="50.76538" lon="4.427352"><ele>107.40039</ele><time>2025-11-13T13:01:11+01:00</time><extensions><gpxtpx:TrackPointExtension><gpxtpx:hr>0</gpxtpx:hr></gpxtpx:TrackPointExtension></extensions></trkpt><trkpt lat="50.765457" lon="4.427332"><ele>109</ele><time>2025-11-13T13:01:16+01:00</time><extensions><gpxtpx:TrackPointExtension><gpxtpx:hr>0</gpxtpx:hr></gpxtpx:TrackPointExtension></extensions></trkpt><trkpt lat="50.765547" lon="4.427315"><ele>110.100586</ele><time>2025-11-13T13:01:21+01:00</time><extensions><gpxtpx:TrackPointExtension><gpxtpx:hr>0</gpxtpx:hr></gpxtpx:TrackPointExtension></extensions></trkpt><trkpt lat="50.765633" lon="4.427293"><ele>111.700195</ele><time>2025-11-13T13:01:26+01:00</time><extensions><gpxtpx:TrackPointExtension><gpxtpx:hr>0</gpxtpx:hr></gpxtpx:TrackPointExtension></extensions></trkpt><trkpt lat="50.765712" lon="4.427258"><ele>112.40039</ele><time>2025-11-13T13:01:31+01:00</time><extensions><gpxtpx:TrackPointExtension><gpxtpx:hr>0</gpxtpx:hr></gpxtpx:TrackPointExtension></extensions></trkpt><trkpt lat="50.765785" lon="4.427245"><ele>113.799805</ele><time>2025-11-13T13:01:36+01:00</time><extensions><gpxtpx:TrackPointExtension><gpxtpx:hr>0</gpxtpx:hr></gpxtpx:TrackPointExtension></extensions></trkpt><trkpt lat="50.765863" lon="4.427222"><ele>114.5</ele><time>2025-11-13T13:01:41+01:00</time><extensions><gpxtpx:TrackPointExtension><gpxtpx:hr>0</gpxtpx:hr></gpxtpx:TrackPointExtension></extensions></trkpt><trkpt lat="50.765962" lon="4.42718"><ele>115.200195</ele><time>2025-11-13T13:01:46+01:00</time><extensions><gpxtpx:TrackPointExtension><gpxtpx:hr>0</gpxtpx:hr></gpxtpx:TrackPointExtension></extensions></trkpt><trkpt lat="50.766063" lon="4.427137"><ele>115.90039</ele><time>2025-11-13T13:01:51+01:00</time><extensions><gpxtpx:TrackPointExtension><gpxtpx:hr>0</gpxtpx:hr></gpxtpx:TrackPointExtension></extensions></trkpt><trkpt lat="50.766175" lon="4.427102"><ele>116.299805</ele><time>2025-11-13T13:01:56+01:00</time><extensions><gpxtpx:TrackPointExtension><gpxtpx:hr>0</gpxtpx:hr></gpxtpx:TrackPointExtension></extensions></trkpt><trkpt lat="50.766268" lon="4.42706"><ele>116.600586</ele><time>2025-11-13T13:02:01+01:00</time><extensions><gpxtpx:TrackPointExtension><gpxtpx:hr>0</gpxtpx:hr></gpxtpx:TrackPointExtension></extensions></trkpt><trkpt lat="50.76637" lon="4.42704"><ele>116.90039</ele><time>2025-11-13T13:02:06+01:00</time><extensions><gpxtpx:TrackPointExtension><gpxtpx:hr>0</gpxtpx:hr></gpxtpx:TrackPointExtension></extensions></trkpt><trkpt lat="50.76649" lon="4.427043"><ele>117</ele><time>2025-11-13T13:02:11+01:00</time><extensions><gpxtpx:TrackPointExtension><gpxtpx:hr>0</gpxtpx:hr></gpxtpx:TrackPointExtension></extensions></trkpt><trkpt lat="50.766685" lon="4.427065"><ele>117</ele><time>2025-11-13T13:02:16+01:00</time><extensions><gpxtpx:TrackPointExtension><gpxtpx:hr>0</gpxtpx:hr></gpxtpx:TrackPointExtension></extensions></trkpt><trkpt lat="50.766855" lon="4.427102"><ele>117.100586</ele><time>2025-11-13T13:02:21+01:00</time><extensions><gpxtpx:TrackPointExtension><gpxtpx:hr>0</gpxtpx:hr></gpxtpx:TrackPointExtension></extensions></trkpt><trkpt lat="50.767008" lon="4.42716"><ele>117.200195</ele><time>2025-11-13T13:02:26+01:00</time><extensions><gpxtpx:TrackPointExtension><gpxtpx:hr>0</gpxtpx:hr></gpxtpx:TrackPointExtension></extensions></trkpt><trkpt lat="50.767147" lon="4.427238"><ele>117.299805</ele><time>2025-11-13T13:02:31+01:00</time><extensions><gpxtpx:TrackPointExtension><gpxtpx:hr>0</gpxtpx:hr></gpxtpx:TrackPointExtension></extensions></trkpt><trkpt lat="50.767307" lon="4.427302"><ele>117.700195</ele><time>2025-11-13T13:02:36+01:00</time><extensions><gpxtpx:TrackPointExtension><gpxtpx:hr>0</gpxtpx:hr></gpxtpx:TrackPointExtension></extensions></trkpt><trkpt lat="50.767528" lon="4.427417"><ele>118.799805</ele><time>2025-11-13T13:02:41+01:00</time><extensions><gpxtpx:TrackPointExtension><gpxtpx:hr>0</gpxtpx:hr></gpxtpx:TrackPointExtension></extensions></trkpt><trkpt lat="50.76771" lon="4.427538"><ele>119.799805</ele><time>2025-11-13T13:02:46+01:00</time><extensions><gpxtpx:TrackPointExtension><gpxtpx:hr>0</gpxtpx:hr></gpxtpx:TrackPointExtension></extensions></trkpt><trkpt lat="50.767848" lon="4.427632"><ele>120.799805</ele><time>2025-11-13T13:02:51+01:00</time><extensions><gpxtpx:TrackPointExtension><gpxtpx:hr>0</gpxtpx:hr></gpxtpx:TrackPointExtension></extensions></trkpt><trkpt lat="50.767973" lon="4.427697"><ele>121.5</ele><time>2025-11-13T13:02:56+01:00</time><extensions><gpxtpx:TrackPointExtension><gpxtpx:hr>0</gpxtpx:hr></gpxtpx:TrackPointExtension></extensions></trkpt><trkpt lat="50.768068" lon="4.427735"><ele>122.299805</ele><time>2025-11-13T13:03:01+01:00</time><extensions><gpxtpx:TrackPointExtension><gpxtpx:hr>0</gpxtpx:hr></gpxtpx:TrackPointExtension></extensions></trkpt><trkpt lat="50.768153" lon="4.427803"><ele>122.600586</ele><time>2025-11-13T13:03:06+01:00</time><extensions><gpxtpx:TrackPointExtension><gpxtpx:hr>0</gpxtpx:hr></gpxtpx:TrackPointExtension></extensions></trkpt><trkpt lat="50.768253" lon="4.427848"><ele>123.5</ele><time>2025-11-13T13:03:11+01:00</time><extensions><gpxtpx:TrackPointExtension><gpxtpx:hr>0</gpxtpx:hr></gpxtpx:TrackPointExtension></extensions></trkpt><trkpt lat="50.76832" lon="4.4279"><ele>124</ele><time>2025-11-13T13:03:16+01:00</time><extensions><gpxtpx:TrackPointExtension><gpxtpx:hr>0</gpxtpx:hr></gpxtpx:TrackPointExtension></extensions></trkpt><trkpt lat="50.768398" lon="4.427963"><ele>125.100586</ele><time>2025-11-13T13:03:21+01:00</time><extensions><gpxtpx:TrackPointExtension><gpxtpx:hr>0</gpxtpx:hr></gpxtpx:TrackPointExtension></extensions></trkpt><trkpt lat="50.768485" lon="4.428017"><ele>125.600586</ele><time>2025-11-13T13:03:26+01:00</time><extensions><gpxtpx:TrackPointExtension><gpxtpx:hr>0</gpxtpx:hr></gpxtpx:TrackPointExtension></extensions></trkpt><trkpt lat="50.768557" lon="4.42807"><ele>126.5</ele><time>2025-11-13T13:03:31+01:00</time><extensions><gpxtpx:TrackPointExtension><gpxtpx:hr>0</gpxtpx:hr></gpxtpx:TrackPointExtension></extensions></trkpt><trkpt lat="50.768637" lon="4.428128"><ele>126.700195</ele><time>2025-11-13T13:03:36+01:00</time><extensions><gpxtpx:TrackPointExtension><gpxtpx:hr>0</gpxtpx:hr></gpxtpx:TrackPointExtension></extensions></trkpt><trkpt lat="50.768732" lon="4.428188"><ele>127.200195</ele><time>2025-11-13T13:03:41+01:00</time><extensions><gpxtpx:TrackPointExtension><gpxtpx:hr>0</gpxtpx:hr></gpxtpx:TrackPointExtension></extensions></trkpt><trkpt lat="50.76881" lon="4.428225"><ele>127.5</ele><time>2025-11-13T13:03:46+01:00</time><extensions><gpxtpx:TrackPointExtension><gpxtpx:hr>0</gpxtpx:hr></gpxtpx:TrackPointExtension></extensions></trkpt><trkpt lat="50.768887" lon="4.42829"><ele>127.600586</ele><time>2025-11-13T13:03:51+01:00</time><extensions><gpxtpx:TrackPointExtension><gpxtpx:hr>0</gpxtpx:hr></gpxtpx:TrackPointExtension></extensions></trkpt><trkpt lat="50.768972" lon="4.428347"><ele>127.799805</ele><time>2025-11-13T13:03:56+01:00</time><extensions><gpxtpx:TrackPointExtension><gpxtpx:hr>0</gpxtpx:hr></gpxtpx:TrackPointExtension></extensions></trkpt><trkpt lat="50.769057" lon="4.428393"><ele>128</ele><time>2025-11-13T13:04:01+01:00</time><extensions><gpxtpx:TrackPointExtension><gpxtpx:hr>0</gpxtpx:hr></gpxtpx:TrackPointExtension></extensions></trkpt><trkpt lat="50.769137" lon="4.428443"><ele>127.90039</ele><time>2025-11-13T13:04:06+01:00</time><extensions><gpxtpx:TrackPointExtension><gpxtpx:hr>0</gpxtpx:hr></gpxtpx:TrackPointExtension></extensions></trkpt><trkpt lat="50.769238" lon="4.428483"><ele>128.2998</ele><time>2025-11-13T13:04:11+01:00</time><extensions><gpxtpx:TrackPointExtension><gpxtpx:hr>0</gpxtpx:hr></gpxtpx:TrackPointExtension></extensions></trkpt><trkpt lat="50.769317" lon="4.428502"><ele>128.7002</ele><time>2025-11-13T13:04:16+01:00</time><extensions><gpxtpx:TrackPointExtension><gpxtpx:hr>0</gpxtpx:hr></gpxtpx:TrackPointExtension></extensions></trkpt><trkpt lat="50.76941" lon="4.4285"><ele>128.7998</ele><time>2025-11-13T13:04:21+01:00</time><extensions><gpxtpx:TrackPointExtension><gpxtpx:hr>0</gpxtpx:hr></gpxtpx:TrackPointExtension></extensions></trkpt><trkpt lat="50.769495" lon="4.428452"><ele>129.2998</ele><time>2025-11-13T13:04:26+01:00</time><extensions><gpxtpx:TrackPointExtension><gpxtpx:hr>0</gpxtpx:hr></gpxtpx:TrackPointExtension></extensions></trkpt><trkpt lat="50.769598" lon="4.428405"><ele>130.10059</ele><time>2025-11-13T13:04:31+01:00</time><extensions><gpxtpx:TrackPointExtension><gpxtpx:hr>0</gpxtpx:hr></gpxtpx:TrackPointExtension></extensions></trkpt><trkpt lat="50.769723" lon="4.42834"><ele>131</ele><time>2025-11-13T13:04:36+01:00</time><extensions><gpxtpx:TrackPointExtension><gpxtpx:hr>0</gpxtpx:hr></gpxtpx:TrackPointExtension></extensions></trkpt><trkpt lat="50.769842" lon="4.428285"><ele>131.90039</ele><time>2025-11-13T13:04:41+01:00</time><extensions><gpxtpx:TrackPointExtension><gpxtpx:hr>0</gpxtpx:hr></gpxtpx:TrackPointExtension></extensions></trkpt><trkpt lat="50.769953" lon="4.428252"><ele>132.90039</ele><time>2025-11-13T13:04:46+01:00</time><extensions><gpxtpx:TrackPointExtension><gpxtpx:hr>0</gpxtpx:hr></gpxtpx:TrackPointExtension></extensions></trkpt><trkpt lat="50.77005" lon="4.4282"><ele>133.5</ele><time>2025-11-13T13:04:51+01:00</time><extensions><gpxtpx:TrackPointExtension><gpxtpx:hr>0</gpxtpx:hr></gpxtpx:TrackPointExtension></extensions></trkpt><trkpt lat="50.770165" lon="4.428137"><ele>133.90039</ele><time>2025-11-13T13:04:56+01:00</time><extensions><gpxtpx:TrackPointExtension><gpxtpx:hr>0</gpxtpx:hr></gpxtpx:TrackPointExtension></extensions></trkpt><trkpt lat="50.77028" lon="4.428072"><ele>134.10059</ele><time>2025-11-13T13:05:01+01:00</time><extensions><gpxtpx:TrackPointExtension><gpxtpx:hr>0</gpxtpx:hr></gpxtpx:TrackPointExtension></extensions></trkpt><trkpt lat="50.770417" lon="4.428"><ele>134.2002</ele><time>2025-11-13T13:05:06+01:00</time><extensions><gpxtpx:TrackPointExtension><gpxtpx:hr>0</gpxtpx:hr></gpxtpx:TrackPointExtension></extensions></trkpt><trkpt lat="50.770553" lon="4.427942"><ele>134.40039</ele><time>2025-11-13T13:05:11+01:00</time><extensions><gpxtpx:TrackPointExtension><gpxtpx:hr>0</gpxtpx:hr></gpxtpx:TrackPointExtension></extensions></trkpt><trkpt lat="50.770707" lon="4.427862"><ele>134.2002</ele><time>2025-11-13T13:05:16+01:00</time><extensions><gpxtpx:TrackPointExtension><gpxtpx:hr>0</gpxtpx:hr></gpxtpx:TrackPointExtension></extensions></trkpt><trkpt lat="50.77086" lon="4.427778"><ele>133.7998</ele><time>2025-11-13T13:05:21+01:00</time><extensions><gpxtpx:TrackPointExtension><gpxtpx:hr>0</gpxtpx:hr></gpxtpx:TrackPointExtension></extensions></trkpt><trkpt lat="50.771003" lon="4.427725"><ele>133.40039</ele><time>2025-11-13T13:05:26+01:00</time><extensions><gpxtpx:TrackPointExtension><gpxtpx:hr>0</gpxtpx:hr></gpxtpx:TrackPointExtension></extensions></trkpt><trkpt lat="50.771103" lon="4.427717"><ele>133.40039</ele><time>2025-11-13T13:05:31+01:00</time><extensions><gpxtpx:TrackPointExtension><gpxtpx:hr>0</gpxtpx:hr></gpxtpx:TrackPointExtension></extensions></trkpt><trkpt lat="50.771195" lon="4.427717"><ele>133.40039</ele><time>2025-11-13T13:05:36+01:00</time><extensions><gpxtpx:TrackPointExtension><gpxtpx:hr>0</gpxtpx:hr></gpxtpx:TrackPointExtension></extensions></trkpt><trkpt lat="50.771217" lon="4.427717"><ele>133.40039</ele><time>2025-11-13T13:05:41+01:00</time><extensions><gpxtpx:TrackPointExtension><gpxtpx:hr>0</gpxtpx:hr></gpxtpx:TrackPointExtension></extensions></trkpt><trkpt lat="50.771232" lon="4.427725"><ele>133.40039</ele><time>2025-11-13T13:05:46+01:00</time><extensions><gpxtpx:TrackPointExtension><gpxtpx:hr>0</gpxtpx:hr></gpxtpx:TrackPointExtension></extensions></trkpt><trkpt lat="50.771238" lon="4.427723"><ele>133.40039</ele><time>2025-11-13T13:05:51+01:00</time><extensions><gpxtpx:TrackPointExtension><gpxtpx:hr>0</gpxtpx:hr></gpxtpx:TrackPointExtension></extensions></trkpt><trkpt lat="50.771232" lon="4.427723"><ele>133.40039</ele><time>2025-11-13T13:05:56+01:00</time><extensions><gpxtpx:TrackPointExtension><gpxtpx:hr>0</gpxtpx:hr></gpxtpx:TrackPointExtension></extensions></trkpt><trkpt lat="50.771232" lon="4.427702"><ele>133.40039</ele><time>2025-11-13T13:06:01+01:00</time><extensions><gpxtpx:TrackPointExtension><gpxtpx:hr>0</gpxtpx:hr></gpxtpx:TrackPointExtension></extensions></trkpt><trkpt lat="50.771233" lon="4.427693"><ele>133.40039</ele><time>2025-11-13T13:06:06+01:00</time><extensions><gpxtpx:TrackPointExtension><gpxtpx:hr>0</gpxtpx:hr></gpxtpx:TrackPointExtension></extensions></trkpt><trkpt lat="50.771233" lon="4.427688"><ele>133.40039</ele><time>2025-11-13T13:06:11+01:00</time><extensions><gpxtpx:TrackPointExtension><gpxtpx:hr>0</gpxtpx:hr></gpxtpx:TrackPointExtension></extensions></trkpt><trkpt lat="50.77124" lon="4.427688"><ele>133.40039</ele><time>2025-11-13T13:06:16+01:00</time><extensions><gpxtpx:TrackPointExtension><gpxtpx:hr>0</gpxtpx:hr></gpxtpx:TrackPointExtension></extensions></trkpt><trkpt lat="50.77124" lon="4.427688"><ele>133.40039</ele><time>2025-11-13T13:06:21+01:00</time><extensions><gpxtpx:TrackPointExtension><gpxtpx:hr>0</gpxtpx:hr></gpxtpx:TrackPointExtension></extensions></trkpt><trkpt lat="50.771237" lon="4.427687"><ele>133.40039</ele><time>2025-11-13T13:06:26+01:00</time><extensions><gpxtpx:TrackPointExtension><gpxtpx:hr>0</gpxtpx:hr></gpxtpx:TrackPointExtension></extensions></trkpt><trkpt lat="50.771227" lon="4.427678"><ele>133.40039</ele><time>2025-11-13T13:06:31+01:00</time><extensions><gpxtpx:TrackPointExtension><gpxtpx:hr>0</gpxtpx:hr></gpxtpx:TrackPointExtension></extensions></trkpt><trkpt lat="50.77122" lon="4.42767"><ele>133.40039</ele><time>2025-11-13T13:06:36+01:00</time><extensions><gpxtpx:TrackPointExtension><gpxtpx:hr>0</gpxtpx:hr></gpxtpx:TrackPointExtension></extensions></trkpt><trkpt lat="50.77121" lon="4.427667"><ele>133.40039</ele><time>2025-11-13T13:06:41+01:00</time><extensions><gpxtpx:TrackPointExtension><gpxtpx:hr>0</gpxtpx:hr></gpxtpx:TrackPointExtension></extensions></trkpt><trkpt lat="50.771212" lon="4.427663"><ele>133.40039</ele><time>2025-11-13T13:06:46+01:00</time><extensions><gpxtpx:TrackPointExtension><gpxtpx:hr>0</gpxtpx:hr></gpxtpx:TrackPointExtension></extensions></trkpt><trkpt lat="50.771215" lon="4.42766"><ele>133</ele><time>2025-11-13T13:06:51+01:00</time><extensions><gpxtpx:TrackPointExtension><gpxtpx:hr>0</gpxtpx:hr></gpxtpx:TrackPointExtension></extensions></trkpt><trkpt lat="50.771218" lon="4.427655"><ele>133</ele><time>2025-11-13T13:06:56+01:00</time><extensions><gpxtpx:TrackPointExtension><gpxtpx:hr>0</gpxtpx:hr></gpxtpx:TrackPointExtension></extensions></trkpt><trkpt lat="50.771217" lon="4.427653"><ele>133</ele><time>2025-11-13T13:07:01+01:00</time><extensions><gpxtpx:TrackPointExtension><gpxtpx:hr>0</gpxtpx:hr></gpxtpx:TrackPointExtension></extensions></trkpt><trkpt lat="50.771208" lon="4.427647"><ele>133</ele><time>2025-11-13T13:07:06+01:00</time><extensions><gpxtpx:TrackPointExtension><gpxtpx:hr>0</gpxtpx:hr></gpxtpx:TrackPointExtension></extensions></trkpt><trkpt lat="50.7712" lon="4.427637"><ele>133</ele><time>2025-11-13T13:07:11+01:00</time><extensions><gpxtpx:TrackPointExtension><gpxtpx:hr>0</gpxtpx:hr></gpxtpx:TrackPointExtension></extensions></trkpt><trkpt lat="50.771195" lon="4.427628"><ele>133</ele><time>2025-11-13T13:07:16+01:00</time><extensions><gpxtpx:TrackPointExtension><gpxtpx:hr>0</gpxtpx:hr></gpxtpx:TrackPointExtension></extensions></trkpt><trkpt lat="50.771225" lon="4.427702"><ele>133.40039</ele><time>2025-11-13T13:07:21+01:00</time><extensions><gpxtpx:TrackPointExtension><gpxtpx:hr>0</gpxtpx:hr></gpxtpx:TrackPointExtension></extensions></trkpt><trkpt lat="50.771218" lon="4.427753"><ele>133.7998</ele><time>2025-11-13T13:07:26+01:00</time><extensions><gpxtpx:TrackPointExtension><gpxtpx:hr>0</gpxtpx:hr></gpxtpx:TrackPointExtension></extensions></trkpt><trkpt lat="50.771288" lon="4.427845"><ele>134.10059</ele><time>2025-11-13T13:07:32+01:00</time><extensions><gpxtpx:TrackPointExtension><gpxtpx:hr>0</gpxtpx:hr></gpxtpx:TrackPointExtension></extensions></trkpt><trkpt lat="50.771393" lon="4.427915"><ele>133.90039</ele><time>2025-11-13T13:07:37+01:00</time><extensions><gpxtpx:TrackPointExtension><gpxtpx:hr>0</gpxtpx:hr></gpxtpx:TrackPointExtension></extensions></trkpt><trkpt lat="50.771522" lon="4.428015"><ele>134.5</ele><time>2025-11-13T13:07:42+01:00</time><extensions><gpxtpx:TrackPointExtension><gpxtpx:hr>0</gpxtpx:hr></gpxtpx:TrackPointExtension></extensions></trkpt><trkpt lat="50.771678" lon="4.428122"><ele>134.60059</ele><time>2025-11-13T13:07:48+01:00</time><extensions><gpxtpx:TrackPointExtension><gpxtpx:hr>0</gpxtpx:hr></gpxtpx:TrackPointExtension></extensions></trkpt><trkpt lat="50.771842" lon="4.428215"><ele>134.7998</ele><time>2025-11-13T13:07:53+01:00</time><extensions><gpxtpx:TrackPointExtension><gpxtpx:hr>0</gpxtpx:hr></gpxtpx:TrackPointExtension></extensions></trkpt><trkpt lat="50.771993" lon="4.428335"><ele>134.90039</ele><time>2025-11-13T13:07:58+01:00</time><extensions><gpxtpx:TrackPointExtension><gpxtpx:hr>0</gpxtpx:hr></gpxtpx:TrackPointExtension></extensions></trkpt><trkpt lat="50.772118" lon="4.428452"><ele>135.2998</ele><time>2025-11-13T13:08:03+01:00</time><extensions><gpxtpx:TrackPointExtension><gpxtpx:hr>0</gpxtpx:hr></gpxtpx:TrackPointExtension></extensions></trkpt><trkpt lat="50.772343" lon="4.428577"><ele>135.2002</ele><time>2025-11-13T13:08:08+01:00</time><extensions><gpxtpx:TrackPointExtension><gpxtpx:hr>0</gpxtpx:hr></gpxtpx:TrackPointExtension></extensions></trkpt><trkpt lat="50.772535" lon="4.428653"><ele>135</ele><time>2025-11-13T13:08:14+01:00</time><extensions><gpxtpx:TrackPointExtension><gpxtpx:hr>0</gpxtpx:hr></gpxtpx:TrackPointExtension></extensions></trkpt><trkpt lat="50.7727" lon="4.428683"><ele>134.7998</ele><time>2025-11-13T13:08:19+01:00</time><extensions><gpxtpx:TrackPointExtension><gpxtpx:hr>0</gpxtpx:hr></gpxtpx:TrackPointExtension></extensions></trkpt><trkpt lat="50.77284" lon="4.428688"><ele>134.5</ele><time>2025-11-13T13:08:24+01:00</time><extensions><gpxtpx:TrackPointExtension><gpxtpx:hr>0</gpxtpx:hr></gpxtpx:TrackPointExtension></extensions></trkpt><trkpt lat="50.772985" lon="4.428677"><ele>134.2998</ele><time>2025-11-13T13:08:30+01:00</time><extensions><gpxtpx:TrackPointExtension><gpxtpx:hr>0</gpxtpx:hr></gpxtpx:TrackPointExtension></extensions></trkpt><trkpt lat="50.773125" lon="4.42868"><ele>133.90039</ele><time>2025-11-13T13:08:35+01:00</time><extensions><gpxtpx:TrackPointExtension><gpxtpx:hr>0</gpxtpx:hr></gpxtpx:TrackPointExtension></extensions></trkpt><trkpt lat="50.77327" lon="4.428658"><ele>133.5</ele><time>2025-11-13T13:08:40+01:00</time><extensions><gpxtpx:TrackPointExtension><gpxtpx:hr>0</gpxtpx:hr></gpxtpx:TrackPointExtension></extensions></trkpt><trkpt lat="50.773397" lon="4.428653"><ele>132.7998</ele><time>2025-11-13T13:08:46+01:00</time><extensions><gpxtpx:TrackPointExtension><gpxtpx:hr>0</gpxtpx:hr></gpxtpx:TrackPointExtension></extensions></trkpt><trkpt lat="50.773585" lon="4.428642"><ele>132</ele><time>2025-11-13T13:08:51+01:00</time><extensions><gpxtpx:TrackPointExtension><gpxtpx:hr>0</gpxtpx:hr></gpxtpx:TrackPointExtension></extensions></trkpt><trkpt lat="50.773797" lon="4.428678"><ele>131</ele><time>2025-11-13T13:08:56+01:00</time><extensions><gpxtpx:TrackPointExtension><gpxtpx:hr>0</gpxtpx:hr></gpxtpx:TrackPointExtension></extensions></trkpt><trkpt lat="50.774" lon="4.428712"><ele>130.2002</ele><time>2025-11-13T13:09:02+01:00</time><extensions><gpxtpx:TrackPointExtension><gpxtpx:hr>0</gpxtpx:hr></gpxtpx:TrackPointExtension></extensions></trkpt><trkpt lat="50.774203" lon="4.428753"><ele>129.10059</ele><time>2025-11-13T13:09:07+01:00</time><extensions><gpxtpx:TrackPointExtension><gpxtpx:hr>0</gpxtpx:hr></gpxtpx:TrackPointExtension></extensions></trkpt><trkpt lat="50.774417" lon="4.428865"><ele>128</ele><time>2025-11-13T13:09:13+01:00</time><extensions><gpxtpx:TrackPointExtension><gpxtpx:hr>0</gpxtpx:hr></gpxtpx:TrackPointExtension></extensions></trkpt><trkpt lat="50.774667" lon="4.429065"><ele>126.799805</ele><time>2025-11-13T13:09:18+01:00</time><extensions><gpxtpx:TrackPointExtension><gpxtpx:hr>0</gpxtpx:hr></gpxtpx:TrackPointExtension></extensions></trkpt><trkpt lat="50.774908" lon="4.429352"><ele>125.5</ele><time>2025-11-13T13:09:24+01:00</time><extensions><gpxtpx:TrackPointExtension><gpxtpx:hr>0</gpxtpx:hr></gpxtpx:TrackPointExtension></extensions></trkpt><trkpt lat="50.775117" lon="4.42955"><ele>124.299805</ele><time>2025-11-13T13:09:29+01:00</time><extensions><gpxtpx:TrackPointExtension><gpxtpx:hr>0</gpxtpx:hr></gpxtpx:TrackPointExtension></extensions></trkpt><trkpt lat="50.775387" lon="4.429665"><ele>122.90039</ele><time>2025-11-13T13:09:35+01:00</time><extensions><gpxtpx:TrackPointExtension><gpxtpx:hr>0</gpxtpx:hr></gpxtpx:TrackPointExtension></extensions></trkpt><trkpt lat="50.775802" lon="4.429613"><ele>119.700195</ele><time>2025-11-13T13:09:40+01:00</time><extensions><gpxtpx:TrackPointExtension><gpxtpx:hr>0</gpxtpx:hr></gpxtpx:TrackPointExtension></extensions></trkpt><trkpt lat="50.776145" lon="4.429522"><ele>117.40039</ele><time>2025-11-13T13:09:46+01:00</time><extensions><gpxtpx:TrackPointExtension><gpxtpx:hr>0</gpxtpx:hr></gpxtpx:TrackPointExtension></extensions></trkpt><trkpt lat="50.776332" lon="4.429407"><ele>116.40039</ele><time>2025-11-13T13:09:51+01:00</time><extensions><gpxtpx:TrackPointExtension><gpxtpx:hr>0</gpxtpx:hr></gpxtpx:TrackPointExtension></extensions></trkpt><trkpt lat="50.776428" lon="4.429295"><ele>116.200195</ele><time>2025-11-13T13:09:56+01:00</time><extensions><gpxtpx:TrackPointExtension><gpxtpx:hr>0</gpxtpx:hr></gpxtpx:TrackPointExtension></extensions></trkpt><trkpt lat="50.776488" lon="4.42926"><ele>116.299805</ele><time>2025-11-13T13:10:01+01:00</time><extensions><gpxtpx:TrackPointExtension><gpxtpx:hr>0</gpxtpx:hr></gpxtpx:TrackPointExtension></extensions></trkpt><trkpt lat="50.776548" lon="4.429247"><ele>116.200195</ele><time>2025-11-13T13:10:06+01:00</time><extensions><gpxtpx:TrackPointExtension><gpxtpx:hr>0</gpxtpx:hr></gpxtpx:TrackPointExtension></extensions></trkpt><trkpt lat="50.776658" lon="4.429268"><ele>116</ele><time>2025-11-13T13:10:11+01:00</time><extensions><gpxtpx:TrackPointExtension><gpxtpx:hr>0</gpxtpx:hr></gpxtpx:TrackPointExtension></extensions></trkpt><trkpt lat="50.776683" lon="4.429267"><ele>116</ele><time>2025-11-13T13:10:16+01:00</time><extensions><gpxtpx:TrackPointExtension><gpxtpx:hr>0</gpxtpx:hr></gpxtpx:TrackPointExtension></extensions></trkpt><trkpt lat="50.776688" lon="4.429255"><ele>116</ele><time>2025-11-13T13:10:21+01:00</time><extensions><gpxtpx:TrackPointExtension><gpxtpx:hr>0</gpxtpx:hr></gpxtpx:TrackPointExtension></extensions></trkpt><trkpt lat="50.776692" lon="4.429252"><ele>115.90039</ele><time>2025-11-13T13:10:26+01:00</time><extensions><gpxtpx:TrackPointExtension><gpxtpx:hr>0</gpxtpx:hr></gpxtpx:TrackPointExtension></extensions></trkpt><trkpt lat="50.77669" lon="4.429252"><ele>115.90039</ele><time>2025-11-13T13:10:31+01:00</time><extensions><gpxtpx:TrackPointExtension><gpxtpx:hr>0</gpxtpx:hr></gpxtpx:TrackPointExtension></extensions></trkpt><trkpt lat="50.776687" lon="4.429252"><ele>116</ele><time>2025-11-13T13:10:36+01:00</time><extensions><gpxtpx:TrackPointExtension><gpxtpx:hr>0</gpxtpx:hr></gpxtpx:TrackPointExtension></extensions></trkpt><trkpt lat="50.776687" lon="4.429248"><ele>116</ele><time>2025-11-13T13:10:41+01:00</time><extensions><gpxtpx:TrackPointExtension><gpxtpx:hr>0</gpxtpx:hr></gpxtpx:TrackPointExtension></extensions></trkpt><trkpt lat="50.776693" lon="4.429238"><ele>115.90039</ele><time>2025-11-13T13:10:46+01:00</time><extensions><gpxtpx:TrackPointExtension><gpxtpx:hr>0</gpxtpx:hr></gpxtpx:TrackPointExtension></extensions></trkpt><trkpt lat="50.776732" lon="4.429263"><ele>115.90039</ele><time>2025-11-13T13:10:51+01:00</time><extensions><gpxtpx:TrackPointExtension><gpxtpx:hr>0</gpxtpx:hr></gpxtpx:TrackPointExtension></extensions></trkpt><trkpt lat="50.776837" lon="4.42945"><ele>115.100586</ele><time>2025-11-13T13:10:56+01:00</time><extensions><gpxtpx:TrackPointExtension><gpxtpx:hr>0</gpxtpx:hr></gpxtpx:TrackPointExtension></extensions></trkpt><trkpt lat="50.776912" lon="4.429665"><ele>113.90039</ele><time>2025-11-13T13:11:02+01:00</time><extensions><gpxtpx:TrackPointExtension><gpxtpx:hr>0</gpxtpx:hr></gpxtpx:TrackPointExtension></extensions></trkpt><trkpt lat="50.777047" lon="4.42995"><ele>113.100586</ele><time>2025-11-13T13:11:07+01:00</time><extensions><gpxtpx:TrackPointExtension><gpxtpx:hr>0</gpxtpx:hr></gpxtpx:TrackPointExtension></extensions></trkpt><trkpt lat="50.777088" lon="4.430115"><ele>113.40039</ele><time>2025-11-13T13:11:12+01:00</time><extensions><gpxtpx:TrackPointExtension><gpxtpx:hr>0</gpxtpx:hr></gpxtpx:TrackPointExtension></extensions></trkpt><trkpt lat="50.77708" lon="4.430123"><ele>113.40039</ele><time>2025-11-13T13:11:17+01:00</time><extensions><gpxtpx:TrackPointExtension><gpxtpx:hr>0</gpxtpx:hr></gpxtpx:TrackPointExtension></extensions></trkpt><trkpt lat="50.777067" lon="4.430127"><ele>113.200195</ele><time>2025-11-13T13:11:22+01:00</time><extensions><gpxtpx:TrackPointExtension><gpxtpx:hr>0</gpxtpx:hr></gpxtpx:TrackPointExtension></extensions></trkpt><trkpt lat="50.77705" lon="4.430052"><ele>113.100586</ele><time>2025-11-13T13:11:27+01:00</time><extensions><gpxtpx:TrackPointExtension><gpxtpx:hr>0</gpxtpx:hr></gpxtpx:TrackPointExtension></extensions></trkpt><trkpt lat="50.777012" lon="4.429925"><ele>113.100586</ele><time>2025-11-13T13:11:32+01:00</time><extensions><gpxtpx:TrackPointExtension><gpxtpx:hr>0</gpxtpx:hr></gpxtpx:TrackPointExtension></extensions></trkpt><trkpt lat="50.776867" lon="4.429487"><ele>114.700195</ele><time>2025-11-13T13:11:37+01:00</time><extensions><gpxtpx:TrackPointExtension><gpxtpx:hr>0</gpxtpx:hr></gpxtpx:TrackPointExtension></extensions></trkpt><trkpt lat="50.77682" lon="4.42935"><ele>115.40039</ele><time>2025-11-13T13:11:43+01:00</time><extensions><gpxtpx:TrackPointExtension><gpxtpx:hr>0</gpxtpx:hr></gpxtpx:TrackPointExtension></extensions></trkpt><trkpt lat="50.776805" lon="4.429303"><ele>115.40039</ele><time>2025-11-13T13:11:48+01:00</time><extensions><gpxtpx:TrackPointExtension><gpxtpx:hr>0</gpxtpx:hr></gpxtpx:TrackPointExtension></extensions></trkpt><trkpt lat="50.7768" lon="4.429305"><ele>115.40039</ele><time>2025-11-13T13:11:53+01:00</time><extensions><gpxtpx:TrackPointExtension><gpxtpx:hr>0</gpxtpx:hr></gpxtpx:TrackPointExtension></extensions></trkpt><trkpt lat="50.7768" lon="4.429323"><ele>115.40039</ele><time>2025-11-13T13:11:59+01:00</time><extensions><gpxtpx:TrackPointExtension><gpxtpx:hr>0</gpxtpx:hr></gpxtpx:TrackPointExtension></extensions></trkpt><trkpt lat="50.776797" lon="4.429323"><ele>115.5</ele><time>2025-11-13T13:12:05+01:00</time><extensions><gpxtpx:TrackPointExtension><gpxtpx:hr>0</gpxtpx:hr></gpxtpx:TrackPointExtension></extensions></trkpt><trkpt lat="50.776793" lon="4.429322"><ele>115.5</ele><time>2025-11-13T13:12:11+01:00</time><extensions><gpxtpx:TrackPointExtension><gpxtpx:hr>0</gpxtpx:hr></gpxtpx:TrackPointExtension></extensions></trkpt><trkpt lat="50.776793" lon="4.429322"><ele>115.5</ele><time>2025-11-13T13:12:16+01:00</time><extensions><gpxtpx:TrackPointExtension><gpxtpx:hr>0</gpxtpx:hr></gpxtpx:TrackPointExtension></extensions></trkpt><trkpt lat="50.776797" lon="4.429327"><ele>115.5</ele><time>2025-11-13T13:12:21+01:00</time><extensions><gpxtpx:TrackPointExtension><gpxtpx:hr>0</gpxtpx:hr></gpxtpx:TrackPointExtension></extensions></trkpt><trkpt lat="50.7768" lon="4.429443"><ele>115.100586</ele><time>2025-11-13T13:12:26+01:00</time><extensions><gpxtpx:TrackPointExtension><gpxtpx:hr>0</gpxtpx:hr></gpxtpx:TrackPointExtension></extensions></trkpt><trkpt lat="50.776845" lon="4.42958"><ele>114.5</ele><time>2025-11-13T13:12:31+01:00</time><extensions><gpxtpx:TrackPointExtension><gpxtpx:hr>0</gpxtpx:hr></gpxtpx:TrackPointExtension></extensions></trkpt><trkpt lat="50.776778" lon="4.429768"><ele>114.100586</ele><time>2025-11-13T13:12:36+01:00</time><extensions><gpxtpx:TrackPointExtension><gpxtpx:hr>0</gpxtpx:hr></gpxtpx:TrackPointExtension></extensions></trkpt><trkpt lat="50.776682" lon="4.42988"><ele>114.200195</ele><time>2025-11-13T13:12:42+01:00</time><extensions><gpxtpx:TrackPointExtension><gpxtpx:hr>0</gpxtpx:hr></gpxtpx:TrackPointExtension></extensions></trkpt><trkpt lat="50.776613" lon="4.429977"><ele>114.299805</ele><time>2025-11-13T13:12:47+01:00</time><extensions><gpxtpx:TrackPointExtension><gpxtpx:hr>0</gpxtpx:hr></gpxtpx:TrackPointExtension></extensions></trkpt><trkpt lat="50.776565" lon="4.430023"><ele>114.40039</ele><time>2025-11-13T13:12:52+01:00</time><extensions><gpxtpx:TrackPointExtension><gpxtpx:hr>0</gpxtpx:hr></gpxtpx:TrackPointExtension></extensions></trkpt><trkpt lat="50.776535" lon="4.43006"><ele>114.40039</ele><time>2025-11-13T13:12:57+01:00</time><extensions><gpxtpx:TrackPointExtension><gpxtpx:hr>0</gpxtpx:hr></gpxtpx:TrackPointExtension></extensions></trkpt><trkpt lat="50.7765" lon="4.430102"><ele>114.600586</ele><time>2025-11-13T13:13:02+01:00</time><extensions><gpxtpx:TrackPointExtension><gpxtpx:hr>0</gpxtpx:hr></gpxtpx:TrackPointExtension></extensions></trkpt><trkpt lat="50.776482" lon="4.430142"><ele>114.600586</ele><time>2025-11-13T13:13:07+01:00</time><extensions><gpxtpx:TrackPointExtension><gpxtpx:hr>0</gpxtpx:hr></gpxtpx:TrackPointExtension></extensions></trkpt><trkpt lat="50.776472" lon="4.430225"><ele>115</ele><time>2025-11-13T13:13:12+01:00</time><extensions><gpxtpx:TrackPointExtension><gpxtpx:hr>0</gpxtpx:hr></gpxtpx:TrackPointExtension></extensions></trkpt><trkpt lat="50.77646" lon="4.430282"><ele>115.100586</ele><time>2025-11-13T13:13:17+01:00</time><extensions><gpxtpx:TrackPointExtension><gpxtpx:hr>0</gpxtpx:hr></gpxtpx:TrackPointExtension></extensions></trkpt><trkpt lat="50.776435" lon="4.43032"><ele>115.100586</ele><time>2025-11-13T13:13:22+01:00</time><extensions><gpxtpx:TrackPointExtension><gpxtpx:hr>0</gpxtpx:hr></gpxtpx:TrackPointExtension></extensions></trkpt><trkpt lat="50.776407" lon="4.430357"><ele>115.600586</ele><time>2025-11-13T13:13:27+01:00</time><extensions><gpxtpx:TrackPointExtension><gpxtpx:hr>0</gpxtpx:hr></gpxtpx:TrackPointExtension></extensions></trkpt><trkpt lat="50.776352" lon="4.430362"><ele>116</ele><time>2025-11-13T13:13:32+01:00</time><extensions><gpxtpx:TrackPointExtension><gpxtpx:hr>0</gpxtpx:hr></gpxtpx:TrackPointExtension></extensions></trkpt><trkpt lat="50.776305" lon="4.4304"><ele>116.40039</ele><time>2025-11-13T13:13:37+01:00</time><extensions><gpxtpx:TrackPointExtension><gpxtpx:hr>0</gpxtpx:hr></gpxtpx:TrackPointExtension></extensions></trkpt><trkpt lat="50.776263" lon="4.430458"><ele>116.40039</ele><time>2025-11-13T13:13:42+01:00</time><extensions><gpxtpx:TrackPointExtension><gpxtpx:hr>0</gpxtpx:hr></gpxtpx:TrackPointExtension></extensions></trkpt><trkpt lat="50.77622" lon="4.430522"><ele>116.799805</ele><time>2025-11-13T13:13:48+01:00</time><extensions><gpxtpx:TrackPointExtension><gpxtpx:hr>0</gpxtpx:hr></gpxtpx:TrackPointExtension></extensions></trkpt><trkpt lat="50.776142" lon="4.43064"><ele>117.299805</ele><time>2025-11-13T13:13:53+01:00</time><extensions><gpxtpx:TrackPointExtension><gpxtpx:hr>0</gpxtpx:hr></gpxtpx:TrackPointExtension></extensions></trkpt><trkpt lat="50.776052" lon="4.430715"><ele>117.5</ele><time>2025-11-13T13:13:59+01:00</time><extensions><gpxtpx:TrackPointExtension><gpxtpx:hr>0</gpxtpx:hr></gpxtpx:TrackPointExtension></extensions></trkpt><trkpt lat="50.775985" lon="4.430783"><ele>117.600586</ele><time>2025-11-13T13:14:04+01:00</time><extensions><gpxtpx:TrackPointExtension><gpxtpx:hr>0</gpxtpx:hr></gpxtpx:TrackPointExtension></extensions></trkpt><trkpt lat="50.775912" lon="4.430882"><ele>117.700195</ele><time>2025-11-13T13:14:09+01:00</time><extensions><gpxtpx:TrackPointExtension><gpxtpx:hr>0</gpxtpx:hr></gpxtpx:TrackPointExtension></extensions></trkpt><trkpt lat="50.775847" lon="4.430963"><ele>117.799805</ele><time>2025-11-13T13:14:14+01:00</time><extensions><gpxtpx:TrackPointExtension><gpxtpx:hr>0</gpxtpx:hr></gpxtpx:TrackPointExtension></extensions></trkpt><trkpt lat="50.775818" lon="4.431037"><ele>117.90039</ele><time>2025-11-13T13:14:19+01:00</time><extensions><gpxtpx:TrackPointExtension><gpxtpx:hr>0</gpxtpx:hr></gpxtpx:TrackPointExtension></extensions></trkpt><trkpt lat="50.775775" lon="4.431128"><ele>118</ele><time>2025-11-13T13:14:24+01:00</time><extensions><gpxtpx:TrackPointExtension><gpxtpx:hr>0</gpxtpx:hr></gpxtpx:TrackPointExtension></extensions></trkpt><trkpt lat="50.775688" lon="4.431183"><ele>118.200195</ele><time>2025-11-13T13:14:29+01:00</time><extensions><gpxtpx:TrackPointExtension><gpxtpx:hr>0</gpxtpx:hr></gpxtpx:TrackPointExtension></extensions></trkpt><trkpt lat="50.775613" lon="4.431283"><ele>118.299805</ele><time>2025-11-13T13:14:35+01:00</time><extensions><gpxtpx:TrackPointExtension><gpxtpx:hr>0</gpxtpx:hr></gpxtpx:TrackPointExtension></extensions></trkpt><trkpt lat="50.775553" lon="4.431415"><ele>118.299805</ele><time>2025-11-13T13:14:40+01:00</time><extensions><gpxtpx:TrackPointExtension><gpxtpx:hr>0</gpxtpx:hr></gpxtpx:TrackPointExtension></extensions></trkpt><trkpt lat="50.775513" lon="4.431517"><ele>118.40039</ele><time>2025-11-13T13:14:45+01:00</time><extensions><gpxtpx:TrackPointExtension><gpxtpx:hr>0</gpxtpx:hr></gpxtpx:TrackPointExtension></extensions></trkpt><trkpt lat="50.775448" lon="4.431607"><ele>118.5</ele><time>2025-11-13T13:14:51+01:00</time><extensions><gpxtpx:TrackPointExtension><gpxtpx:hr>0</gpxtpx:hr></gpxtpx:TrackPointExtension></extensions></trkpt><trkpt lat="50.775377" lon="4.431658"><ele>118.799805</ele><time>2025-11-13T13:14:56+01:00</time><extensions><gpxtpx:TrackPointExtension><gpxtpx:hr>0</gpxtpx:hr></gpxtpx:TrackPointExtension></extensions></trkpt><trkpt lat="50.77533" lon="4.431718"><ele>119</ele><time>2025-11-13T13:15:02+01:00</time><extensions><gpxtpx:TrackPointExtension><gpxtpx:hr>0</gpxtpx:hr></gpxtpx:TrackPointExtension></extensions></trkpt><trkpt lat="50.775285" lon="4.431787"><ele>118.90039</ele><time>2025-11-13T13:15:07+01:00</time><extensions><gpxtpx:TrackPointExtension><gpxtpx:hr>0</gpxtpx:hr></gpxtpx:TrackPointExtension></extensions></trkpt><trkpt lat="50.775225" lon="4.43186"><ele>119.100586</ele><time>2025-11-13T13:15:12+01:00</time><extensions><gpxtpx:TrackPointExtension><gpxtpx:hr>0</gpxtpx:hr></gpxtpx:TrackPointExtension></extensions></trkpt><trkpt lat="50.77514" lon="4.431905"><ele>119.200195</ele><time>2025-11-13T13:15:17+01:00</time><extensions><gpxtpx:TrackPointExtension><gpxtpx:hr>0</gpxtpx:hr></gpxtpx:TrackPointExtension></extensions></trkpt><trkpt lat="50.775112" lon="4.431985"><ele>119.299805</ele><time>2025-11-13T13:15:22+01:00</time><extensions><gpxtpx:TrackPointExtension><gpxtpx:hr>0</gpxtpx:hr></gpxtpx:TrackPointExtension></extensions></trkpt><trkpt lat="50.775103" lon="4.43201"><ele>119.299805</ele><time>2025-11-13T13:15:27+01:00</time><extensions><gpxtpx:TrackPointExtension><gpxtpx:hr>0</gpxtpx:hr></gpxtpx:TrackPointExtension></extensions></trkpt><trkpt lat="50.77507" lon="4.43209"><ele>119.299805</ele><time>2025-11-13T13:15:32+01:00</time><extensions><gpxtpx:TrackPointExtension><gpxtpx:hr>0</gpxtpx:hr></gpxtpx:TrackPointExtension></extensions></trkpt><trkpt lat="50.775047" lon="4.432143"><ele>119.5</ele><time>2025-11-13T13:15:37+01:00</time><extensions><gpxtpx:TrackPointExtension><gpxtpx:hr>0</gpxtpx:hr></gpxtpx:TrackPointExtension></extensions></trkpt><trkpt lat="50.775038" lon="4.432243"><ele>119.5</ele><time>2025-11-13T13:15:42+01:00</time><extensions><gpxtpx:TrackPointExtension><gpxtpx:hr>0</gpxtpx:hr></gpxtpx:TrackPointExtension></extensions></trkpt><trkpt lat="50.774998" lon="4.432347"><ele>119.40039</ele><time>2025-11-13T13:15:47+01:00</time><extensions><gpxtpx:TrackPointExtension><gpxtpx:hr>0</gpxtpx:hr></gpxtpx:TrackPointExtension></extensions></trkpt><trkpt lat="50.77496" lon="4.432415"><ele>119.100586</ele><time>2025-11-13T13:15:53+01:00</time><extensions><gpxtpx:TrackPointExtension><gpxtpx:hr>0</gpxtpx:hr></gpxtpx:TrackPointExtension></extensions></trkpt><trkpt lat="50.774928" lon="4.432465"><ele>119.100586</ele><time>2025-11-13T13:15:58+01:00</time><extensions><gpxtpx:TrackPointExtension><gpxtpx:hr>0</gpxtpx:hr></gpxtpx:TrackPointExtension></extensions></trkpt><trkpt lat="50.774895" lon="4.43258"><ele>118.5</ele><time>2025-11-13T13:16:03+01:00</time><extensions><gpxtpx:TrackPointExtension><gpxtpx:hr>0</gpxtpx:hr></gpxtpx:TrackPointExtension></extensions></trkpt><trkpt lat="50.774852" lon="4.432622"><ele>118.5</ele><time>2025-11-13T13:16:09+01:00</time><extensions><gpxtpx:TrackPointExtension><gpxtpx:hr>0</gpxtpx:hr></gpxtpx:TrackPointExtension></extensions></trkpt><trkpt lat="50.77481" lon="4.432648"><ele>118.200195</ele><time>2025-11-13T13:16:14+01:00</time><extensions><gpxtpx:TrackPointExtension><gpxtpx:hr>0</gpxtpx:hr></gpxtpx:TrackPointExtension></extensions></trkpt><trkpt lat="50.774735" lon="4.43275"><ele>118.100586</ele><time>2025-11-13T13:16:19+01:00</time><extensions><gpxtpx:TrackPointExtension><gpxtpx:hr>0</gpxtpx:hr></gpxtpx:TrackPointExtension></extensions></trkpt><trkpt lat="50.774675" lon="4.432817"><ele>117.799805</ele><time>2025-11-13T13:16:25+01:00</time><extensions><gpxtpx:TrackPointExtension><gpxtpx:hr>0</gpxtpx:hr></gpxtpx:TrackPointExtension></extensions></trkpt><trkpt lat="50.77462" lon="4.432862"><ele>117.90039</ele><time>2025-11-13T13:16:30+01:00</time><extensions><gpxtpx:TrackPointExtension><gpxtpx:hr>0</gpxtpx:hr></gpxtpx:TrackPointExtension></extensions></trkpt><trkpt lat="50.774558" lon="4.432957"><ele>117.600586</ele><time>2025-11-13T13:16:35+01:00</time><extensions><gpxtpx:TrackPointExtension><gpxtpx:hr>0</gpxtpx:hr></gpxtpx:TrackPointExtension></extensions></trkpt><trkpt lat="50.774553" lon="4.433082"><ele>116.90039</ele><time>2025-11-13T13:16:40+01:00</time><extensions><gpxtpx:TrackPointExtension><gpxtpx:hr>0</gpxtpx:hr></gpxtpx:TrackPointExtension></extensions></trkpt><trkpt lat="50.774497" lon="4.433145"><ele>116.799805</ele><time>2025-11-13T13:16:45+01:00</time><extensions><gpxtpx:TrackPointExtension><gpxtpx:hr>0</gpxtpx:hr></gpxtpx:TrackPointExtension></extensions></trkpt><trkpt lat="50.77444" lon="4.433242"><ele>116.600586</ele><time>2025-11-13T13:16:50+01:00</time><extensions><gpxtpx:TrackPointExtension><gpxtpx:hr>0</gpxtpx:hr></gpxtpx:TrackPointExtension></extensions></trkpt><trkpt lat="50.77436" lon="4.433358"><ele>116.799805</ele><time>2025-11-13T13:16:55+01:00</time><extensions><gpxtpx:TrackPointExtension><gpxtpx:hr>0</gpxtpx:hr></gpxtpx:TrackPointExtension></extensions></trkpt><trkpt lat="50.77431" lon="4.433438"><ele>117.100586</ele><time>2025-11-13T13:17:01+01:00</time><extensions><gpxtpx:TrackPointExtension><gpxtpx:hr>0</gpxtpx:hr></gpxtpx:TrackPointExtension></extensions></trkpt><trkpt lat="50.774242" lon="4.43352"><ele>117.700195</ele><time>2025-11-13T13:17:06+01:00</time><extensions><gpxtpx:TrackPointExtension><gpxtpx:hr>0</gpxtpx:hr></gpxtpx:TrackPointExtension></extensions></trkpt><trkpt lat="50.774177" lon="4.433602"><ele>117.90039</ele><time>2025-11-13T13:17:11+01:00</time><extensions><gpxtpx:TrackPointExtension><gpxtpx:hr>0</gpxtpx:hr></gpxtpx:TrackPointExtension></extensions></trkpt><trkpt lat="50.77413" lon="4.433652"><ele>118.200195</ele><time>2025-11-13T13:17:17+01:00</time><extensions><gpxtpx:TrackPointExtension><gpxtpx:hr>0</gpxtpx:hr></gpxtpx:TrackPointExtension></extensions></trkpt><trkpt lat="50.774088" lon="4.433697"><ele>118</ele><time>2025-11-13T13:17:22+01:00</time><extensions><gpxtpx:TrackPointExtension><gpxtpx:hr>0</gpxtpx:hr></gpxtpx:TrackPointExtension></extensions></trkpt><trkpt lat="50.774103" lon="4.433838"><ele>117.799805</ele><time>2025-11-13T13:17:27+01:00</time><extensions><gpxtpx:TrackPointExtension><gpxtpx:hr>0</gpxtpx:hr></gpxtpx:TrackPointExtension></extensions></trkpt><trkpt lat="50.774078" lon="4.433963"><ele>117.5</ele><time>2025-11-13T13:17:33+01:00</time><extensions><gpxtpx:TrackPointExtension><gpxtpx:hr>0</gpxtpx:hr></gpxtpx:TrackPointExtension></extensions></trkpt><trkpt lat="50.774025" lon="4.434048"><ele>117.40039</ele><time>2025-11-13T13:17:39+01:00</time><extensions><gpxtpx:TrackPointExtension><gpxtpx:hr>0</gpxtpx:hr></gpxtpx:TrackPointExtension></extensions></trkpt><trkpt lat="50.773942" lon="4.434142"><ele>117.200195</ele><time>2025-11-13T13:17:44+01:00</time><extensions><gpxtpx:TrackPointExtension><gpxtpx:hr>0</gpxtpx:hr></gpxtpx:TrackPointExtension></extensions></trkpt><trkpt lat="50.773933" lon="4.434148"><ele>117.200195</ele><time>2025-11-13T13:17:49+01:00</time><extensions><gpxtpx:TrackPointExtension><gpxtpx:hr>0</gpxtpx:hr></gpxtpx:TrackPointExtension></extensions></trkpt><trkpt lat="50.773937" lon="4.43415"><ele>117.200195</ele><time>2025-11-13T13:17:54+01:00</time><extensions><gpxtpx:TrackPointExtension><gpxtpx:hr>0</gpxtpx:hr></gpxtpx:TrackPointExtension></extensions></trkpt><trkpt lat="50.773893" lon="4.434202"><ele>117.100586</ele><time>2025-11-13T13:17:59+01:00</time><extensions><gpxtpx:TrackPointExtension><gpxtpx:hr>0</gpxtpx:hr></gpxtpx:TrackPointExtension></extensions></trkpt><trkpt lat="50.773883" lon="4.434233"><ele>117.100586</ele><time>2025-11-13T13:18:04+01:00</time><extensions><gpxtpx:TrackPointExtension><gpxtpx:hr>0</gpxtpx:hr></gpxtpx:TrackPointExtension></extensions></trkpt><trkpt lat="50.773868" lon="4.434267"><ele>117.100586</ele><time>2025-11-13T13:18:09+01:00</time><extensions><gpxtpx:TrackPointExtension><gpxtpx:hr>0</gpxtpx:hr></gpxtpx:TrackPointExtension></extensions></trkpt><trkpt lat="50.773827" lon="4.434333"><ele>117.100586</ele><time>2025-11-13T13:18:14+01:00</time><extensions><gpxtpx:TrackPointExtension><gpxtpx:hr>0</gpxtpx:hr></gpxtpx:TrackPointExtension></extensions></trkpt><trkpt lat="50.773812" lon="4.43437"><ele>117.299805</ele><time>2025-11-13T13:18:19+01:00</time><extensions><gpxtpx:TrackPointExtension><gpxtpx:hr>0</gpxtpx:hr></gpxtpx:TrackPointExtension></extensions></trkpt><trkpt lat="50.773777" lon="4.434432"><ele>117.299805</ele><time>2025-11-13T13:18:24+01:00</time><extensions><gpxtpx:TrackPointExtension><gpxtpx:hr>0</gpxtpx:hr></gpxtpx:TrackPointExtension></extensions></trkpt><trkpt lat="50.773743" lon="4.434498"><ele>117.5</ele><time>2025-11-13T13:18:29+01:00</time><extensions><gpxtpx:TrackPointExtension><gpxtpx:hr>0</gpxtpx:hr></gpxtpx:TrackPointExtension></extensions></trkpt><trkpt lat="50.773722" lon="4.434565"><ele>117.40039</ele><time>2025-11-13T13:18:35+01:00</time><extensions><gpxtpx:TrackPointExtension><gpxtpx:hr>0</gpxtpx:hr></gpxtpx:TrackPointExtension></extensions></trkpt><trkpt lat="50.773693" lon="4.434622"><ele>117.40039</ele><time>2025-11-13T13:18:40+01:00</time><extensions><gpxtpx:TrackPointExtension><gpxtpx:hr>0</gpxtpx:hr></gpxtpx:TrackPointExtension></extensions></trkpt><trkpt lat="50.773663" lon="4.434658"><ele>117.40039</ele><time>2025-11-13T13:18:45+01:00</time><extensions><gpxtpx:TrackPointExtension><gpxtpx:hr>0</gpxtpx:hr></gpxtpx:TrackPointExtension></extensions></trkpt><trkpt lat="50.77361" lon="4.434725"><ele>117.40039</ele><time>2025-11-13T13:18:50+01:00</time><extensions><gpxtpx:TrackPointExtension><gpxtpx:hr>0</gpxtpx:hr></gpxtpx:TrackPointExtension></extensions></trkpt><trkpt lat="50.773593" lon="4.434778"><ele>117.600586</ele><time>2025-11-13T13:18:56+01:00</time><extensions><gpxtpx:TrackPointExtension><gpxtpx:hr>0</gpxtpx:hr></gpxtpx:TrackPointExtension></extensions></trkpt><trkpt lat="50.7736" lon="4.4348"><ele>117.100586</ele><time>2025-11-13T13:19:01+01:00</time><extensions><gpxtpx:TrackPointExtension><gpxtpx:hr>0</gpxtpx:hr></gpxtpx:TrackPointExtension></extensions></trkpt><trkpt lat="50.773585" lon="4.434903"><ele>117.100586</ele><time>2025-11-13T13:19:06+01:00</time><extensions><gpxtpx:TrackPointExtension><gpxtpx:hr>0</gpxtpx:hr></gpxtpx:TrackPointExtension></extensions></trkpt><trkpt lat="50.773562" lon="4.434967"><ele>116.90039</ele><time>2025-11-13T13:19:12+01:00</time><extensions><gpxtpx:TrackPointExtension><gpxtpx:hr>0</gpxtpx:hr></gpxtpx:TrackPointExtension></extensions></trkpt><trkpt lat="50.77352" lon="4.435017"><ele>117.200195</ele><time>2025-11-13T13:19:17+01:00</time><extensions><gpxtpx:TrackPointExtension><gpxtpx:hr>0</gpxtpx:hr></gpxtpx:TrackPointExtension></extensions></trkpt><trkpt lat="50.773453" lon="4.43507"><ele>117.40039</ele><time>2025-11-13T13:19:22+01:00</time><extensions><gpxtpx:TrackPointExtension><gpxtpx:hr>0</gpxtpx:hr></gpxtpx:TrackPointExtension></extensions></trkpt><trkpt lat="50.773398" lon="4.435145"><ele>117.5</ele><time>2025-11-13T13:19:28+01:00</time><extensions><gpxtpx:TrackPointExtension><gpxtpx:hr>0</gpxtpx:hr></gpxtpx:TrackPointExtension></extensions></trkpt><trkpt lat="50.773335" lon="4.435262"><ele>117.700195</ele><time>2025-11-13T13:19:33+01:00</time><extensions><gpxtpx:TrackPointExtension><gpxtpx:hr>0</gpxtpx:hr></gpxtpx:TrackPointExtension></extensions></trkpt><trkpt lat="50.773265" lon="4.435377"><ele>118.100586</ele><time>2025-11-13T13:19:38+01:00</time><extensions><gpxtpx:TrackPointExtension><gpxtpx:hr>0</gpxtpx:hr></gpxtpx:TrackPointExtension></extensions></trkpt><trkpt lat="50.773177" lon="4.43547"><ele>118.200195</ele><time>2025-11-13T13:19:44+01:00</time><extensions><gpxtpx:TrackPointExtension><gpxtpx:hr>0</gpxtpx:hr></gpxtpx:TrackPointExtension></extensions></trkpt><trkpt lat="50.773107" lon="4.435567"><ele>118.299805</ele><time>2025-11-13T13:19:49+01:00</time><extensions><gpxtpx:TrackPointExtension><gpxtpx:hr>0</gpxtpx:hr></gpxtpx:TrackPointExtension></extensions></trkpt><trkpt lat="50.773007" lon="4.435695"><ele>118.5</ele><time>2025-11-13T13:19:54+01:00</time><extensions><gpxtpx:TrackPointExtension><gpxtpx:hr>0</gpxtpx:hr></gpxtpx:TrackPointExtension></extensions></trkpt><trkpt lat="50.772917" lon="4.435795"><ele>119.100586</ele><time>2025-11-13T13:20:00+01:00</time><extensions><gpxtpx:TrackPointExtension><gpxtpx:hr>0</gpxtpx:hr></gpxtpx:TrackPointExtension></extensions></trkpt><trkpt lat="50.772807" lon="4.435923"><ele>119.40039</ele><time>2025-11-13T13:20:05+01:00</time><extensions><gpxtpx:TrackPointExtension><gpxtpx:hr>0</gpxtpx:hr></gpxtpx:TrackPointExtension></extensions></trkpt><trkpt lat="50.772708" lon="4.436032"><ele>120</ele><time>2025-11-13T13:20:10+01:00</time><extensions><gpxtpx:TrackPointExtension><gpxtpx:hr>0</gpxtpx:hr></gpxtpx:TrackPointExtension></extensions></trkpt><trkpt lat="50.77262" lon="4.436145"><ele>120.200195</ele><time>2025-11-13T13:20:16+01:00</time><extensions><gpxtpx:TrackPointExtension><gpxtpx:hr>0</gpxtpx:hr></gpxtpx:TrackPointExtension></extensions></trkpt><trkpt lat="50.772538" lon="4.436225"><ele>120.700195</ele><time>2025-11-13T13:20:21+01:00</time><extensions><gpxtpx:TrackPointExtension><gpxtpx:hr>0</gpxtpx:hr></gpxtpx:TrackPointExtension></extensions></trkpt><trkpt lat="50.772462" lon="4.436332"><ele>120.200195</ele><time>2025-11-13T13:20:27+01:00</time><extensions><gpxtpx:TrackPointExtension><gpxtpx:hr>0</gpxtpx:hr></gpxtpx:TrackPointExtension></extensions></trkpt><trkpt lat="50.772398" lon="4.4364"><ele>120.90039</ele><time>2025-11-13T13:20:32+01:00</time><extensions><gpxtpx:TrackPointExtension><gpxtpx:hr>0</gpxtpx:hr></gpxtpx:TrackPointExtension></extensions></trkpt><trkpt lat="50.772342" lon="4.436497"><ele>120.799805</ele><time>2025-11-13T13:20:37+01:00</time><extensions><gpxtpx:TrackPointExtension><gpxtpx:hr>0</gpxtpx:hr></gpxtpx:TrackPointExtension></extensions></trkpt><trkpt lat="50.772255" lon="4.436635"><ele>120.600586</ele><time>2025-11-13T13:20:42+01:00</time><extensions><gpxtpx:TrackPointExtension><gpxtpx:hr>0</gpxtpx:hr></gpxtpx:TrackPointExtension></extensions></trkpt><trkpt lat="50.772178" lon="4.436757"><ele>121</ele><time>2025-11-13T13:20:48+01:00</time><extensions><gpxtpx:TrackPointExtension><gpxtpx:hr>0</gpxtpx:hr></gpxtpx:TrackPointExtension></extensions></trkpt><trkpt lat="50.772118" lon="4.436937"><ele>120.600586</ele><time>2025-11-13T13:20:53+01:00</time><extensions><gpxtpx:TrackPointExtension><gpxtpx:hr>0</gpxtpx:hr></gpxtpx:TrackPointExtension></extensions></trkpt><trkpt lat="50.772062" lon="4.437125"><ele>120.40039</ele><time>2025-11-13T13:20:59+01:00</time><extensions><gpxtpx:TrackPointExtension><gpxtpx:hr>0</gpxtpx:hr></gpxtpx:TrackPointExtension></extensions></trkpt><trkpt lat="50.771968" lon="4.437262"><ele>120.40039</ele><time>2025-11-13T13:21:04+01:00</time><extensions><gpxtpx:TrackPointExtension><gpxtpx:hr>0</gpxtpx:hr></gpxtpx:TrackPointExtension></extensions></trkpt><trkpt lat="50.77186" lon="4.437438"><ele>120.200195</ele><time>2025-11-13T13:21:09+01:00</time><extensions><gpxtpx:TrackPointExtension><gpxtpx:hr>0</gpxtpx:hr></gpxtpx:TrackPointExtension></extensions></trkpt><trkpt lat="50.771748" lon="4.437635"><ele>119.299805</ele><time>2025-11-13T13:21:15+01:00</time><extensions><gpxtpx:TrackPointExtension><gpxtpx:hr>0</gpxtpx:hr></gpxtpx:TrackPointExtension></extensions></trkpt><trkpt lat="50.771667" lon="4.437792"><ele>118.600586</ele><time>2025-11-13T13:21:20+01:00</time><extensions><gpxtpx:TrackPointExtension><gpxtpx:hr>0</gpxtpx:hr></gpxtpx:TrackPointExtension></extensions></trkpt><trkpt lat="50.771597" lon="4.437893"><ele>118.40039</ele><time>2025-11-13T13:21:25+01:00</time><extensions><gpxtpx:TrackPointExtension><gpxtpx:hr>0</gpxtpx:hr></gpxtpx:TrackPointExtension></extensions></trkpt><trkpt lat="50.771527" lon="4.43805"><ele>117.90039</ele><time>2025-11-13T13:21:30+01:00</time><extensions><gpxtpx:TrackPointExtension><gpxtpx:hr>0</gpxtpx:hr></gpxtpx:TrackPointExtension></extensions></trkpt><trkpt lat="50.771443" lon="4.438148"><ele>117.799805</ele><time>2025-11-13T13:21:35+01:00</time><extensions><gpxtpx:TrackPointExtension><gpxtpx:hr>0</gpxtpx:hr></gpxtpx:TrackPointExtension></extensions></trkpt><trkpt lat="50.771368" lon="4.438293"><ele>117.799805</ele><time>2025-11-13T13:21:41+01:00</time><extensions><gpxtpx:TrackPointExtension><gpxtpx:hr>0</gpxtpx:hr></gpxtpx:TrackPointExtension></extensions></trkpt><trkpt lat="50.771285" lon="4.43841"><ele>117.600586</ele><time>2025-11-13T13:21:46+01:00</time><extensions><gpxtpx:TrackPointExtension><gpxtpx:hr>0</gpxtpx:hr></gpxtpx:TrackPointExtension></extensions></trkpt><trkpt lat="50.771153" lon="4.438602"><ele>117.600586</ele><time>2025-11-13T13:21:52+01:00</time><extensions><gpxtpx:TrackPointExtension><gpxtpx:hr>0</gpxtpx:hr></gpxtpx:TrackPointExtension></extensions></trkpt><trkpt lat="50.771062" lon="4.438752"><ele>117.299805</ele><time>2025-11-13T13:21:57+01:00</time><extensions><gpxtpx:TrackPointExtension><gpxtpx:hr>0</gpxtpx:hr></gpxtpx:TrackPointExtension></extensions></trkpt><trkpt lat="50.77101" lon="4.438927"><ele>116.700195</ele><time>2025-11-13T13:22:02+01:00</time><extensions><gpxtpx:TrackPointExtension><gpxtpx:hr>0</gpxtpx:hr></gpxtpx:TrackPointExtension></extensions></trkpt><trkpt lat="50.770952" lon="4.439042"><ele>116.299805</ele><time>2025-11-13T13:22:08+01:00</time><extensions><gpxtpx:TrackPointExtension><gpxtpx:hr>0</gpxtpx:hr></gpxtpx:TrackPointExtension></extensions></trkpt><trkpt lat="50.770878" lon="4.439163"><ele>115.600586</ele><time>2025-11-13T13:22:13+01:00</time><extensions><gpxtpx:TrackPointExtension><gpxtpx:hr>0</gpxtpx:hr></gpxtpx:TrackPointExtension></extensions></trkpt><trkpt lat="50.770797" lon="4.439257"><ele>114.90039</ele><time>2025-11-13T13:22:18+01:00</time><extensions><gpxtpx:TrackPointExtension><gpxtpx:hr>0</gpxtpx:hr></gpxtpx:TrackPointExtension></extensions></trkpt><trkpt lat="50.770757" lon="4.439362"><ele>114.299805</ele><time>2025-11-13T13:22:24+01:00</time><extensions><gpxtpx:TrackPointExtension><gpxtpx:hr>0</gpxtpx:hr></gpxtpx:TrackPointExtension></extensions></trkpt><trkpt lat="50.770652" lon="4.439532"><ele>113.40039</ele><time>2025-11-13T13:22:29+01:00</time><extensions><gpxtpx:TrackPointExtension><gpxtpx:hr>0</gpxtpx:hr></gpxtpx:TrackPointExtension></extensions></trkpt><trkpt lat="50.77057" lon="4.43974"><ele>112.700195</ele><time>2025-11-13T13:22:34+01:00</time><extensions><gpxtpx:TrackPointExtension><gpxtpx:hr>0</gpxtpx:hr></gpxtpx:TrackPointExtension></extensions></trkpt><trkpt lat="50.770493" lon="4.439745"><ele>112.299805</ele><time>2025-11-13T13:22:40+01:00</time><extensions><gpxtpx:TrackPointExtension><gpxtpx:hr>0</gpxtpx:hr></gpxtpx:TrackPointExtension></extensions></trkpt><trkpt lat="50.77043" lon="4.439782"><ele>111.90039</ele><time>2025-11-13T13:22:45+01:00</time><extensions><gpxtpx:TrackPointExtension><gpxtpx:hr>0</gpxtpx:hr></gpxtpx:TrackPointExtension></extensions></trkpt><trkpt lat="50.770363" lon="4.439892"><ele>111.40039</ele><time>2025-11-13T13:22:50+01:00</time><extensions><gpxtpx:TrackPointExtension><gpxtpx:hr>0</gpxtpx:hr></gpxtpx:TrackPointExtension></extensions></trkpt><trkpt lat="50.770298" lon="4.440018"><ele>111</ele><time>2025-11-13T13:22:56+01:00</time><extensions><gpxtpx:TrackPointExtension><gpxtpx:hr>0</gpxtpx:hr></gpxtpx:TrackPointExtension></extensions></trkpt><trkpt lat="50.77022" lon="4.440178"><ele>110.200195</ele><time>2025-11-13T13:23:01+01:00</time><extensions><gpxtpx:TrackPointExtension><gpxtpx:hr>0</gpxtpx:hr></gpxtpx:TrackPointExtension></extensions></trkpt><trkpt lat="50.770125" lon="4.440338"><ele>109.600586</ele><time>2025-11-13T13:23:06+01:00</time><extensions><gpxtpx:TrackPointExtension><gpxtpx:hr>0</gpxtpx:hr></gpxtpx:TrackPointExtension></extensions></trkpt><trkpt lat="50.769985" lon="4.440625"><ele>108.299805</ele><time>2025-11-13T13:23:11+01:00</time><extensions><gpxtpx:TrackPointExtension><gpxtpx:hr>0</gpxtpx:hr></gpxtpx:TrackPointExtension></extensions></trkpt><trkpt lat="50.769852" lon="4.440848"><ele>107.600586</ele><time>2025-11-13T13:23:16+01:00</time><extensions><gpxtpx:TrackPointExtension><gpxtpx:hr>0</gpxtpx:hr></gpxtpx:TrackPointExtension></extensions></trkpt><trkpt lat="50.769662" lon="4.441058"><ele>106.100586</ele><time>2025-11-13T13:23:21+01:00</time><extensions><gpxtpx:TrackPointExtension><gpxtpx:hr>0</gpxtpx:hr></gpxtpx:TrackPointExtension></extensions></trkpt><trkpt lat="50.769355" lon="4.441528"><ele>101.799805</ele><time>2025-11-13T13:23:27+01:00</time><extensions><gpxtpx:TrackPointExtension><gpxtpx:hr>0</gpxtpx:hr></gpxtpx:TrackPointExtension></extensions></trkpt><trkpt lat="50.769072" lon="4.44202"><ele>97.799805</ele><time>2025-11-13T13:23:32+01:00</time><extensions><gpxtpx:TrackPointExtension><gpxtpx:hr>0</gpxtpx:hr></gpxtpx:TrackPointExtension></extensions></trkpt><trkpt lat="50.76881" lon="4.442447"><ele>94.40039</ele><time>2025-11-13T13:23:37+01:00</time><extensions><gpxtpx:TrackPointExtension><gpxtpx:hr>0</gpxtpx:hr></gpxtpx:TrackPointExtension></extensions></trkpt><trkpt lat="50.768662" lon="4.442745"><ele>93.40039</ele><time>2025-11-13T13:23:43+01:00</time><extensions><gpxtpx:TrackPointExtension><gpxtpx:hr>0</gpxtpx:hr></gpxtpx:TrackPointExtension></extensions></trkpt><trkpt lat="50.768487" lon="4.443073"><ele>91.700195</ele><time>2025-11-13T13:23:48+01:00</time><extensions><gpxtpx:TrackPointExtension><gpxtpx:hr>0</gpxtpx:hr></gpxtpx:TrackPointExtension></extensions></trkpt><trkpt lat="50.768362" lon="4.443318"><ele>91.299805</ele><time>2025-11-13T13:23:54+01:00</time><extensions><gpxtpx:TrackPointExtension><gpxtpx:hr>0</gpxtpx:hr></gpxtpx:TrackPointExtension></extensions></trkpt><trkpt lat="50.76823" lon="4.443547"><ele>92</ele><time>2025-11-13T13:23:59+01:00</time><extensions><gpxtpx:TrackPointExtension><gpxtpx:hr>0</gpxtpx:hr></gpxtpx:TrackPointExtension></extensions></trkpt><trkpt lat="50.768142" lon="4.443737"><ele>93.100586</ele><time>2025-11-13T13:24:05+01:00</time><extensions><gpxtpx:TrackPointExtension><gpxtpx:hr>0</gpxtpx:hr></gpxtpx:TrackPointExtension></extensions></trkpt><trkpt lat="50.76801" lon="4.443988"><ele>94.700195</ele><time>2025-11-13T13:24:10+01:00</time><extensions><gpxtpx:TrackPointExtension><gpxtpx:hr>0</gpxtpx:hr></gpxtpx:TrackPointExtension></extensions></trkpt><trkpt lat="50.767827" lon="4.444317"><ele>97</ele><time>2025-11-13T13:24:16+01:00</time><extensions><gpxtpx:TrackPointExtension><gpxtpx:hr>0</gpxtpx:hr></gpxtpx:TrackPointExtension></extensions></trkpt><trkpt lat="50.767657" lon="4.444612"><ele>99.200195</ele><time>2025-11-13T13:24:21+01:00</time><extensions><gpxtpx:TrackPointExtension><gpxtpx:hr>0</gpxtpx:hr></gpxtpx:TrackPointExtension></extensions></trkpt><trkpt lat="50.767543" lon="4.444813"><ele>100.799805</ele><time>2025-11-13T13:24:27+01:00</time><extensions><gpxtpx:TrackPointExtension><gpxtpx:hr>0</gpxtpx:hr></gpxtpx:TrackPointExtension></extensions></trkpt><trkpt lat="50.767527" lon="4.444858"><ele>101.299805</ele><time>2025-11-13T13:24:32+01:00</time><extensions><gpxtpx:TrackPointExtension><gpxtpx:hr>0</gpxtpx:hr></gpxtpx:TrackPointExtension></extensions></trkpt><trkpt lat="50.767525" lon="4.444867"><ele>101.299805</ele><time>2025-11-13T13:24:38+01:00</time><extensions><gpxtpx:TrackPointExtension><gpxtpx:hr>0</gpxtpx:hr></gpxtpx:TrackPointExtension></extensions></trkpt><trkpt lat="50.767525" lon="4.44487"><ele>101.299805</ele><time>2025-11-13T13:24:44+01:00</time><extensions><gpxtpx:TrackPointExtension><gpxtpx:hr>0</gpxtpx:hr></gpxtpx:TrackPointExtension></extensions></trkpt><trkpt lat="50.767525" lon="4.44487"><ele>101.299805</ele><time>2025-11-13T13:24:49+01:00</time><extensions><gpxtpx:TrackPointExtension><gpxtpx:hr>0</gpxtpx:hr></gpxtpx:TrackPointExtension></extensions></trkpt><trkpt lat="50.767522" lon="4.444867"><ele>101.299805</ele><time>2025-11-13T13:24:54+01:00</time><extensions><gpxtpx:TrackPointExtension><gpxtpx:hr>0</gpxtpx:hr></gpxtpx:TrackPointExtension></extensions></trkpt><trkpt lat="50.767522" lon="4.444867"><ele>101.299805</ele><time>2025-11-13T13:24:59+01:00</time><extensions><gpxtpx:TrackPointExtension><gpxtpx:hr>0</gpxtpx:hr></gpxtpx:TrackPointExtension></extensions></trkpt><trkpt lat="50.767522" lon="4.444867"><ele>101.299805</ele><time>2025-11-13T13:25:04+01:00</time><extensions><gpxtpx:TrackPointExtension><gpxtpx:hr>0</gpxtpx:hr></gpxtpx:TrackPointExtension></extensions></trkpt><trkpt lat="50.767523" lon="4.444867"><ele>101.299805</ele><time>2025-11-13T13:25:09+01:00</time><extensions><gpxtpx:TrackPointExtension><gpxtpx:hr>0</gpxtpx:hr></gpxtpx:TrackPointExtension></extensions></trkpt><trkpt lat="50.767523" lon="4.444877"><ele>101.299805</ele><time>2025-11-13T13:25:14+01:00</time><extensions><gpxtpx:TrackPointExtension><gpxtpx:hr>0</gpxtpx:hr></gpxtpx:TrackPointExtension></extensions></trkpt><trkpt lat="50.76752" lon="4.444882"><ele>101.299805</ele><time>2025-11-13T13:25:19+01:00</time><extensions><gpxtpx:TrackPointExtension><gpxtpx:hr>0</gpxtpx:hr></gpxtpx:TrackPointExtension></extensions></trkpt><trkpt lat="50.76752" lon="4.444878"><ele>101.299805</ele><time>2025-11-13T13:25:24+01:00</time><extensions><gpxtpx:TrackPointExtension><gpxtpx:hr>0</gpxtpx:hr></gpxtpx:TrackPointExtension></extensions></trkpt><trkpt lat="50.76752" lon="4.444878"><ele>101.299805</ele><time>2025-11-13T13:25:29+01:00</time><extensions><gpxtpx:TrackPointExtension><gpxtpx:hr>0</gpxtpx:hr></gpxtpx:TrackPointExtension></extensions></trkpt><trkpt lat="50.76752" lon="4.444878"><ele>101.299805</ele><time>2025-11-13T13:25:34+01:00</time><extensions><gpxtpx:TrackPointExtension><gpxtpx:hr>0</gpxtpx:hr></gpxtpx:TrackPointExtension></extensions></trkpt><trkpt lat="50.76752" lon="4.444878"><ele>101.299805</ele><time>2025-11-13T13:25:39+01:00</time><extensions><gpxtpx:TrackPointExtension><gpxtpx:hr>0</gpxtpx:hr></gpxtpx:TrackPointExtension></extensions></trkpt><trkpt lat="50.76752" lon="4.44488"><ele>101.299805</ele><time>2025-11-13T13:25:44+01:00</time><extensions><gpxtpx:TrackPointExtension><gpxtpx:hr>0</gpxtpx:hr></gpxtpx:TrackPointExtension></extensions></trkpt><trkpt lat="50.767457" lon="4.44495"><ele>102.200195</ele><time>2025-11-13T13:25:49+01:00</time><extensions><gpxtpx:TrackPointExtension><gpxtpx:hr>0</gpxtpx:hr></gpxtpx:TrackPointExtension></extensions></trkpt><trkpt lat="50.767425" lon="4.444908"><ele>101.799805</ele><time>2025-11-13T13:25:54+01:00</time><extensions><gpxtpx:TrackPointExtension><gpxtpx:hr>0</gpxtpx:hr></gpxtpx:TrackPointExtension></extensions></trkpt><trkpt lat="50.767403" lon="4.444863"><ele>102.5</ele><time>2025-11-13T13:25:59+01:00</time><extensions><gpxtpx:TrackPointExtension><gpxtpx:hr>0</gpxtpx:hr></gpxtpx:TrackPointExtension></extensions></trkpt><trkpt lat="50.767312" lon="4.44488"><ele>102.5</ele><time>2025-11-13T13:26:04+01:00</time><extensions><gpxtpx:TrackPointExtension><gpxtpx:hr>0</gpxtpx:hr></gpxtpx:TrackPointExtension></extensions></trkpt><trkpt lat="50.7672" lon="4.444885"><ele>103.299805</ele><time>2025-11-13T13:26:09+01:00</time><extensions><gpxtpx:TrackPointExtension><gpxtpx:hr>0</gpxtpx:hr></gpxtpx:TrackPointExtension></extensions></trkpt><trkpt lat="50.767102" lon="4.444902"><ele>104.299805</ele><time>2025-11-13T13:26:14+01:00</time><extensions><gpxtpx:TrackPointExtension><gpxtpx:hr>0</gpxtpx:hr></gpxtpx:TrackPointExtension></extensions></trkpt><trkpt lat="50.767023" lon="4.444917"><ele>105.40039</ele><time>2025-11-13T13:26:19+01:00</time><extensions><gpxtpx:TrackPointExtension><gpxtpx:hr>0</gpxtpx:hr></gpxtpx:TrackPointExtension></extensions></trkpt><trkpt lat="50.76693" lon="4.444937"><ele>106.700195</ele><time>2025-11-13T13:26:24+01:00</time><extensions><gpxtpx:TrackPointExtension><gpxtpx:hr>0</gpxtpx:hr></gpxtpx:TrackPointExtension></extensions></trkpt><trkpt lat="50.766838" lon="4.44497"><ele>107.90039</ele><time>2025-11-13T13:26:29+01:00</time><extensions><gpxtpx:TrackPointExtension><gpxtpx:hr>0</gpxtpx:hr></gpxtpx:TrackPointExtension></extensions></trkpt><trkpt lat="50.766762" lon="4.445045"><ele>108</ele><time>2025-11-13T13:26:34+01:00</time><extensions><gpxtpx:TrackPointExtension><gpxtpx:hr>0</gpxtpx:hr></gpxtpx:TrackPointExtension></extensions></trkpt><trkpt lat="50.76668" lon="4.445187"><ele>109.40039</ele><time>2025-11-13T13:26:39+01:00</time><extensions><gpxtpx:TrackPointExtension><gpxtpx:hr>0</gpxtpx:hr></gpxtpx:TrackPointExtension></extensions></trkpt><trkpt lat="50.766602" lon="4.445337"><ele>110.200195</ele><time>2025-11-13T13:26:44+01:00</time><extensions><gpxtpx:TrackPointExtension><gpxtpx:hr>0</gpxtpx:hr></gpxtpx:TrackPointExtension></extensions></trkpt><trkpt lat="50.766533" lon="4.44548"><ele>111</ele><time>2025-11-13T13:26:49+01:00</time><extensions><gpxtpx:TrackPointExtension><gpxtpx:hr>0</gpxtpx:hr></gpxtpx:TrackPointExtension></extensions></trkpt><trkpt lat="50.766458" lon="4.445595"><ele>111.100586</ele><time>2025-11-13T13:26:54+01:00</time><extensions><gpxtpx:TrackPointExtension><gpxtpx:hr>0</gpxtpx:hr></gpxtpx:TrackPointExtension></extensions></trkpt><trkpt lat="50.766398" lon="4.445592"><ele>112</ele><time>2025-11-13T13:26:59+01:00</time><extensions><gpxtpx:TrackPointExtension><gpxtpx:hr>0</gpxtpx:hr></gpxtpx:TrackPointExtension></extensions></trkpt><trkpt lat="50.766332" lon="4.445653"><ele>112</ele><time>2025-11-13T13:27:04+01:00</time><extensions><gpxtpx:TrackPointExtension><gpxtpx:hr>0</gpxtpx:hr></gpxtpx:TrackPointExtension></extensions></trkpt><trkpt lat="50.766268" lon="4.44581"><ele>113.200195</ele><time>2025-11-13T13:27:09+01:00</time><extensions><gpxtpx:TrackPointExtension><gpxtpx:hr>0</gpxtpx:hr></gpxtpx:TrackPointExtension></extensions></trkpt><trkpt lat="50.766198" lon="4.445977"><ele>114.299805</ele><time>2025-11-13T13:27:14+01:00</time><extensions><gpxtpx:TrackPointExtension><gpxtpx:hr>0</gpxtpx:hr></gpxtpx:TrackPointExtension></extensions></trkpt><trkpt lat="50.766113" lon="4.446183"><ele>114.100586</ele><time>2025-11-13T13:27:19+01:00</time><extensions><gpxtpx:TrackPointExtension><gpxtpx:hr>0</gpxtpx:hr></gpxtpx:TrackPointExtension></extensions></trkpt><trkpt lat="50.766002" lon="4.44643"><ele>114.700195</ele><time>2025-11-13T13:27:24+01:00</time><extensions><gpxtpx:TrackPointExtension><gpxtpx:hr>0</gpxtpx:hr></gpxtpx:TrackPointExtension></extensions></trkpt><trkpt lat="50.765882" lon="4.446717"><ele>114.700195</ele><time>2025-11-13T13:27:29+01:00</time><extensions><gpxtpx:TrackPointExtension><gpxtpx:hr>0</gpxtpx:hr></gpxtpx:TrackPointExtension></extensions></trkpt><trkpt lat="50.765758" lon="4.447018"><ele>114.100586</ele><time>2025-11-13T13:27:34+01:00</time><extensions><gpxtpx:TrackPointExtension><gpxtpx:hr>0</gpxtpx:hr></gpxtpx:TrackPointExtension></extensions></trkpt><trkpt lat="50.765608" lon="4.44732"><ele>111.90039</ele><time>2025-11-13T13:27:39+01:00</time><extensions><gpxtpx:TrackPointExtension><gpxtpx:hr>0</gpxtpx:hr></gpxtpx:TrackPointExtension></extensions></trkpt><trkpt lat="50.765423" lon="4.447697"><ele>109.90039</ele><time>2025-11-13T13:27:44+01:00</time><extensions><gpxtpx:TrackPointExtension><gpxtpx:hr>0</gpxtpx:hr></gpxtpx:TrackPointExtension></extensions></trkpt><trkpt lat="50.765197" lon="4.448145"><ele>107.299805</ele><time>2025-11-13T13:27:49+01:00</time><extensions><gpxtpx:TrackPointExtension><gpxtpx:hr>0</gpxtpx:hr></gpxtpx:TrackPointExtension></extensions></trkpt><trkpt lat="50.764908" lon="4.44872"><ele>105.40039</ele><time>2025-11-13T13:27:54+01:00</time><extensions><gpxtpx:TrackPointExtension><gpxtpx:hr>0</gpxtpx:hr></gpxtpx:TrackPointExtension></extensions></trkpt><trkpt lat="50.764607" lon="4.449338"><ele>102.700195</ele><time>2025-11-13T13:27:59+01:00</time><extensions><gpxtpx:TrackPointExtension><gpxtpx:hr>0</gpxtpx:hr></gpxtpx:TrackPointExtension></extensions></trkpt><trkpt lat="50.764298" lon="4.449968"><ele>100.200195</ele><time>2025-11-13T13:28:04+01:00</time><extensions><gpxtpx:TrackPointExtension><gpxtpx:hr>0</gpxtpx:hr></gpxtpx:TrackPointExtension></extensions></trkpt><trkpt lat="50.763977" lon="4.450587"><ele>97.5</ele><time>2025-11-13T13:28:09+01:00</time><extensions><gpxtpx:TrackPointExtension><gpxtpx:hr>0</gpxtpx:hr></gpxtpx:TrackPointExtension></extensions></trkpt><trkpt lat="50.76359" lon="4.451172"><ele>96.700195</ele><time>2025-11-13T13:28:14+01:00</time><extensions><gpxtpx:TrackPointExtension><gpxtpx:hr>0</gpxtpx:hr></gpxtpx:TrackPointExtension></extensions></trkpt><trkpt lat="50.763127" lon="4.451608"><ele>96.40039</ele><time>2025-11-13T13:28:19+01:00</time><extensions><gpxtpx:TrackPointExtension><gpxtpx:hr>0</gpxtpx:hr></gpxtpx:TrackPointExtension></extensions></trkpt><trkpt lat="50.76266" lon="4.451822"><ele>95.90039</ele><time>2025-11-13T13:28:24+01:00</time><extensions><gpxtpx:TrackPointExtension><gpxtpx:hr>0</gpxtpx:hr></gpxtpx:TrackPointExtension></extensions></trkpt><trkpt lat="50.762272" lon="4.451927"><ele>96.5</ele><time>2025-11-13T13:28:29+01:00</time><extensions><gpxtpx:TrackPointExtension><gpxtpx:hr>0</gpxtpx:hr></gpxtpx:TrackPointExtension></extensions></trkpt><trkpt lat="50.762008" lon="4.452005"><ele>96.90039</ele><time>2025-11-13T13:28:34+01:00</time><extensions><gpxtpx:TrackPointExtension><gpxtpx:hr>0</gpxtpx:hr></gpxtpx:TrackPointExtension></extensions></trkpt><trkpt lat="50.761812" lon="4.452078"><ele>98.40039</ele><time>2025-11-13T13:28:39+01:00</time><extensions><gpxtpx:TrackPointExtension><gpxtpx:hr>0</gpxtpx:hr></gpxtpx:TrackPointExtension></extensions></trkpt><trkpt lat="50.761667" lon="4.452155"><ele>98.90039</ele><time>2025-11-13T13:28:44+01:00</time><extensions><gpxtpx:TrackPointExtension><gpxtpx:hr>0</gpxtpx:hr></gpxtpx:TrackPointExtension></extensions></trkpt><trkpt lat="50.761553" lon="4.452213"><ele>99.700195</ele><time>2025-11-13T13:28:49+01:00</time><extensions><gpxtpx:TrackPointExtension><gpxtpx:hr>0</gpxtpx:hr></gpxtpx:TrackPointExtension></extensions></trkpt><trkpt lat="50.76146" lon="4.4523"><ele>99.90039</ele><time>2025-11-13T13:28:54+01:00</time><extensions><gpxtpx:TrackPointExtension><gpxtpx:hr>0</gpxtpx:hr></gpxtpx:TrackPointExtension></extensions></trkpt><trkpt lat="50.76136" lon="4.452348"><ele>100</ele><time>2025-11-13T13:28:59+01:00</time><extensions><gpxtpx:TrackPointExtension><gpxtpx:hr>0</gpxtpx:hr></gpxtpx:TrackPointExtension></extensions></trkpt><trkpt lat="50.761267" lon="4.452413"><ele>101.100586</ele><time>2025-11-13T13:29:04+01:00</time><extensions><gpxtpx:TrackPointExtension><gpxtpx:hr>0</gpxtpx:hr></gpxtpx:TrackPointExtension></extensions></trkpt><trkpt lat="50.761185" lon="4.452493"><ele>101.100586</ele><time>2025-11-13T13:29:09+01:00</time><extensions><gpxtpx:TrackPointExtension><gpxtpx:hr>0</gpxtpx:hr></gpxtpx:TrackPointExtension></extensions></trkpt><trkpt lat="50.761147" lon="4.452548"><ele>101.100586</ele><time>2025-11-13T13:29:14+01:00</time><extensions><gpxtpx:TrackPointExtension><gpxtpx:hr>0</gpxtpx:hr></gpxtpx:TrackPointExtension></extensions></trkpt><trkpt lat="50.761063" lon="4.45264"><ele>101.700195</ele><time>2025-11-13T13:29:19+01:00</time><extensions><gpxtpx:TrackPointExtension><gpxtpx:hr>0</gpxtpx:hr></gpxtpx:TrackPointExtension></extensions></trkpt><trkpt lat="50.760988" lon="4.452763"><ele>102.100586</ele><time>2025-11-13T13:29:24+01:00</time><extensions><gpxtpx:TrackPointExtension><gpxtpx:hr>0</gpxtpx:hr></gpxtpx:TrackPointExtension></extensions></trkpt><trkpt lat="50.760887" lon="4.45293"><ele>102.40039</ele><time>2025-11-13T13:29:29+01:00</time><extensions><gpxtpx:TrackPointExtension><gpxtpx:hr>0</gpxtpx:hr></gpxtpx:TrackPointExtension></extensions></trkpt><trkpt lat="50.760798" lon="4.453103"><ele>102.700195</ele><time>2025-11-13T13:29:34+01:00</time><extensions><gpxtpx:TrackPointExtension><gpxtpx:hr>0</gpxtpx:hr></gpxtpx:TrackPointExtension></extensions></trkpt><trkpt lat="50.760713" lon="4.45327"><ele>102.90039</ele><time>2025-11-13T13:29:39+01:00</time><extensions><gpxtpx:TrackPointExtension><gpxtpx:hr>0</gpxtpx:hr></gpxtpx:TrackPointExtension></extensions></trkpt><trkpt lat="50.760635" lon="4.453468"><ele>103.200195</ele><time>2025-11-13T13:29:44+01:00</time><extensions><gpxtpx:TrackPointExtension><gpxtpx:hr>0</gpxtpx:hr></gpxtpx:TrackPointExtension></extensions></trkpt><trkpt lat="50.760575" lon="4.453693"><ele>103.5</ele><time>2025-11-13T13:29:49+01:00</time><extensions><gpxtpx:TrackPointExtension><gpxtpx:hr>0</gpxtpx:hr></gpxtpx:TrackPointExtension></extensions></trkpt><trkpt lat="50.76051" lon="4.45388"><ele>104.100586</ele><time>2025-11-13T13:29:54+01:00</time><extensions><gpxtpx:TrackPointExtension><gpxtpx:hr>0</gpxtpx:hr></gpxtpx:TrackPointExtension></extensions></trkpt><trkpt lat="50.760452" lon="4.45406"><ele>104.5</ele><time>2025-11-13T13:29:59+01:00</time><extensions><gpxtpx:TrackPointExtension><gpxtpx:hr>0</gpxtpx:hr></gpxtpx:TrackPointExtension></extensions></trkpt><trkpt lat="50.760392" lon="4.454217"><ele>104.5</ele><time>2025-11-13T13:30:04+01:00</time><extensions><gpxtpx:TrackPointExtension><gpxtpx:hr>0</gpxtpx:hr></gpxtpx:TrackPointExtension></extensions></trkpt><trkpt lat="50.760335" lon="4.45437"><ele>105</ele><time>2025-11-13T13:30:09+01:00</time><extensions><gpxtpx:TrackPointExtension><gpxtpx:hr>0</gpxtpx:hr></gpxtpx:TrackPointExtension></extensions></trkpt><trkpt lat="50.760273" lon="4.45451"><ele>104.90039</ele><time>2025-11-13T13:30:14+01:00</time><extensions><gpxtpx:TrackPointExtension><gpxtpx:hr>0</gpxtpx:hr></gpxtpx:TrackPointExtension></extensions></trkpt><trkpt lat="50.760232" lon="4.45463"><ele>105.40039</ele><time>2025-11-13T13:30:19+01:00</time><extensions><gpxtpx:TrackPointExtension><gpxtpx:hr>0</gpxtpx:hr></gpxtpx:TrackPointExtension></extensions></trkpt><trkpt lat="50.76019" lon="4.454747"><ele>105.40039</ele><time>2025-11-13T13:30:24+01:00</time><extensions><gpxtpx:TrackPointExtension><gpxtpx:hr>0</gpxtpx:hr></gpxtpx:TrackPointExtension></extensions></trkpt><trkpt lat="50.760153" lon="4.454865"><ele>105.200195</ele><time>2025-11-13T13:30:29+01:00</time><extensions><gpxtpx:TrackPointExtension><gpxtpx:hr>0</gpxtpx:hr></gpxtpx:TrackPointExtension></extensions></trkpt><trkpt lat="50.76011" lon="4.454992"><ele>105.600586</ele><time>2025-11-13T13:30:34+01:00</time><extensions><gpxtpx:TrackPointExtension><gpxtpx:hr>0</gpxtpx:hr></gpxtpx:TrackPointExtension></extensions></trkpt><trkpt lat="50.760075" lon="4.455122"><ele>105.600586</ele><time>2025-11-13T13:30:39+01:00</time><extensions><gpxtpx:TrackPointExtension><gpxtpx:hr>0</gpxtpx:hr></gpxtpx:TrackPointExtension></extensions></trkpt><trkpt lat="50.760038" lon="4.455263"><ele>105.5</ele><time>2025-11-13T13:30:44+01:00</time><extensions><gpxtpx:TrackPointExtension><gpxtpx:hr>0</gpxtpx:hr></gpxtpx:TrackPointExtension></extensions></trkpt><trkpt lat="50.759998" lon="4.455398"><ele>106.100586</ele><time>2025-11-13T13:30:49+01:00</time><extensions><gpxtpx:TrackPointExtension><gpxtpx:hr>0</gpxtpx:hr></gpxtpx:TrackPointExtension></extensions></trkpt><trkpt lat="50.759958" lon="4.455545"><ele>106.100586</ele><time>2025-11-13T13:30:54+01:00</time><extensions><gpxtpx:TrackPointExtension><gpxtpx:hr>0</gpxtpx:hr></gpxtpx:TrackPointExtension></extensions></trkpt><trkpt lat="50.75991" lon="4.455693"><ele>106.600586</ele><time>2025-11-13T13:30:59+01:00</time><extensions><gpxtpx:TrackPointExtension><gpxtpx:hr>0</gpxtpx:hr></gpxtpx:TrackPointExtension></extensions></trkpt><trkpt lat="50.759868" lon="4.455838"><ele>106.600586</ele><time>2025-11-13T13:31:04+01:00</time><extensions><gpxtpx:TrackPointExtension><gpxtpx:hr>0</gpxtpx:hr></gpxtpx:TrackPointExtension></extensions></trkpt><trkpt lat="50.759823" lon="4.455967"><ele>106.600586</ele><time>2025-11-13T13:31:09+01:00</time><extensions><gpxtpx:TrackPointExtension><gpxtpx:hr>0</gpxtpx:hr></gpxtpx:TrackPointExtension></extensions></trkpt><trkpt lat="50.759782" lon="4.456117"><ele>107</ele><time>2025-11-13T13:31:14+01:00</time><extensions><gpxtpx:TrackPointExtension><gpxtpx:hr>0</gpxtpx:hr></gpxtpx:TrackPointExtension></extensions></trkpt><trkpt lat="50.759747" lon="4.456283"><ele>107.100586</ele><time>2025-11-13T13:31:19+01:00</time><extensions><gpxtpx:TrackPointExtension><gpxtpx:hr>0</gpxtpx:hr></gpxtpx:TrackPointExtension></extensions></trkpt><trkpt lat="50.759702" lon="4.456445"><ele>107.5</ele><time>2025-11-13T13:31:24+01:00</time><extensions><gpxtpx:TrackPointExtension><gpxtpx:hr>0</gpxtpx:hr></gpxtpx:TrackPointExtension></extensions></trkpt><trkpt lat="50.759663" lon="4.456632"><ele>108</ele><time>2025-11-13T13:31:29+01:00</time><extensions><gpxtpx:TrackPointExtension><gpxtpx:hr>0</gpxtpx:hr></gpxtpx:TrackPointExtension></extensions></trkpt><trkpt lat="50.759617" lon="4.456805"><ele>108.100586</ele><time>2025-11-13T13:31:34+01:00</time><extensions><gpxtpx:TrackPointExtension><gpxtpx:hr>0</gpxtpx:hr></gpxtpx:TrackPointExtension></extensions></trkpt><trkpt lat="50.759582" lon="4.45696"><ele>108.40039</ele><time>2025-11-13T13:31:39+01:00</time><extensions><gpxtpx:TrackPointExtension><gpxtpx:hr>0</gpxtpx:hr></gpxtpx:TrackPointExtension></extensions></trkpt><trkpt lat="50.759538" lon="4.457107"><ele>108.600586</ele><time>2025-11-13T13:31:44+01:00</time><extensions><gpxtpx:TrackPointExtension><gpxtpx:hr>0</gpxtpx:hr></gpxtpx:TrackPointExtension></extensions></trkpt><trkpt lat="50.759493" lon="4.45727"><ele>108.799805</ele><time>2025-11-13T13:31:49+01:00</time><extensions><gpxtpx:TrackPointExtension><gpxtpx:hr>0</gpxtpx:hr></gpxtpx:TrackPointExtension></extensions></trkpt><trkpt lat="50.75943" lon="4.457432"><ele>109.5</ele><time>2025-11-13T13:31:54+01:00</time><extensions><gpxtpx:TrackPointExtension><gpxtpx:hr>0</gpxtpx:hr></gpxtpx:TrackPointExtension></extensions></trkpt><trkpt lat="50.759365" lon="4.457585"><ele>110.100586</ele><time>2025-11-13T13:31:59+01:00</time><extensions><gpxtpx:TrackPointExtension><gpxtpx:hr>0</gpxtpx:hr></gpxtpx:TrackPointExtension></extensions></trkpt><trkpt lat="50.759298" lon="4.457765"><ele>110</ele><time>2025-11-13T13:32:04+01:00</time><extensions><gpxtpx:TrackPointExtension><gpxtpx:hr>0</gpxtpx:hr></gpxtpx:TrackPointExtension></extensions></trkpt><trkpt lat="50.759223" lon="4.45793"><ele>110.40039</ele><time>2025-11-13T13:32:09+01:00</time><extensions><gpxtpx:TrackPointExtension><gpxtpx:hr>0</gpxtpx:hr></gpxtpx:TrackPointExtension></extensions></trkpt><trkpt lat="50.759147" lon="4.458092"><ele>111</ele><time>2025-11-13T13:32:14+01:00</time><extensions><gpxtpx:TrackPointExtension><gpxtpx:hr>0</gpxtpx:hr></gpxtpx:TrackPointExtension></extensions></trkpt><trkpt lat="50.759063" lon="4.458228"><ele>110.90039</ele><time>2025-11-13T13:32:19+01:00</time><extensions><gpxtpx:TrackPointExtension><gpxtpx:hr>0</gpxtpx:hr></gpxtpx:TrackPointExtension></extensions></trkpt><trkpt lat="50.75898" lon="4.458373"><ele>111.799805</ele><time>2025-11-13T13:32:24+01:00</time><extensions><gpxtpx:TrackPointExtension><gpxtpx:hr>0</gpxtpx:hr></gpxtpx:TrackPointExtension></extensions></trkpt><trkpt lat="50.758877" lon="4.458518"><ele>112.600586</ele><time>2025-11-13T13:32:29+01:00</time><extensions><gpxtpx:TrackPointExtension><gpxtpx:hr>0</gpxtpx:hr></gpxtpx:TrackPointExtension></extensions></trkpt><trkpt lat="50.758767" lon="4.458668"><ele>113</ele><time>2025-11-13T13:32:34+01:00</time><extensions><gpxtpx:TrackPointExtension><gpxtpx:hr>0</gpxtpx:hr></gpxtpx:TrackPointExtension></extensions></trkpt><trkpt lat="50.758658" lon="4.458805"><ele>113.5</ele><time>2025-11-13T13:32:39+01:00</time><extensions><gpxtpx:TrackPointExtension><gpxtpx:hr>0</gpxtpx:hr></gpxtpx:TrackPointExtension></extensions></trkpt><trkpt lat="50.758572" lon="4.458917"><ele>114.299805</ele><time>2025-11-13T13:32:44+01:00</time><extensions><gpxtpx:TrackPointExtension><gpxtpx:hr>0</gpxtpx:hr></gpxtpx:TrackPointExtension></extensions></trkpt><trkpt lat="50.75846" lon="4.459035"><ele>115.5</ele><time>2025-11-13T13:32:49+01:00</time><extensions><gpxtpx:TrackPointExtension><gpxtpx:hr>0</gpxtpx:hr></gpxtpx:TrackPointExtension></extensions></trkpt><trkpt lat="50.758343" lon="4.459162"><ele>116.200195</ele><time>2025-11-13T13:32:54+01:00</time><extensions><gpxtpx:TrackPointExtension><gpxtpx:hr>0</gpxtpx:hr></gpxtpx:TrackPointExtension></extensions></trkpt><trkpt lat="50.758218" lon="4.459292"><ele>116.700195</ele><time>2025-11-13T13:32:59+01:00</time><extensions><gpxtpx:TrackPointExtension><gpxtpx:hr>0</gpxtpx:hr></gpxtpx:TrackPointExtension></extensions></trkpt><trkpt lat="50.758092" lon="4.459418"><ele>117.600586</ele><time>2025-11-13T13:33:04+01:00</time><extensions><gpxtpx:TrackPointExtension><gpxtpx:hr>0</gpxtpx:hr></gpxtpx:TrackPointExtension></extensions></trkpt><trkpt lat="50.75798" lon="4.459545"><ele>118.299805</ele><time>2025-11-13T13:33:09+01:00</time><extensions><gpxtpx:TrackPointExtension><gpxtpx:hr>0</gpxtpx:hr></gpxtpx:TrackPointExtension></extensions></trkpt><trkpt lat="50.757872" lon="4.459672"><ele>118.700195</ele><time>2025-11-13T13:33:14+01:00</time><extensions><gpxtpx:TrackPointExtension><gpxtpx:hr>0</gpxtpx:hr></gpxtpx:TrackPointExtension></extensions></trkpt><trkpt lat="50.757747" lon="4.459785"><ele>118.90039</ele><time>2025-11-13T13:33:19+01:00</time><extensions><gpxtpx:TrackPointExtension><gpxtpx:hr>0</gpxtpx:hr></gpxtpx:TrackPointExtension></extensions></trkpt><trkpt lat="50.757613" lon="4.459885"><ele>120.600586</ele><time>2025-11-13T13:33:24+01:00</time><extensions><gpxtpx:TrackPointExtension><gpxtpx:hr>0</gpxtpx:hr></gpxtpx:TrackPointExtension></extensions></trkpt><trkpt lat="50.757477" lon="4.459988"><ele>120.90039</ele><time>2025-11-13T13:33:29+01:00</time><extensions><gpxtpx:TrackPointExtension><gpxtpx:hr>0</gpxtpx:hr></gpxtpx:TrackPointExtension></extensions></trkpt><trkpt lat="50.757328" lon="4.460082"><ele>122</ele><time>2025-11-13T13:33:34+01:00</time><extensions><gpxtpx:TrackPointExtension><gpxtpx:hr>0</gpxtpx:hr></gpxtpx:TrackPointExtension></extensions></trkpt><trkpt lat="50.757178" lon="4.460177"><ele>124</ele><time>2025-11-13T13:33:39+01:00</time><extensions><gpxtpx:TrackPointExtension><gpxtpx:hr>0</gpxtpx:hr></gpxtpx:TrackPointExtension></extensions></trkpt><trkpt lat="50.757017" lon="4.460235"><ele>125.299805</ele><time>2025-11-13T13:33:44+01:00</time><extensions><gpxtpx:TrackPointExtension><gpxtpx:hr>0</gpxtpx:hr></gpxtpx:TrackPointExtension></extensions></trkpt><trkpt lat="50.756853" lon="4.460277"><ele>127.700195</ele><time>2025-11-13T13:33:49+01:00</time><extensions><gpxtpx:TrackPointExtension><gpxtpx:hr>0</gpxtpx:hr></gpxtpx:TrackPointExtension></extensions></trkpt><trkpt lat="50.756697" lon="4.46032"><ele>128</ele><time>2025-11-13T13:33:54+01:00</time><extensions><gpxtpx:TrackPointExtension><gpxtpx:hr>0</gpxtpx:hr></gpxtpx:TrackPointExtension></extensions></trkpt><trkpt lat="50.756575" lon="4.46035"><ele>128.7998</ele><time>2025-11-13T13:33:59+01:00</time><extensions><gpxtpx:TrackPointExtension><gpxtpx:hr>0</gpxtpx:hr></gpxtpx:TrackPointExtension></extensions></trkpt><trkpt lat="50.756542" lon="4.460375"><ele>129.5</ele><time>2025-11-13T13:34:04+01:00</time><extensions><gpxtpx:TrackPointExtension><gpxtpx:hr>0</gpxtpx:hr></gpxtpx:TrackPointExtension></extensions></trkpt><trkpt lat="50.756528" lon="4.460377"><ele>129.5</ele><time>2025-11-13T13:34:09+01:00</time><extensions><gpxtpx:TrackPointExtension><gpxtpx:hr>0</gpxtpx:hr></gpxtpx:TrackPointExtension></extensions></trkpt><trkpt lat="50.756532" lon="4.46036"><ele>129.5</ele><time>2025-11-13T13:34:14+01:00</time><extensions><gpxtpx:TrackPointExtension><gpxtpx:hr>0</gpxtpx:hr></gpxtpx:TrackPointExtension></extensions></trkpt><trkpt lat="50.756535" lon="4.460357"><ele>129.5</ele><time>2025-11-13T13:34:19+01:00</time><extensions><gpxtpx:TrackPointExtension><gpxtpx:hr>0</gpxtpx:hr></gpxtpx:TrackPointExtension></extensions></trkpt><trkpt lat="50.756532" lon="4.46036"><ele>129.5</ele><time>2025-11-13T13:34:24+01:00</time><extensions><gpxtpx:TrackPointExtension><gpxtpx:hr>0</gpxtpx:hr></gpxtpx:TrackPointExtension></extensions></trkpt><trkpt lat="50.75652" lon="4.460365"><ele>129.5</ele><time>2025-11-13T13:34:29+01:00</time><extensions><gpxtpx:TrackPointExtension><gpxtpx:hr>0</gpxtpx:hr></gpxtpx:TrackPointExtension></extensions></trkpt><trkpt lat="50.756437" lon="4.460382"><ele>130.2002</ele><time>2025-11-13T13:34:34+01:00</time><extensions><gpxtpx:TrackPointExtension><gpxtpx:hr>0</gpxtpx:hr></gpxtpx:TrackPointExtension></extensions></trkpt><trkpt lat="50.756305" lon="4.460418"><ele>130.60059</ele><time>2025-11-13T13:34:39+01:00</time><extensions><gpxtpx:TrackPointExtension><gpxtpx:hr>0</gpxtpx:hr></gpxtpx:TrackPointExtension></extensions></trkpt><trkpt lat="50.756155" lon="4.460468"><ele>129.5</ele><time>2025-11-13T13:34:44+01:00</time><extensions><gpxtpx:TrackPointExtension><gpxtpx:hr>0</gpxtpx:hr></gpxtpx:TrackPointExtension></extensions></trkpt><trkpt lat="50.75599" lon="4.46051"><ele>129</ele><time>2025-11-13T13:34:49+01:00</time><extensions><gpxtpx:TrackPointExtension><gpxtpx:hr>0</gpxtpx:hr></gpxtpx:TrackPointExtension></extensions></trkpt><trkpt lat="50.755825" lon="4.460555"><ele>128.7998</ele><time>2025-11-13T13:34:54+01:00</time><extensions><gpxtpx:TrackPointExtension><gpxtpx:hr>0</gpxtpx:hr></gpxtpx:TrackPointExtension></extensions></trkpt><trkpt lat="50.755652" lon="4.460598"><ele>128.5</ele><time>2025-11-13T13:34:59+01:00</time><extensions><gpxtpx:TrackPointExtension><gpxtpx:hr>0</gpxtpx:hr></gpxtpx:TrackPointExtension></extensions></trkpt><trkpt lat="50.755477" lon="4.46064"><ele>127.5</ele><time>2025-11-13T13:35:04+01:00</time><extensions><gpxtpx:TrackPointExtension><gpxtpx:hr>0</gpxtpx:hr></gpxtpx:TrackPointExtension></extensions></trkpt><trkpt lat="50.755295" lon="4.460697"><ele>128.2998</ele><time>2025-11-13T13:35:09+01:00</time><extensions><gpxtpx:TrackPointExtension><gpxtpx:hr>0</gpxtpx:hr></gpxtpx:TrackPointExtension></extensions></trkpt><trkpt lat="50.755117" lon="4.460768"><ele>129.2002</ele><time>2025-11-13T13:35:14+01:00</time><extensions><gpxtpx:TrackPointExtension><gpxtpx:hr>0</gpxtpx:hr></gpxtpx:TrackPointExtension></extensions></trkpt><trkpt lat="50.754945" lon="4.460843"><ele>128.60059</ele><time>2025-11-13T13:35:19+01:00</time><extensions><gpxtpx:TrackPointExtension><gpxtpx:hr>0</gpxtpx:hr></gpxtpx:TrackPointExtension></extensions></trkpt><trkpt lat="50.754773" lon="4.460902"><ele>129.5</ele><time>2025-11-13T13:35:24+01:00</time><extensions><gpxtpx:TrackPointExtension><gpxtpx:hr>0</gpxtpx:hr></gpxtpx:TrackPointExtension></extensions></trkpt><trkpt lat="50.754608" lon="4.460963"><ele>130</ele><time>2025-11-13T13:35:29+01:00</time><extensions><gpxtpx:TrackPointExtension><gpxtpx:hr>0</gpxtpx:hr></gpxtpx:TrackPointExtension></extensions></trkpt><trkpt lat="50.754443" lon="4.461023"><ele>130.2002</ele><time>2025-11-13T13:35:34+01:00</time><extensions><gpxtpx:TrackPointExtension><gpxtpx:hr>0</gpxtpx:hr></gpxtpx:TrackPointExtension></extensions></trkpt><trkpt lat="50.75428" lon="4.461088"><ele>130.2002</ele><time>2025-11-13T13:35:39+01:00</time><extensions><gpxtpx:TrackPointExtension><gpxtpx:hr>0</gpxtpx:hr></gpxtpx:TrackPointExtension></extensions></trkpt><trkpt lat="50.754123" lon="4.46116"><ele>128.60059</ele><time>2025-11-13T13:35:44+01:00</time><extensions><gpxtpx:TrackPointExtension><gpxtpx:hr>0</gpxtpx:hr></gpxtpx:TrackPointExtension></extensions></trkpt><trkpt lat="50.75396" lon="4.461227"><ele>128.2998</ele><time>2025-11-13T13:35:49+01:00</time><extensions><gpxtpx:TrackPointExtension><gpxtpx:hr>0</gpxtpx:hr></gpxtpx:TrackPointExtension></extensions></trkpt><trkpt lat="50.753782" lon="4.461307"><ele>127.799805</ele><time>2025-11-13T13:35:54+01:00</time><extensions><gpxtpx:TrackPointExtension><gpxtpx:hr>0</gpxtpx:hr></gpxtpx:TrackPointExtension></extensions></trkpt><trkpt lat="50.753598" lon="4.46139"><ele>126.799805</ele><time>2025-11-13T13:35:59+01:00</time><extensions><gpxtpx:TrackPointExtension><gpxtpx:hr>0</gpxtpx:hr></gpxtpx:TrackPointExtension></extensions></trkpt><trkpt lat="50.753412" lon="4.461477"><ele>126.700195</ele><time>2025-11-13T13:36:04+01:00</time><extensions><gpxtpx:TrackPointExtension><gpxtpx:hr>0</gpxtpx:hr></gpxtpx:TrackPointExtension></extensions></trkpt><trkpt lat="50.753242" lon="4.461565"><ele>125.600586</ele><time>2025-11-13T13:36:09+01:00</time><extensions><gpxtpx:TrackPointExtension><gpxtpx:hr>0</gpxtpx:hr></gpxtpx:TrackPointExtension></extensions></trkpt><trkpt lat="50.753068" lon="4.461628"><ele>125.40039</ele><time>2025-11-13T13:36:14+01:00</time><extensions><gpxtpx:TrackPointExtension><gpxtpx:hr>0</gpxtpx:hr></gpxtpx:TrackPointExtension></extensions></trkpt><trkpt lat="50.75289" lon="4.461685"><ele>124.5</ele><time>2025-11-13T13:36:19+01:00</time><extensions><gpxtpx:TrackPointExtension><gpxtpx:hr>0</gpxtpx:hr></gpxtpx:TrackPointExtension></extensions></trkpt><trkpt lat="50.752707" lon="4.461745"><ele>124.299805</ele><time>2025-11-13T13:36:24+01:00</time><extensions><gpxtpx:TrackPointExtension><gpxtpx:hr>0</gpxtpx:hr></gpxtpx:TrackPointExtension></extensions></trkpt><trkpt lat="50.752517" lon="4.461817"><ele>124</ele><time>2025-11-13T13:36:29+01:00</time><extensions><gpxtpx:TrackPointExtension><gpxtpx:hr>0</gpxtpx:hr></gpxtpx:TrackPointExtension></extensions></trkpt><trkpt lat="50.752343" lon="4.46188"><ele>123.5</ele><time>2025-11-13T13:36:34+01:00</time><extensions><gpxtpx:TrackPointExtension><gpxtpx:hr>0</gpxtpx:hr></gpxtpx:TrackPointExtension></extensions></trkpt><trkpt lat="50.752183" lon="4.46194"><ele>123</ele><time>2025-11-13T13:36:39+01:00</time><extensions><gpxtpx:TrackPointExtension><gpxtpx:hr>0</gpxtpx:hr></gpxtpx:TrackPointExtension></extensions></trkpt><trkpt lat="50.75201" lon="4.462035"><ele>122.600586</ele><time>2025-11-13T13:36:44+01:00</time><extensions><gpxtpx:TrackPointExtension><gpxtpx:hr>0</gpxtpx:hr></gpxtpx:TrackPointExtension></extensions></trkpt><trkpt lat="50.751828" lon="4.462138"><ele>122.100586</ele><time>2025-11-13T13:36:49+01:00</time><extensions><gpxtpx:TrackPointExtension><gpxtpx:hr>0</gpxtpx:hr></gpxtpx:TrackPointExtension></extensions></trkpt><trkpt lat="50.751623" lon="4.462233"><ele>121.700195</ele><time>2025-11-13T13:36:54+01:00</time><extensions><gpxtpx:TrackPointExtension><gpxtpx:hr>0</gpxtpx:hr></gpxtpx:TrackPointExtension></extensions></trkpt><trkpt lat="50.751387" lon="4.462345"><ele>121.40039</ele><time>2025-11-13T13:36:59+01:00</time><extensions><gpxtpx:TrackPointExtension><gpxtpx:hr>0</gpxtpx:hr></gpxtpx:TrackPointExtension></extensions></trkpt><trkpt lat="50.751147" lon="4.462457"><ele>121.200195</ele><time>2025-11-13T13:37:04+01:00</time><extensions><gpxtpx:TrackPointExtension><gpxtpx:hr>0</gpxtpx:hr></gpxtpx:TrackPointExtension></extensions></trkpt><trkpt lat="50.750885" lon="4.462593"><ele>121.100586</ele><time>2025-11-13T13:37:09+01:00</time><extensions><gpxtpx:TrackPointExtension><gpxtpx:hr>0</gpxtpx:hr></gpxtpx:TrackPointExtension></extensions></trkpt><trkpt lat="50.750627" lon="4.462765"><ele>121.200195</ele><time>2025-11-13T13:37:14+01:00</time><extensions><gpxtpx:TrackPointExtension><gpxtpx:hr>0</gpxtpx:hr></gpxtpx:TrackPointExtension></extensions></trkpt><trkpt lat="50.750382" lon="4.46294"><ele>120.90039</ele><time>2025-11-13T13:37:19+01:00</time><extensions><gpxtpx:TrackPointExtension><gpxtpx:hr>0</gpxtpx:hr></gpxtpx:TrackPointExtension></extensions></trkpt><trkpt lat="50.750152" lon="4.463105"><ele>120.100586</ele><time>2025-11-13T13:37:24+01:00</time><extensions><gpxtpx:TrackPointExtension><gpxtpx:hr>0</gpxtpx:hr></gpxtpx:TrackPointExtension></extensions></trkpt><trkpt lat="50.749942" lon="4.463263"><ele>118.90039</ele><time>2025-11-13T13:37:29+01:00</time><extensions><gpxtpx:TrackPointExtension><gpxtpx:hr>0</gpxtpx:hr></gpxtpx:TrackPointExtension></extensions></trkpt><trkpt lat="50.749748" lon="4.463387"><ele>117.5</ele><time>2025-11-13T13:37:34+01:00</time><extensions><gpxtpx:TrackPointExtension><gpxtpx:hr>0</gpxtpx:hr></gpxtpx:TrackPointExtension></extensions></trkpt><trkpt lat="50.749538" lon="4.46355"><ele>116.5</ele><time>2025-11-13T13:37:39+01:00</time><extensions><gpxtpx:TrackPointExtension><gpxtpx:hr>0</gpxtpx:hr></gpxtpx:TrackPointExtension></extensions></trkpt><trkpt lat="50.749327" lon="4.463723"><ele>116</ele><time>2025-11-13T13:37:44+01:00</time><extensions><gpxtpx:TrackPointExtension><gpxtpx:hr>0</gpxtpx:hr></gpxtpx:TrackPointExtension></extensions></trkpt><trkpt lat="50.749127" lon="4.463962"><ele>115.799805</ele><time>2025-11-13T13:37:49+01:00</time><extensions><gpxtpx:TrackPointExtension><gpxtpx:hr>0</gpxtpx:hr></gpxtpx:TrackPointExtension></extensions></trkpt><trkpt lat="50.748933" lon="4.464232"><ele>116</ele><time>2025-11-13T13:37:54+01:00</time><extensions><gpxtpx:TrackPointExtension><gpxtpx:hr>0</gpxtpx:hr></gpxtpx:TrackPointExtension></extensions></trkpt><trkpt lat="50.748745" lon="4.464517"><ele>116.5</ele><time>2025-11-13T13:37:59+01:00</time><extensions><gpxtpx:TrackPointExtension><gpxtpx:hr>0</gpxtpx:hr></gpxtpx:TrackPointExtension></extensions></trkpt><trkpt lat="50.748567" lon="4.464785"><ele>117.600586</ele><time>2025-11-13T13:38:04+01:00</time><extensions><gpxtpx:TrackPointExtension><gpxtpx:hr>0</gpxtpx:hr></gpxtpx:TrackPointExtension></extensions></trkpt><trkpt lat="50.74839" lon="4.465072"><ele>118.40039</ele><time>2025-11-13T13:38:09+01:00</time><extensions><gpxtpx:TrackPointExtension><gpxtpx:hr>0</gpxtpx:hr></gpxtpx:TrackPointExtension></extensions></trkpt><trkpt lat="50.74822" lon="4.46535"><ele>118.799805</ele><time>2025-11-13T13:38:14+01:00</time><extensions><gpxtpx:TrackPointExtension><gpxtpx:hr>0</gpxtpx:hr></gpxtpx:TrackPointExtension></extensions></trkpt><trkpt lat="50.748048" lon="4.465635"><ele>119</ele><time>2025-11-13T13:38:19+01:00</time><extensions><gpxtpx:TrackPointExtension><gpxtpx:hr>0</gpxtpx:hr></gpxtpx:TrackPointExtension></extensions></trkpt><trkpt lat="50.747858" lon="4.465922"><ele>119.100586</ele><time>2025-11-13T13:38:24+01:00</time><extensions><gpxtpx:TrackPointExtension><gpxtpx:hr>0</gpxtpx:hr></gpxtpx:TrackPointExtension></extensions></trkpt><trkpt lat="50.747652" lon="4.466255"><ele>118.600586</ele><time>2025-11-13T13:38:29+01:00</time><extensions><gpxtpx:TrackPointExtension><gpxtpx:hr>0</gpxtpx:hr></gpxtpx:TrackPointExtension></extensions></trkpt><trkpt lat="50.747375" lon="4.466635"><ele>117.200195</ele><time>2025-11-13T13:38:34+01:00</time><extensions><gpxtpx:TrackPointExtension><gpxtpx:hr>0</gpxtpx:hr></gpxtpx:TrackPointExtension></extensions></trkpt><trkpt lat="50.747018" lon="4.46699"><ele>115.700195</ele><time>2025-11-13T13:38:39+01:00</time><extensions><gpxtpx:TrackPointExtension><gpxtpx:hr>0</gpxtpx:hr></gpxtpx:TrackPointExtension></extensions></trkpt><trkpt lat="50.746613" lon="4.467308"><ele>114.299805</ele><time>2025-11-13T13:38:44+01:00</time><extensions><gpxtpx:TrackPointExtension><gpxtpx:hr>0</gpxtpx:hr></gpxtpx:TrackPointExtension></extensions></trkpt><trkpt lat="50.746242" lon="4.467667"><ele>109.799805</ele><time>2025-11-13T13:38:49+01:00</time><extensions><gpxtpx:TrackPointExtension><gpxtpx:hr>0</gpxtpx:hr></gpxtpx:TrackPointExtension></extensions></trkpt><trkpt lat="50.74585" lon="4.467987"><ele>105.5</ele><time>2025-11-13T13:38:54+01:00</time><extensions><gpxtpx:TrackPointExtension><gpxtpx:hr>0</gpxtpx:hr></gpxtpx:TrackPointExtension></extensions></trkpt><trkpt lat="50.74544" lon="4.468303"><ele>103.5</ele><time>2025-11-13T13:38:59+01:00</time><extensions><gpxtpx:TrackPointExtension><gpxtpx:hr>0</gpxtpx:hr></gpxtpx:TrackPointExtension></extensions></trkpt><trkpt lat="50.745047" lon="4.468633"><ele>101.799805</ele><time>2025-11-13T13:39:04+01:00</time><extensions><gpxtpx:TrackPointExtension><gpxtpx:hr>0</gpxtpx:hr></gpxtpx:TrackPointExtension></extensions></trkpt><trkpt lat="50.744652" lon="4.468935"><ele>100.700195</ele><time>2025-11-13T13:39:09+01:00</time><extensions><gpxtpx:TrackPointExtension><gpxtpx:hr>0</gpxtpx:hr></gpxtpx:TrackPointExtension></extensions></trkpt><trkpt lat="50.744247" lon="4.469173"><ele>100.700195</ele><time>2025-11-13T13:39:14+01:00</time><extensions><gpxtpx:TrackPointExtension><gpxtpx:hr>0</gpxtpx:hr></gpxtpx:TrackPointExtension></extensions></trkpt><trkpt lat="50.743873" lon="4.469348"><ele>100.40039</ele><time>2025-11-13T13:39:19+01:00</time><extensions><gpxtpx:TrackPointExtension><gpxtpx:hr>0</gpxtpx:hr></gpxtpx:TrackPointExtension></extensions></trkpt><trkpt lat="50.74353" lon="4.469495"><ele>100.100586</ele><time>2025-11-13T13:39:24+01:00</time><extensions><gpxtpx:TrackPointExtension><gpxtpx:hr>0</gpxtpx:hr></gpxtpx:TrackPointExtension></extensions></trkpt><trkpt lat="50.743237" lon="4.469617"><ele>99.5</ele><time>2025-11-13T13:39:29+01:00</time><extensions><gpxtpx:TrackPointExtension><gpxtpx:hr>0</gpxtpx:hr></gpxtpx:TrackPointExtension></extensions></trkpt><trkpt lat="50.742952" lon="4.469738"><ele>99.200195</ele><time>2025-11-13T13:39:34+01:00</time><extensions><gpxtpx:TrackPointExtension><gpxtpx:hr>0</gpxtpx:hr></gpxtpx:TrackPointExtension></extensions></trkpt><trkpt lat="50.742717" lon="4.469848"><ele>98.799805</ele><time>2025-11-13T13:39:39+01:00</time><extensions><gpxtpx:TrackPointExtension><gpxtpx:hr>0</gpxtpx:hr></gpxtpx:TrackPointExtension></extensions></trkpt><trkpt lat="50.742537" lon="4.46993"><ele>99.299805</ele><time>2025-11-13T13:39:44+01:00</time><extensions><gpxtpx:TrackPointExtension><gpxtpx:hr>0</gpxtpx:hr></gpxtpx:TrackPointExtension></extensions></trkpt><trkpt lat="50.7424" lon="4.469997"><ele>99.200195</ele><time>2025-11-13T13:39:49+01:00</time><extensions><gpxtpx:TrackPointExtension><gpxtpx:hr>0</gpxtpx:hr></gpxtpx:TrackPointExtension></extensions></trkpt><trkpt lat="50.74226" lon="4.470065"><ele>99.600586</ele><time>2025-11-13T13:39:54+01:00</time><extensions><gpxtpx:TrackPointExtension><gpxtpx:hr>0</gpxtpx:hr></gpxtpx:TrackPointExtension></extensions></trkpt><trkpt lat="50.74209" lon="4.470143"><ele>99.299805</ele><time>2025-11-13T13:39:59+01:00</time><extensions><gpxtpx:TrackPointExtension><gpxtpx:hr>0</gpxtpx:hr></gpxtpx:TrackPointExtension></extensions></trkpt><trkpt lat="50.741915" lon="4.47022"><ele>99.200195</ele><time>2025-11-13T13:40:04+01:00</time><extensions><gpxtpx:TrackPointExtension><gpxtpx:hr>0</gpxtpx:hr></gpxtpx:TrackPointExtension></extensions></trkpt><trkpt lat="50.741733" lon="4.470303"><ele>98.90039</ele><time>2025-11-13T13:40:09+01:00</time><extensions><gpxtpx:TrackPointExtension><gpxtpx:hr>0</gpxtpx:hr></gpxtpx:TrackPointExtension></extensions></trkpt><trkpt lat="50.741545" lon="4.470383"><ele>98.799805</ele><time>2025-11-13T13:40:14+01:00</time><extensions><gpxtpx:TrackPointExtension><gpxtpx:hr>0</gpxtpx:hr></gpxtpx:TrackPointExtension></extensions></trkpt><trkpt lat="50.741343" lon="4.470477"><ele>98.600586</ele><time>2025-11-13T13:40:19+01:00</time><extensions><gpxtpx:TrackPointExtension><gpxtpx:hr>0</gpxtpx:hr></gpxtpx:TrackPointExtension></extensions></trkpt><trkpt lat="50.741128" lon="4.470583"><ele>98.40039</ele><time>2025-11-13T13:40:24+01:00</time><extensions><gpxtpx:TrackPointExtension><gpxtpx:hr>0</gpxtpx:hr></gpxtpx:TrackPointExtension></extensions></trkpt><trkpt lat="50.740873" lon="4.4707"><ele>97.90039</ele><time>2025-11-13T13:40:29+01:00</time><extensions><gpxtpx:TrackPointExtension><gpxtpx:hr>0</gpxtpx:hr></gpxtpx:TrackPointExtension></extensions></trkpt><trkpt lat="50.74055" lon="4.470842"><ele>96.799805</ele><time>2025-11-13T13:40:34+01:00</time><extensions><gpxtpx:TrackPointExtension><gpxtpx:hr>0</gpxtpx:hr></gpxtpx:TrackPointExtension></extensions></trkpt><trkpt lat="50.74016" lon="4.471022"><ele>95.40039</ele><time>2025-11-13T13:40:39+01:00</time><extensions><gpxtpx:TrackPointExtension><gpxtpx:hr>0</gpxtpx:hr></gpxtpx:TrackPointExtension></extensions></trkpt><trkpt lat="50.73972" lon="4.471198"><ele>93.799805</ele><time>2025-11-13T13:40:44+01:00</time><extensions><gpxtpx:TrackPointExtension><gpxtpx:hr>0</gpxtpx:hr></gpxtpx:TrackPointExtension></extensions></trkpt><trkpt lat="50.73925" lon="4.471382"><ele>91.100586</ele><time>2025-11-13T13:40:49+01:00</time><extensions><gpxtpx:TrackPointExtension><gpxtpx:hr>0</gpxtpx:hr></gpxtpx:TrackPointExtension></extensions></trkpt><trkpt lat="50.738902" lon="4.471433"><ele>87.40039</ele><time>2025-11-13T13:40:54+01:00</time><extensions><gpxtpx:TrackPointExtension><gpxtpx:hr>0</gpxtpx:hr></gpxtpx:TrackPointExtension></extensions></trkpt><trkpt lat="50.738705" lon="4.47141"><ele>84.200195</ele><time>2025-11-13T13:40:59+01:00</time><extensions><gpxtpx:TrackPointExtension><gpxtpx:hr>0</gpxtpx:hr></gpxtpx:TrackPointExtension></extensions></trkpt><trkpt lat="50.738588" lon="4.471615"><ele>82.40039</ele><time>2025-11-13T13:41:04+01:00</time><extensions><gpxtpx:TrackPointExtension><gpxtpx:hr>0</gpxtpx:hr></gpxtpx:TrackPointExtension></extensions></trkpt><trkpt lat="50.738392" lon="4.471807"><ele>79.100586</ele><time>2025-11-13T13:41:09+01:00</time><extensions><gpxtpx:TrackPointExtension><gpxtpx:hr>0</gpxtpx:hr></gpxtpx:TrackPointExtension></extensions></trkpt><trkpt lat="50.73814" lon="4.47194"><ele>76.200195</ele><time>2025-11-13T13:41:14+01:00</time><extensions><gpxtpx:TrackPointExtension><gpxtpx:hr>0</gpxtpx:hr></gpxtpx:TrackPointExtension></extensions></trkpt><trkpt lat="50.737828" lon="4.472148"><ele>72.100586</ele><time>2025-11-13T13:41:19+01:00</time><extensions><gpxtpx:TrackPointExtension><gpxtpx:hr>0</gpxtpx:hr></gpxtpx:TrackPointExtension></extensions></trkpt><trkpt lat="50.73749" lon="4.472485"><ele>69</ele><time>2025-11-13T13:41:24+01:00</time><extensions><gpxtpx:TrackPointExtension><gpxtpx:hr>0</gpxtpx:hr></gpxtpx:TrackPointExtension></extensions></trkpt><trkpt lat="50.737178" lon="4.472943"><ele>67</ele><time>2025-11-13T13:41:29+01:00</time><extensions><gpxtpx:TrackPointExtension><gpxtpx:hr>0</gpxtpx:hr></gpxtpx:TrackPointExtension></extensions></trkpt><trkpt lat="50.73688" lon="4.473355"><ele>66.40039</ele><time>2025-11-13T13:41:34+01:00</time><extensions><gpxtpx:TrackPointExtension><gpxtpx:hr>0</gpxtpx:hr></gpxtpx:TrackPointExtension></extensions></trkpt><trkpt lat="50.736607" lon="4.473717"><ele>67.200195</ele><time>2025-11-13T13:41:39+01:00</time><extensions><gpxtpx:TrackPointExtension><gpxtpx:hr>0</gpxtpx:hr></gpxtpx:TrackPointExtension></extensions></trkpt><trkpt lat="50.736378" lon="4.474028"><ele>69.200195</ele><time>2025-11-13T13:41:44+01:00</time><extensions><gpxtpx:TrackPointExtension><gpxtpx:hr>0</gpxtpx:hr></gpxtpx:TrackPointExtension></extensions></trkpt><trkpt lat="50.736188" lon="4.474268"><ele>70.299805</ele><time>2025-11-13T13:41:49+01:00</time><extensions><gpxtpx:TrackPointExtension><gpxtpx:hr>0</gpxtpx:hr></gpxtpx:TrackPointExtension></extensions></trkpt><trkpt lat="50.736055" lon="4.474453"><ele>70.700195</ele><time>2025-11-13T13:41:54+01:00</time><extensions><gpxtpx:TrackPointExtension><gpxtpx:hr>0</gpxtpx:hr></gpxtpx:TrackPointExtension></extensions></trkpt><trkpt lat="50.735952" lon="4.474572"><ele>70.90039</ele><time>2025-11-13T13:41:59+01:00</time><extensions><gpxtpx:TrackPointExtension><gpxtpx:hr>0</gpxtpx:hr></gpxtpx:TrackPointExtension></extensions></trkpt><trkpt lat="50.735885" lon="4.474648"><ele>71.200195</ele><time>2025-11-13T13:42:04+01:00</time><extensions><gpxtpx:TrackPointExtension><gpxtpx:hr>0</gpxtpx:hr></gpxtpx:TrackPointExtension></extensions></trkpt><trkpt lat="50.735887" lon="4.474647"><ele>71.200195</ele><time>2025-11-13T13:42:09+01:00</time><extensions><gpxtpx:TrackPointExtension><gpxtpx:hr>0</gpxtpx:hr></gpxtpx:TrackPointExtension></extensions></trkpt><trkpt lat="50.735888" lon="4.474648"><ele>71.200195</ele><time>2025-11-13T13:42:14+01:00</time><extensions><gpxtpx:TrackPointExtension><gpxtpx:hr>0</gpxtpx:hr></gpxtpx:TrackPointExtension></extensions></trkpt><trkpt lat="50.735883" lon="4.474653"><ele>71.200195</ele><time>2025-11-13T13:42:19+01:00</time><extensions><gpxtpx:TrackPointExtension><gpxtpx:hr>0</gpxtpx:hr></gpxtpx:TrackPointExtension></extensions></trkpt><trkpt lat="50.735865" lon="4.474682"><ele>71.200195</ele><time>2025-11-13T13:42:24+01:00</time><extensions><gpxtpx:TrackPointExtension><gpxtpx:hr>0</gpxtpx:hr></gpxtpx:TrackPointExtension></extensions></trkpt><trkpt lat="50.735823" lon="4.474747"><ele>71.100586</ele><time>2025-11-13T13:42:29+01:00</time><extensions><gpxtpx:TrackPointExtension><gpxtpx:hr>0</gpxtpx:hr></gpxtpx:TrackPointExtension></extensions></trkpt><trkpt lat="50.73582" lon="4.474763"><ele>71.100586</ele><time>2025-11-13T13:42:34+01:00</time><extensions><gpxtpx:TrackPointExtension><gpxtpx:hr>0</gpxtpx:hr></gpxtpx:TrackPointExtension></extensions></trkpt><trkpt lat="50.735768" lon="4.474855"><ele>71.299805</ele><time>2025-11-13T13:42:39+01:00</time><extensions><gpxtpx:TrackPointExtension><gpxtpx:hr>0</gpxtpx:hr></gpxtpx:TrackPointExtension></extensions></trkpt><trkpt lat="50.735683" lon="4.474983"><ele>71.5</ele><time>2025-11-13T13:42:44+01:00</time><extensions><gpxtpx:TrackPointExtension><gpxtpx:hr>0</gpxtpx:hr></gpxtpx:TrackPointExtension></extensions></trkpt><trkpt lat="50.735583" lon="4.47514"><ele>71.90039</ele><time>2025-11-13T13:42:49+01:00</time><extensions><gpxtpx:TrackPointExtension><gpxtpx:hr>0</gpxtpx:hr></gpxtpx:TrackPointExtension></extensions></trkpt><trkpt lat="50.735472" lon="4.47531"><ele>72.5</ele><time>2025-11-13T13:42:54+01:00</time><extensions><gpxtpx:TrackPointExtension><gpxtpx:hr>0</gpxtpx:hr></gpxtpx:TrackPointExtension></extensions></trkpt><trkpt lat="50.73535" lon="4.475477"><ele>73.40039</ele><time>2025-11-13T13:42:59+01:00</time><extensions><gpxtpx:TrackPointExtension><gpxtpx:hr>0</gpxtpx:hr></gpxtpx:TrackPointExtension></extensions></trkpt><trkpt lat="50.735237" lon="4.47563"><ele>74.5</ele><time>2025-11-13T13:43:04+01:00</time><extensions><gpxtpx:TrackPointExtension><gpxtpx:hr>0</gpxtpx:hr></gpxtpx:TrackPointExtension></extensions></trkpt><trkpt lat="50.735137" lon="4.47575"><ele>75.700195</ele><time>2025-11-13T13:43:09+01:00</time><extensions><gpxtpx:TrackPointExtension><gpxtpx:hr>0</gpxtpx:hr></gpxtpx:TrackPointExtension></extensions></trkpt><trkpt lat="50.735045" lon="4.475872"><ele>75.700195</ele><time>2025-11-13T13:43:14+01:00</time><extensions><gpxtpx:TrackPointExtension><gpxtpx:hr>0</gpxtpx:hr></gpxtpx:TrackPointExtension></extensions></trkpt><trkpt lat="50.73495" lon="4.475987"><ele>76.700195</ele><time>2025-11-13T13:43:19+01:00</time><extensions><gpxtpx:TrackPointExtension><gpxtpx:hr>0</gpxtpx:hr></gpxtpx:TrackPointExtension></extensions></trkpt><trkpt lat="50.73486" lon="4.476117"><ele>77.700195</ele><time>2025-11-13T13:43:24+01:00</time><extensions><gpxtpx:TrackPointExtension><gpxtpx:hr>0</gpxtpx:hr></gpxtpx:TrackPointExtension></extensions></trkpt><trkpt lat="50.734765" lon="4.476237"><ele>77.799805</ele><time>2025-11-13T13:43:29+01:00</time><extensions><gpxtpx:TrackPointExtension><gpxtpx:hr>0</gpxtpx:hr></gpxtpx:TrackPointExtension></extensions></trkpt><trkpt lat="50.734675" lon="4.476367"><ele>78.799805</ele><time>2025-11-13T13:43:34+01:00</time><extensions><gpxtpx:TrackPointExtension><gpxtpx:hr>0</gpxtpx:hr></gpxtpx:TrackPointExtension></extensions></trkpt><trkpt lat="50.734585" lon="4.476508"><ele>79.700195</ele><time>2025-11-13T13:43:39+01:00</time><extensions><gpxtpx:TrackPointExtension><gpxtpx:hr>0</gpxtpx:hr></gpxtpx:TrackPointExtension></extensions></trkpt><trkpt lat="50.734505" lon="4.476622"><ele>80.600586</ele><time>2025-11-13T13:43:44+01:00</time><extensions><gpxtpx:TrackPointExtension><gpxtpx:hr>0</gpxtpx:hr></gpxtpx:TrackPointExtension></extensions></trkpt><trkpt lat="50.734425" lon="4.476732"><ele>80.600586</ele><time>2025-11-13T13:43:49+01:00</time><extensions><gpxtpx:TrackPointExtension><gpxtpx:hr>0</gpxtpx:hr></gpxtpx:TrackPointExtension></extensions></trkpt><trkpt lat="50.734357" lon="4.476862"><ele>81.700195</ele><time>2025-11-13T13:43:54+01:00</time><extensions><gpxtpx:TrackPointExtension><gpxtpx:hr>0</gpxtpx:hr></gpxtpx:TrackPointExtension></extensions></trkpt><trkpt lat="50.734263" lon="4.47697"><ele>83</ele><time>2025-11-13T13:43:59+01:00</time><extensions><gpxtpx:TrackPointExtension><gpxtpx:hr>0</gpxtpx:hr></gpxtpx:TrackPointExtension></extensions></trkpt><trkpt lat="50.734172" lon="4.477082"><ele>83.200195</ele><time>2025-11-13T13:44:04+01:00</time><extensions><gpxtpx:TrackPointExtension><gpxtpx:hr>0</gpxtpx:hr></gpxtpx:TrackPointExtension></extensions></trkpt><trkpt lat="50.734095" lon="4.47719"><ele>84.299805</ele><time>2025-11-13T13:44:09+01:00</time><extensions><gpxtpx:TrackPointExtension><gpxtpx:hr>0</gpxtpx:hr></gpxtpx:TrackPointExtension></extensions></trkpt><trkpt lat="50.734012" lon="4.477293"><ele>85.600586</ele><time>2025-11-13T13:44:14+01:00</time><extensions><gpxtpx:TrackPointExtension><gpxtpx:hr>0</gpxtpx:hr></gpxtpx:TrackPointExtension></extensions></trkpt><trkpt lat="50.733932" lon="4.4774"><ele>85.799805</ele><time>2025-11-13T13:44:19+01:00</time><extensions><gpxtpx:TrackPointExtension><gpxtpx:hr>0</gpxtpx:hr></gpxtpx:TrackPointExtension></extensions></trkpt><trkpt lat="50.733858" lon="4.477502"><ele>86.90039</ele><time>2025-11-13T13:44:24+01:00</time><extensions><gpxtpx:TrackPointExtension><gpxtpx:hr>0</gpxtpx:hr></gpxtpx:TrackPointExtension></extensions></trkpt><trkpt lat="50.733797" lon="4.4776"><ele>87</ele><time>2025-11-13T13:44:29+01:00</time><extensions><gpxtpx:TrackPointExtension><gpxtpx:hr>0</gpxtpx:hr></gpxtpx:TrackPointExtension></extensions></trkpt><trkpt lat="50.733722" lon="4.477708"><ele>88.100586</ele><time>2025-11-13T13:44:34+01:00</time><extensions><gpxtpx:TrackPointExtension><gpxtpx:hr>0</gpxtpx:hr></gpxtpx:TrackPointExtension></extensions></trkpt><trkpt lat="50.733623" lon="4.477837"><ele>89.100586</ele><time>2025-11-13T13:44:39+01:00</time><extensions><gpxtpx:TrackPointExtension><gpxtpx:hr>0</gpxtpx:hr></gpxtpx:TrackPointExtension></extensions></trkpt><trkpt lat="50.73352" lon="4.477975"><ele>90</ele><time>2025-11-13T13:44:44+01:00</time><extensions><gpxtpx:TrackPointExtension><gpxtpx:hr>0</gpxtpx:hr></gpxtpx:TrackPointExtension></extensions></trkpt><trkpt lat="50.733438" lon="4.478108"><ele>90</ele><time>2025-11-13T13:44:49+01:00</time><extensions><gpxtpx:TrackPointExtension><gpxtpx:hr>0</gpxtpx:hr></gpxtpx:TrackPointExtension></extensions></trkpt><trkpt lat="50.733365" lon="4.478233"><ele>90.799805</ele><time>2025-11-13T13:44:54+01:00</time><extensions><gpxtpx:TrackPointExtension><gpxtpx:hr>0</gpxtpx:hr></gpxtpx:TrackPointExtension></extensions></trkpt><trkpt lat="50.733297" lon="4.478373"><ele>91.600586</ele><time>2025-11-13T13:44:59+01:00</time><extensions><gpxtpx:TrackPointExtension><gpxtpx:hr>0</gpxtpx:hr></gpxtpx:TrackPointExtension></extensions></trkpt><trkpt lat="50.733218" lon="4.478532"><ele>91.90039</ele><time>2025-11-13T13:45:04+01:00</time><extensions><gpxtpx:TrackPointExtension><gpxtpx:hr>0</gpxtpx:hr></gpxtpx:TrackPointExtension></extensions></trkpt><trkpt lat="50.733142" lon="4.478702"><ele>92.299805</ele><time>2025-11-13T13:45:09+01:00</time><extensions><gpxtpx:TrackPointExtension><gpxtpx:hr>0</gpxtpx:hr></gpxtpx:TrackPointExtension></extensions></trkpt><trkpt lat="50.733075" lon="4.478855"><ele>92.5</ele><time>2025-11-13T13:45:14+01:00</time><extensions><gpxtpx:TrackPointExtension><gpxtpx:hr>0</gpxtpx:hr></gpxtpx:TrackPointExtension></extensions></trkpt><trkpt lat="50.733012" lon="4.479002"><ele>92.40039</ele><time>2025-11-13T13:45:19+01:00</time><extensions><gpxtpx:TrackPointExtension><gpxtpx:hr>0</gpxtpx:hr></gpxtpx:TrackPointExtension></extensions></trkpt><trkpt lat="50.732945" lon="4.479165"><ele>92.40039</ele><time>2025-11-13T13:45:24+01:00</time><extensions><gpxtpx:TrackPointExtension><gpxtpx:hr>0</gpxtpx:hr></gpxtpx:TrackPointExtension></extensions></trkpt><trkpt lat="50.732873" lon="4.479322"><ele>92.40039</ele><time>2025-11-13T13:45:29+01:00</time><extensions><gpxtpx:TrackPointExtension><gpxtpx:hr>0</gpxtpx:hr></gpxtpx:TrackPointExtension></extensions></trkpt><trkpt lat="50.732813" lon="4.479463"><ele>92.40039</ele><time>2025-11-13T13:45:34+01:00</time><extensions><gpxtpx:TrackPointExtension><gpxtpx:hr>0</gpxtpx:hr></gpxtpx:TrackPointExtension></extensions></trkpt><trkpt lat="50.732762" lon="4.479588"><ele>92</ele><time>2025-11-13T13:45:39+01:00</time><extensions><gpxtpx:TrackPointExtension><gpxtpx:hr>0</gpxtpx:hr></gpxtpx:TrackPointExtension></extensions></trkpt><trkpt lat="50.732723" lon="4.479672"><ele>92.200195</ele><time>2025-11-13T13:45:44+01:00</time><extensions><gpxtpx:TrackPointExtension><gpxtpx:hr>0</gpxtpx:hr></gpxtpx:TrackPointExtension></extensions></trkpt><trkpt lat="50.732673" lon="4.47979"><ele>91.799805</ele><time>2025-11-13T13:45:49+01:00</time><extensions><gpxtpx:TrackPointExtension><gpxtpx:hr>0</gpxtpx:hr></gpxtpx:TrackPointExtension></extensions></trkpt><trkpt lat="50.732597" lon="4.479937"><ele>91.600586</ele><time>2025-11-13T13:45:54+01:00</time><extensions><gpxtpx:TrackPointExtension><gpxtpx:hr>0</gpxtpx:hr></gpxtpx:TrackPointExtension></extensions></trkpt><trkpt lat="50.73251" lon="4.480095"><ele>91.40039</ele><time>2025-11-13T13:45:59+01:00</time><extensions><gpxtpx:TrackPointExtension><gpxtpx:hr>0</gpxtpx:hr></gpxtpx:TrackPointExtension></extensions></trkpt><trkpt lat="50.732413" lon="4.480247"><ele>91.299805</ele><time>2025-11-13T13:46:04+01:00</time><extensions><gpxtpx:TrackPointExtension><gpxtpx:hr>0</gpxtpx:hr></gpxtpx:TrackPointExtension></extensions></trkpt><trkpt lat="50.7323" lon="4.480397"><ele>91.299805</ele><time>2025-11-13T13:46:09+01:00</time><extensions><gpxtpx:TrackPointExtension><gpxtpx:hr>0</gpxtpx:hr></gpxtpx:TrackPointExtension></extensions></trkpt><trkpt lat="50.73217" lon="4.48054"><ele>91.299805</ele><time>2025-11-13T13:46:14+01:00</time><extensions><gpxtpx:TrackPointExtension><gpxtpx:hr>0</gpxtpx:hr></gpxtpx:TrackPointExtension></extensions></trkpt><trkpt lat="50.732028" lon="4.480682"><ele>91.600586</ele><time>2025-11-13T13:46:19+01:00</time><extensions><gpxtpx:TrackPointExtension><gpxtpx:hr>0</gpxtpx:hr></gpxtpx:TrackPointExtension></extensions></trkpt><trkpt lat="50.731883" lon="4.480838"><ele>92</ele><time>2025-11-13T13:46:24+01:00</time><extensions><gpxtpx:TrackPointExtension><gpxtpx:hr>0</gpxtpx:hr></gpxtpx:TrackPointExtension></extensions></trkpt><trkpt lat="50.73173" lon="4.480998"><ele>92</ele><time>2025-11-13T13:46:29+01:00</time><extensions><gpxtpx:TrackPointExtension><gpxtpx:hr>0</gpxtpx:hr></gpxtpx:TrackPointExtension></extensions></trkpt><trkpt lat="50.731577" lon="4.481147"><ele>92.100586</ele><time>2025-11-13T13:46:34+01:00</time><extensions><gpxtpx:TrackPointExtension><gpxtpx:hr>0</gpxtpx:hr></gpxtpx:TrackPointExtension></extensions></trkpt><trkpt lat="50.73144" lon="4.48127"><ele>92.299805</ele><time>2025-11-13T13:46:39+01:00</time><extensions><gpxtpx:TrackPointExtension><gpxtpx:hr>0</gpxtpx:hr></gpxtpx:TrackPointExtension></extensions></trkpt><trkpt lat="50.731335" lon="4.481402"><ele>92.299805</ele><time>2025-11-13T13:46:44+01:00</time><extensions><gpxtpx:TrackPointExtension><gpxtpx:hr>0</gpxtpx:hr></gpxtpx:TrackPointExtension></extensions></trkpt><trkpt lat="50.731217" lon="4.481522"><ele>92.5</ele><time>2025-11-13T13:46:49+01:00</time><extensions><gpxtpx:TrackPointExtension><gpxtpx:hr>0</gpxtpx:hr></gpxtpx:TrackPointExtension></extensions></trkpt><trkpt lat="50.731077" lon="4.481668"><ele>92.299805</ele><time>2025-11-13T13:46:54+01:00</time><extensions><gpxtpx:TrackPointExtension><gpxtpx:hr>0</gpxtpx:hr></gpxtpx:TrackPointExtension></extensions></trkpt><trkpt lat="50.730937" lon="4.481807"><ele>92.200195</ele><time>2025-11-13T13:46:59+01:00</time><extensions><gpxtpx:TrackPointExtension><gpxtpx:hr>0</gpxtpx:hr></gpxtpx:TrackPointExtension></extensions></trkpt><trkpt lat="50.730828" lon="4.481855"><ele>92.299805</ele><time>2025-11-13T13:47:04+01:00</time><extensions><gpxtpx:TrackPointExtension><gpxtpx:hr>0</gpxtpx:hr></gpxtpx:TrackPointExtension></extensions></trkpt><trkpt lat="50.730815" lon="4.48185"><ele>92.299805</ele><time>2025-11-13T13:47:09+01:00</time><extensions><gpxtpx:TrackPointExtension><gpxtpx:hr>0</gpxtpx:hr></gpxtpx:TrackPointExtension></extensions></trkpt><trkpt lat="50.730815" lon="4.481843"><ele>92.299805</ele><time>2025-11-13T13:47:14+01:00</time><extensions><gpxtpx:TrackPointExtension><gpxtpx:hr>0</gpxtpx:hr></gpxtpx:TrackPointExtension></extensions></trkpt><trkpt lat="50.730812" lon="4.481843"><ele>92.299805</ele><time>2025-11-13T13:47:19+01:00</time><extensions><gpxtpx:TrackPointExtension><gpxtpx:hr>0</gpxtpx:hr></gpxtpx:TrackPointExtension></extensions></trkpt><trkpt lat="50.73081" lon="4.481845"><ele>92.299805</ele><time>2025-11-13T13:47:24+01:00</time><extensions><gpxtpx:TrackPointExtension><gpxtpx:hr>0</gpxtpx:hr></gpxtpx:TrackPointExtension></extensions></trkpt><trkpt lat="50.73081" lon="4.481845"><ele>92.299805</ele><time>2025-11-13T13:47:29+01:00</time><extensions><gpxtpx:TrackPointExtension><gpxtpx:hr>0</gpxtpx:hr></gpxtpx:TrackPointExtension></extensions></trkpt><trkpt lat="50.730812" lon="4.481838"><ele>92.299805</ele><time>2025-11-13T13:47:34+01:00</time><extensions><gpxtpx:TrackPointExtension><gpxtpx:hr>0</gpxtpx:hr></gpxtpx:TrackPointExtension></extensions></trkpt><trkpt lat="50.73081" lon="4.48184"><ele>92.299805</ele><time>2025-11-13T13:47:39+01:00</time><extensions><gpxtpx:TrackPointExtension><gpxtpx:hr>0</gpxtpx:hr></gpxtpx:TrackPointExtension></extensions></trkpt><trkpt lat="50.730807" lon="4.481843"><ele>92.299805</ele><time>2025-11-13T13:47:44+01:00</time><extensions><gpxtpx:TrackPointExtension><gpxtpx:hr>0</gpxtpx:hr></gpxtpx:TrackPointExtension></extensions></trkpt><trkpt lat="50.730807" lon="4.481853"><ele>92.299805</ele><time>2025-11-13T13:47:49+01:00</time><extensions><gpxtpx:TrackPointExtension><gpxtpx:hr>0</gpxtpx:hr></gpxtpx:TrackPointExtension></extensions></trkpt><trkpt lat="50.730807" lon="4.481853"><ele>92.299805</ele><time>2025-11-13T13:47:54+01:00</time><extensions><gpxtpx:TrackPointExtension><gpxtpx:hr>0</gpxtpx:hr></gpxtpx:TrackPointExtension></extensions></trkpt><trkpt lat="50.730805" lon="4.48186"><ele>92.299805</ele><time>2025-11-13T13:47:59+01:00</time><extensions><gpxtpx:TrackPointExtension><gpxtpx:hr>0</gpxtpx:hr></gpxtpx:TrackPointExtension></extensions></trkpt><trkpt lat="50.730807" lon="4.481865"><ele>92.299805</ele><time>2025-11-13T13:48:04+01:00</time><extensions><gpxtpx:TrackPointExtension><gpxtpx:hr>0</gpxtpx:hr></gpxtpx:TrackPointExtension></extensions></trkpt><trkpt lat="50.730805" lon="4.48187"><ele>92.299805</ele><time>2025-11-13T13:48:09+01:00</time><extensions><gpxtpx:TrackPointExtension><gpxtpx:hr>0</gpxtpx:hr></gpxtpx:TrackPointExtension></extensions></trkpt><trkpt lat="50.730802" lon="4.481878"><ele>92.299805</ele><time>2025-11-13T13:48:14+01:00</time><extensions><gpxtpx:TrackPointExtension><gpxtpx:hr>0</gpxtpx:hr></gpxtpx:TrackPointExtension></extensions></trkpt><trkpt lat="50.730803" lon="4.481878"><ele>92.299805</ele><time>2025-11-13T13:48:19+01:00</time><extensions><gpxtpx:TrackPointExtension><gpxtpx:hr>0</gpxtpx:hr></gpxtpx:TrackPointExtension></extensions></trkpt><trkpt lat="50.730803" lon="4.48188"><ele>92.299805</ele><time>2025-11-13T13:48:24+01:00</time><extensions><gpxtpx:TrackPointExtension><gpxtpx:hr>0</gpxtpx:hr></gpxtpx:TrackPointExtension></extensions></trkpt><trkpt lat="50.730803" lon="4.48188"><ele>92.299805</ele><time>2025-11-13T13:48:29+01:00</time><extensions><gpxtpx:TrackPointExtension><gpxtpx:hr>0</gpxtpx:hr></gpxtpx:TrackPointExtension></extensions></trkpt><trkpt lat="50.730803" lon="4.48188"><ele>92.299805</ele><time>2025-11-13T13:48:34+01:00</time><extensions><gpxtpx:TrackPointExtension><gpxtpx:hr>0</gpxtpx:hr></gpxtpx:TrackPointExtension></extensions></trkpt><trkpt lat="50.730797" lon="4.481882"><ele>92.299805</ele><time>2025-11-13T13:48:39+01:00</time><extensions><gpxtpx:TrackPointExtension><gpxtpx:hr>0</gpxtpx:hr></gpxtpx:TrackPointExtension></extensions></trkpt><trkpt lat="50.730665" lon="4.481923"><ele>92.100586</ele><time>2025-11-13T13:48:44+01:00</time><extensions><gpxtpx:TrackPointExtension><gpxtpx:hr>0</gpxtpx:hr></gpxtpx:TrackPointExtension></extensions></trkpt><trkpt lat="50.730537" lon="4.48199"><ele>92.100586</ele><time>2025-11-13T13:48:49+01:00</time><extensions><gpxtpx:TrackPointExtension><gpxtpx:hr>0</gpxtpx:hr></gpxtpx:TrackPointExtension></extensions></trkpt><trkpt lat="50.730368" lon="4.482005"><ele>92</ele><time>2025-11-13T13:48:54+01:00</time><extensions><gpxtpx:TrackPointExtension><gpxtpx:hr>0</gpxtpx:hr></gpxtpx:TrackPointExtension></extensions></trkpt><trkpt lat="50.730157" lon="4.482067"><ele>91.90039</ele><time>2025-11-13T13:48:59+01:00</time><extensions><gpxtpx:TrackPointExtension><gpxtpx:hr>0</gpxtpx:hr></gpxtpx:TrackPointExtension></extensions></trkpt><trkpt lat="50.729917" lon="4.482063"><ele>91.5</ele><time>2025-11-13T13:49:04+01:00</time><extensions><gpxtpx:TrackPointExtension><gpxtpx:hr>0</gpxtpx:hr></gpxtpx:TrackPointExtension></extensions></trkpt><trkpt lat="50.72971" lon="4.482172"><ele>91</ele><time>2025-11-13T13:49:09+01:00</time><extensions><gpxtpx:TrackPointExtension><gpxtpx:hr>0</gpxtpx:hr></gpxtpx:TrackPointExtension></extensions></trkpt><trkpt lat="50.729458" lon="4.482357"><ele>90.100586</ele><time>2025-11-13T13:49:14+01:00</time><extensions><gpxtpx:TrackPointExtension><gpxtpx:hr>0</gpxtpx:hr></gpxtpx:TrackPointExtension></extensions></trkpt><trkpt lat="50.729172" lon="4.48269"><ele>87.799805</ele><time>2025-11-13T13:49:19+01:00</time><extensions><gpxtpx:TrackPointExtension><gpxtpx:hr>0</gpxtpx:hr></gpxtpx:TrackPointExtension></extensions></trkpt><trkpt lat="50.728827" lon="4.483062"><ele>84.200195</ele><time>2025-11-13T13:49:24+01:00</time><extensions><gpxtpx:TrackPointExtension><gpxtpx:hr>0</gpxtpx:hr></gpxtpx:TrackPointExtension></extensions></trkpt><trkpt lat="50.728377" lon="4.483187"><ele>79.799805</ele><time>2025-11-13T13:49:29+01:00</time><extensions><gpxtpx:TrackPointExtension><gpxtpx:hr>0</gpxtpx:hr></gpxtpx:TrackPointExtension></extensions></trkpt><trkpt lat="50.7279" lon="4.4834"><ele>76.299805</ele><time>2025-11-13T13:49:34+01:00</time><extensions><gpxtpx:TrackPointExtension><gpxtpx:hr>0</gpxtpx:hr></gpxtpx:TrackPointExtension></extensions></trkpt><trkpt lat="50.727465" lon="4.483835"><ele>72</ele><time>2025-11-13T13:49:39+01:00</time><extensions><gpxtpx:TrackPointExtension><gpxtpx:hr>0</gpxtpx:hr></gpxtpx:TrackPointExtension></extensions></trkpt><trkpt lat="50.727253" lon="4.484452"><ele>69.600586</ele><time>2025-11-13T13:49:44+01:00</time><extensions><gpxtpx:TrackPointExtension><gpxtpx:hr>0</gpxtpx:hr></gpxtpx:TrackPointExtension></extensions></trkpt><trkpt lat="50.727337" lon="4.485113"><ele>67.700195</ele><time>2025-11-13T13:49:49+01:00</time><extensions><gpxtpx:TrackPointExtension><gpxtpx:hr>0</gpxtpx:hr></gpxtpx:TrackPointExtension></extensions></trkpt><trkpt lat="50.727507" lon="4.485707"><ele>66.5</ele><time>2025-11-13T13:49:54+01:00</time><extensions><gpxtpx:TrackPointExtension><gpxtpx:hr>0</gpxtpx:hr></gpxtpx:TrackPointExtension></extensions></trkpt><trkpt lat="50.727585" lon="4.486282"><ele>66.100586</ele><time>2025-11-13T13:49:59+01:00</time><extensions><gpxtpx:TrackPointExtension><gpxtpx:hr>0</gpxtpx:hr></gpxtpx:TrackPointExtension></extensions></trkpt><trkpt lat="50.727615" lon="4.486798"><ele>65.799805</ele><time>2025-11-13T13:50:04+01:00</time><extensions><gpxtpx:TrackPointExtension><gpxtpx:hr>0</gpxtpx:hr></gpxtpx:TrackPointExtension></extensions></trkpt><trkpt lat="50.72759" lon="4.48723"><ele>65.600586</ele><time>2025-11-13T13:50:09+01:00</time><extensions><gpxtpx:TrackPointExtension><gpxtpx:hr>0</gpxtpx:hr></gpxtpx:TrackPointExtension></extensions></trkpt><trkpt lat="50.727548" lon="4.487582"><ele>65.200195</ele><time>2025-11-13T13:50:14+01:00</time><extensions><gpxtpx:TrackPointExtension><gpxtpx:hr>0</gpxtpx:hr></gpxtpx:TrackPointExtension></extensions></trkpt><trkpt lat="50.727502" lon="4.487848"><ele>64.700195</ele><time>2025-11-13T13:50:19+01:00</time><extensions><gpxtpx:TrackPointExtension><gpxtpx:hr>0</gpxtpx:hr></gpxtpx:TrackPointExtension></extensions></trkpt><trkpt lat="50.727473" lon="4.488037"><ele>64.700195</ele><time>2025-11-13T13:50:24+01:00</time><extensions><gpxtpx:TrackPointExtension><gpxtpx:hr>0</gpxtpx:hr></gpxtpx:TrackPointExtension></extensions></trkpt><trkpt lat="50.727452" lon="4.488192"><ele>65.100586</ele><time>2025-11-13T13:50:29+01:00</time><extensions><gpxtpx:TrackPointExtension><gpxtpx:hr>0</gpxtpx:hr></gpxtpx:TrackPointExtension></extensions></trkpt><trkpt lat="50.727435" lon="4.488285"><ele>66.5</ele><time>2025-11-13T13:50:34+01:00</time><extensions><gpxtpx:TrackPointExtension><gpxtpx:hr>0</gpxtpx:hr></gpxtpx:TrackPointExtension></extensions></trkpt><trkpt lat="50.727435" lon="4.48839"><ele>66.5</ele><time>2025-11-13T13:50:39+01:00</time><extensions><gpxtpx:TrackPointExtension><gpxtpx:hr>0</gpxtpx:hr></gpxtpx:TrackPointExtension></extensions></trkpt><trkpt lat="50.727417" lon="4.488577"><ele>67.299805</ele><time>2025-11-13T13:50:44+01:00</time><extensions><gpxtpx:TrackPointExtension><gpxtpx:hr>0</gpxtpx:hr></gpxtpx:TrackPointExtension></extensions></trkpt><trkpt lat="50.727423" lon="4.488808"><ele>69.200195</ele><time>2025-11-13T13:50:49+01:00</time><extensions><gpxtpx:TrackPointExtension><gpxtpx:hr>0</gpxtpx:hr></gpxtpx:TrackPointExtension></extensions></trkpt><trkpt lat="50.727448" lon="4.489083"><ele>69.100586</ele><time>2025-11-13T13:50:54+01:00</time><extensions><gpxtpx:TrackPointExtension><gpxtpx:hr>0</gpxtpx:hr></gpxtpx:TrackPointExtension></extensions></trkpt><trkpt lat="50.727502" lon="4.48939"><ele>70.5</ele><time>2025-11-13T13:50:59+01:00</time><extensions><gpxtpx:TrackPointExtension><gpxtpx:hr>0</gpxtpx:hr></gpxtpx:TrackPointExtension></extensions></trkpt><trkpt lat="50.727578" lon="4.489682"><ele>71.40039</ele><time>2025-11-13T13:51:04+01:00</time><extensions><gpxtpx:TrackPointExtension><gpxtpx:hr>0</gpxtpx:hr></gpxtpx:TrackPointExtension></extensions></trkpt><trkpt lat="50.72767" lon="4.489915"><ele>71.40039</ele><time>2025-11-13T13:51:09+01:00</time><extensions><gpxtpx:TrackPointExtension><gpxtpx:hr>0</gpxtpx:hr></gpxtpx:TrackPointExtension></extensions></trkpt><trkpt lat="50.727803" lon="4.490175"><ele>72.600586</ele><time>2025-11-13T13:51:14+01:00</time><extensions><gpxtpx:TrackPointExtension><gpxtpx:hr>0</gpxtpx:hr></gpxtpx:TrackPointExtension></extensions></trkpt><trkpt lat="50.727953" lon="4.490462"><ele>72.100586</ele><time>2025-11-13T13:51:19+01:00</time><extensions><gpxtpx:TrackPointExtension><gpxtpx:hr>0</gpxtpx:hr></gpxtpx:TrackPointExtension></extensions></trkpt><trkpt lat="50.728112" lon="4.490758"><ele>71.799805</ele><time>2025-11-13T13:51:24+01:00</time><extensions><gpxtpx:TrackPointExtension><gpxtpx:hr>0</gpxtpx:hr></gpxtpx:TrackPointExtension></extensions></trkpt><trkpt lat="50.728238" lon="4.491085"><ele>73.100586</ele><time>2025-11-13T13:51:29+01:00</time><extensions><gpxtpx:TrackPointExtension><gpxtpx:hr>0</gpxtpx:hr></gpxtpx:TrackPointExtension></extensions></trkpt><trkpt lat="50.728325" lon="4.491425"><ele>72.600586</ele><time>2025-11-13T13:51:34+01:00</time><extensions><gpxtpx:TrackPointExtension><gpxtpx:hr>0</gpxtpx:hr></gpxtpx:TrackPointExtension></extensions></trkpt><trkpt lat="50.728377" lon="4.49173"><ele>73.200195</ele><time>2025-11-13T13:51:39+01:00</time><extensions><gpxtpx:TrackPointExtension><gpxtpx:hr>0</gpxtpx:hr></gpxtpx:TrackPointExtension></extensions></trkpt><trkpt lat="50.728375" lon="4.491983"><ele>73.700195</ele><time>2025-11-13T13:51:44+01:00</time><extensions><gpxtpx:TrackPointExtension><gpxtpx:hr>0</gpxtpx:hr></gpxtpx:TrackPointExtension></extensions></trkpt><trkpt lat="50.728373" lon="4.49223"><ele>75.200195</ele><time>2025-11-13T13:51:49+01:00</time><extensions><gpxtpx:TrackPointExtension><gpxtpx:hr>0</gpxtpx:hr></gpxtpx:TrackPointExtension></extensions></trkpt><trkpt lat="50.728388" lon="4.492475"><ele>76.200195</ele><time>2025-11-13T13:51:54+01:00</time><extensions><gpxtpx:TrackPointExtension><gpxtpx:hr>0</gpxtpx:hr></gpxtpx:TrackPointExtension></extensions></trkpt><trkpt lat="50.728417" lon="4.492727"><ele>76.600586</ele><time>2025-11-13T13:51:59+01:00</time><extensions><gpxtpx:TrackPointExtension><gpxtpx:hr>0</gpxtpx:hr></gpxtpx:TrackPointExtension></extensions></trkpt><trkpt lat="50.728462" lon="4.493002"><ele>77.600586</ele><time>2025-11-13T13:52:04+01:00</time><extensions><gpxtpx:TrackPointExtension><gpxtpx:hr>0</gpxtpx:hr></gpxtpx:TrackPointExtension></extensions></trkpt><trkpt lat="50.728525" lon="4.493278"><ele>77.5</ele><time>2025-11-13T13:52:09+01:00</time><extensions><gpxtpx:TrackPointExtension><gpxtpx:hr>0</gpxtpx:hr></gpxtpx:TrackPointExtension></extensions></trkpt><trkpt lat="50.728587" lon="4.493552"><ele>78.200195</ele><time>2025-11-13T13:52:14+01:00</time><extensions><gpxtpx:TrackPointExtension><gpxtpx:hr>0</gpxtpx:hr></gpxtpx:TrackPointExtension></extensions></trkpt><trkpt lat="50.72866" lon="4.493795"><ele>77.600586</ele><time>2025-11-13T13:52:19+01:00</time><extensions><gpxtpx:TrackPointExtension><gpxtpx:hr>0</gpxtpx:hr></gpxtpx:TrackPointExtension></extensions></trkpt><trkpt lat="50.728725" lon="4.494033"><ele>77.799805</ele><time>2025-11-13T13:52:24+01:00</time><extensions><gpxtpx:TrackPointExtension><gpxtpx:hr>0</gpxtpx:hr></gpxtpx:TrackPointExtension></extensions></trkpt><trkpt lat="50.728797" lon="4.494265"><ele>76.799805</ele><time>2025-11-13T13:52:29+01:00</time><extensions><gpxtpx:TrackPointExtension><gpxtpx:hr>0</gpxtpx:hr></gpxtpx:TrackPointExtension></extensions></trkpt><trkpt lat="50.728882" lon="4.494512"><ele>76</ele><time>2025-11-13T13:52:34+01:00</time><extensions><gpxtpx:TrackPointExtension><gpxtpx:hr>0</gpxtpx:hr></gpxtpx:TrackPointExtension></extensions></trkpt><trkpt lat="50.728958" lon="4.494775"><ele>76.200195</ele><time>2025-11-13T13:52:39+01:00</time><extensions><gpxtpx:TrackPointExtension><gpxtpx:hr>0</gpxtpx:hr></gpxtpx:TrackPointExtension></extensions></trkpt><trkpt lat="50.729008" lon="4.495045"><ele>75</ele><time>2025-11-13T13:52:44+01:00</time><extensions><gpxtpx:TrackPointExtension><gpxtpx:hr>0</gpxtpx:hr></gpxtpx:TrackPointExtension></extensions></trkpt><trkpt lat="50.729033" lon="4.495347"><ele>75.100586</ele><time>2025-11-13T13:52:49+01:00</time><extensions><gpxtpx:TrackPointExtension><gpxtpx:hr>0</gpxtpx:hr></gpxtpx:TrackPointExtension></extensions></trkpt><trkpt lat="50.729038" lon="4.495622"><ele>74.5</ele><time>2025-11-13T13:52:54+01:00</time><extensions><gpxtpx:TrackPointExtension><gpxtpx:hr>0</gpxtpx:hr></gpxtpx:TrackPointExtension></extensions></trkpt><trkpt lat="50.72903" lon="4.495885"><ele>73.90039</ele><time>2025-11-13T13:52:59+01:00</time><extensions><gpxtpx:TrackPointExtension><gpxtpx:hr>0</gpxtpx:hr></gpxtpx:TrackPointExtension></extensions></trkpt><trkpt lat="50.729022" lon="4.49614"><ele>74</ele><time>2025-11-13T13:53:04+01:00</time><extensions><gpxtpx:TrackPointExtension><gpxtpx:hr>0</gpxtpx:hr></gpxtpx:TrackPointExtension></extensions></trkpt><trkpt lat="50.729012" lon="4.496398"><ele>73.100586</ele><time>2025-11-13T13:53:09+01:00</time><extensions><gpxtpx:TrackPointExtension><gpxtpx:hr>0</gpxtpx:hr></gpxtpx:TrackPointExtension></extensions></trkpt><trkpt lat="50.72902" lon="4.496647"><ele>73</ele><time>2025-11-13T13:53:14+01:00</time><extensions><gpxtpx:TrackPointExtension><gpxtpx:hr>0</gpxtpx:hr></gpxtpx:TrackPointExtension></extensions></trkpt><trkpt lat="50.729012" lon="4.49696"><ele>73.100586</ele><time>2025-11-13T13:53:19+01:00</time><extensions><gpxtpx:TrackPointExtension><gpxtpx:hr>0</gpxtpx:hr></gpxtpx:TrackPointExtension></extensions></trkpt><trkpt lat="50.728958" lon="4.497282"><ele>73.799805</ele><time>2025-11-13T13:53:24+01:00</time><extensions><gpxtpx:TrackPointExtension><gpxtpx:hr>0</gpxtpx:hr></gpxtpx:TrackPointExtension></extensions></trkpt><trkpt lat="50.728942" lon="4.497602"><ele>74.200195</ele><time>2025-11-13T13:53:29+01:00</time><extensions><gpxtpx:TrackPointExtension><gpxtpx:hr>0</gpxtpx:hr></gpxtpx:TrackPointExtension></extensions></trkpt><trkpt lat="50.72892" lon="4.497942"><ele>75.40039</ele><time>2025-11-13T13:53:34+01:00</time><extensions><gpxtpx:TrackPointExtension><gpxtpx:hr>0</gpxtpx:hr></gpxtpx:TrackPointExtension></extensions></trkpt><trkpt lat="50.728902" lon="4.498322"><ele>75.5</ele><time>2025-11-13T13:53:39+01:00</time><extensions><gpxtpx:TrackPointExtension><gpxtpx:hr>0</gpxtpx:hr></gpxtpx:TrackPointExtension></extensions></trkpt><trkpt lat="50.728882" lon="4.498728"><ele>75.5</ele><time>2025-11-13T13:53:44+01:00</time><extensions><gpxtpx:TrackPointExtension><gpxtpx:hr>0</gpxtpx:hr></gpxtpx:TrackPointExtension></extensions></trkpt><trkpt lat="50.728863" lon="4.49912"><ele>76</ele><time>2025-11-13T13:53:49+01:00</time><extensions><gpxtpx:TrackPointExtension><gpxtpx:hr>0</gpxtpx:hr></gpxtpx:TrackPointExtension></extensions></trkpt><trkpt lat="50.728843" lon="4.499473"><ele>76.200195</ele><time>2025-11-13T13:53:54+01:00</time><extensions><gpxtpx:TrackPointExtension><gpxtpx:hr>0</gpxtpx:hr></gpxtpx:TrackPointExtension></extensions></trkpt><trkpt lat="50.728822" lon="4.49983"><ele>75.90039</ele><time>2025-11-13T13:53:59+01:00</time><extensions><gpxtpx:TrackPointExtension><gpxtpx:hr>0</gpxtpx:hr></gpxtpx:TrackPointExtension></extensions></trkpt><trkpt lat="50.728798" lon="4.50021"><ele>75.200195</ele><time>2025-11-13T13:54:04+01:00</time><extensions><gpxtpx:TrackPointExtension><gpxtpx:hr>0</gpxtpx:hr></gpxtpx:TrackPointExtension></extensions></trkpt><trkpt lat="50.728747" lon="4.50056"><ele>74.799805</ele><time>2025-11-13T13:54:09+01:00</time><extensions><gpxtpx:TrackPointExtension><gpxtpx:hr>0</gpxtpx:hr></gpxtpx:TrackPointExtension></extensions></trkpt><trkpt lat="50.728738" lon="4.500882"><ele>75.5</ele><time>2025-11-13T13:54:14+01:00</time><extensions><gpxtpx:TrackPointExtension><gpxtpx:hr>0</gpxtpx:hr></gpxtpx:TrackPointExtension></extensions></trkpt><trkpt lat="50.728737" lon="4.501188"><ele>75.299805</ele><time>2025-11-13T13:54:19+01:00</time><extensions><gpxtpx:TrackPointExtension><gpxtpx:hr>0</gpxtpx:hr></gpxtpx:TrackPointExtension></extensions></trkpt><trkpt lat="50.728728" lon="4.501465"><ele>75.200195</ele><time>2025-11-13T13:54:24+01:00</time><extensions><gpxtpx:TrackPointExtension><gpxtpx:hr>0</gpxtpx:hr></gpxtpx:TrackPointExtension></extensions></trkpt><trkpt lat="50.728725" lon="4.50154"><ele>75.100586</ele><time>2025-11-13T13:54:29+01:00</time><extensions><gpxtpx:TrackPointExtension><gpxtpx:hr>0</gpxtpx:hr></gpxtpx:TrackPointExtension></extensions></trkpt><trkpt lat="50.728725" lon="4.501543"><ele>75.100586</ele><time>2025-11-13T13:54:34+01:00</time><extensions><gpxtpx:TrackPointExtension><gpxtpx:hr>0</gpxtpx:hr></gpxtpx:TrackPointExtension></extensions></trkpt><trkpt lat="50.728725" lon="4.501543"><ele>75.100586</ele><time>2025-11-13T13:54:39+01:00</time><extensions><gpxtpx:TrackPointExtension><gpxtpx:hr>0</gpxtpx:hr></gpxtpx:TrackPointExtension></extensions></trkpt><trkpt lat="50.728723" lon="4.501547"><ele>75.100586</ele><time>2025-11-13T13:54:44+01:00</time><extensions><gpxtpx:TrackPointExtension><gpxtpx:hr>0</gpxtpx:hr></gpxtpx:TrackPointExtension></extensions></trkpt><trkpt lat="50.72872" lon="4.501577"><ele>75.100586</ele><time>2025-11-13T13:54:49+01:00</time><extensions><gpxtpx:TrackPointExtension><gpxtpx:hr>0</gpxtpx:hr></gpxtpx:TrackPointExtension></extensions></trkpt><trkpt lat="50.728708" lon="4.501708"><ele>75</ele><time>2025-11-13T13:54:54+01:00</time><extensions><gpxtpx:TrackPointExtension><gpxtpx:hr>0</gpxtpx:hr></gpxtpx:TrackPointExtension></extensions></trkpt><trkpt lat="50.728698" lon="4.5019"><ele>75</ele><time>2025-11-13T13:54:59+01:00</time><extensions><gpxtpx:TrackPointExtension><gpxtpx:hr>0</gpxtpx:hr></gpxtpx:TrackPointExtension></extensions></trkpt><trkpt lat="50.72869" lon="4.502083"><ele>75</ele><time>2025-11-13T13:55:04+01:00</time><extensions><gpxtpx:TrackPointExtension><gpxtpx:hr>0</gpxtpx:hr></gpxtpx:TrackPointExtension></extensions></trkpt><trkpt lat="50.728665" lon="4.5023"><ele>75</ele><time>2025-11-13T13:55:09+01:00</time><extensions><gpxtpx:TrackPointExtension><gpxtpx:hr>0</gpxtpx:hr></gpxtpx:TrackPointExtension></extensions></trkpt><trkpt lat="50.728607" lon="4.502518"><ele>76.40039</ele><time>2025-11-13T13:55:14+01:00</time><extensions><gpxtpx:TrackPointExtension><gpxtpx:hr>0</gpxtpx:hr></gpxtpx:TrackPointExtension></extensions></trkpt><trkpt lat="50.728535" lon="4.502715"><ele>76.5</ele><time>2025-11-13T13:55:19+01:00</time><extensions><gpxtpx:TrackPointExtension><gpxtpx:hr>0</gpxtpx:hr></gpxtpx:TrackPointExtension></extensions></trkpt><trkpt lat="50.728452" lon="4.502873"><ele>78.100586</ele><time>2025-11-13T13:55:24+01:00</time><extensions><gpxtpx:TrackPointExtension><gpxtpx:hr>0</gpxtpx:hr></gpxtpx:TrackPointExtension></extensions></trkpt><trkpt lat="50.728373" lon="4.503018"><ele>79.600586</ele><time>2025-11-13T13:55:29+01:00</time><extensions><gpxtpx:TrackPointExtension><gpxtpx:hr>0</gpxtpx:hr></gpxtpx:TrackPointExtension></extensions></trkpt><trkpt lat="50.728302" lon="4.50317"><ele>80.5</ele><time>2025-11-13T13:55:34+01:00</time><extensions><gpxtpx:TrackPointExtension><gpxtpx:hr>0</gpxtpx:hr></gpxtpx:TrackPointExtension></extensions></trkpt><trkpt lat="50.728213" lon="4.503327"><ele>80.100586</ele><time>2025-11-13T13:55:39+01:00</time><extensions><gpxtpx:TrackPointExtension><gpxtpx:hr>0</gpxtpx:hr></gpxtpx:TrackPointExtension></extensions></trkpt><trkpt lat="50.728132" lon="4.50346"><ele>80.90039</ele><time>2025-11-13T13:55:44+01:00</time><extensions><gpxtpx:TrackPointExtension><gpxtpx:hr>0</gpxtpx:hr></gpxtpx:TrackPointExtension></extensions></trkpt><trkpt lat="50.728052" lon="4.503605"><ele>81.299805</ele><time>2025-11-13T13:55:49+01:00</time><extensions><gpxtpx:TrackPointExtension><gpxtpx:hr>0</gpxtpx:hr></gpxtpx:TrackPointExtension></extensions></trkpt><trkpt lat="50.727968" lon="4.503758"><ele>81.299805</ele><time>2025-11-13T13:55:54+01:00</time><extensions><gpxtpx:TrackPointExtension><gpxtpx:hr>0</gpxtpx:hr></gpxtpx:TrackPointExtension></extensions></trkpt><trkpt lat="50.727888" lon="4.503913"><ele>80.700195</ele><time>2025-11-13T13:55:59+01:00</time><extensions><gpxtpx:TrackPointExtension><gpxtpx:hr>0</gpxtpx:hr></gpxtpx:TrackPointExtension></extensions></trkpt><trkpt lat="50.72781" lon="4.50406"><ele>80.600586</ele><time>2025-11-13T13:56:04+01:00</time><extensions><gpxtpx:TrackPointExtension><gpxtpx:hr>0</gpxtpx:hr></gpxtpx:TrackPointExtension></extensions></trkpt><trkpt lat="50.72773" lon="4.50422"><ele>81</ele><time>2025-11-13T13:56:09+01:00</time><extensions><gpxtpx:TrackPointExtension><gpxtpx:hr>0</gpxtpx:hr></gpxtpx:TrackPointExtension></extensions></trkpt><trkpt lat="50.727652" lon="4.504355"><ele>81.100586</ele><time>2025-11-13T13:56:14+01:00</time><extensions><gpxtpx:TrackPointExtension><gpxtpx:hr>0</gpxtpx:hr></gpxtpx:TrackPointExtension></extensions></trkpt><trkpt lat="50.727588" lon="4.504452"><ele>80.90039</ele><time>2025-11-13T13:56:19+01:00</time><extensions><gpxtpx:TrackPointExtension><gpxtpx:hr>0</gpxtpx:hr></gpxtpx:TrackPointExtension></extensions></trkpt><trkpt lat="50.727527" lon="4.504592"><ele>80.90039</ele><time>2025-11-13T13:56:24+01:00</time><extensions><gpxtpx:TrackPointExtension><gpxtpx:hr>0</gpxtpx:hr></gpxtpx:TrackPointExtension></extensions></trkpt><trkpt lat="50.727452" lon="4.50472"><ele>80.90039</ele><time>2025-11-13T13:56:29+01:00</time><extensions><gpxtpx:TrackPointExtension><gpxtpx:hr>0</gpxtpx:hr></gpxtpx:TrackPointExtension></extensions></trkpt><trkpt lat="50.72738" lon="4.50487"><ele>81</ele><time>2025-11-13T13:56:34+01:00</time><extensions><gpxtpx:TrackPointExtension><gpxtpx:hr>0</gpxtpx:hr></gpxtpx:TrackPointExtension></extensions></trkpt><trkpt lat="50.727303" lon="4.505017"><ele>81</ele><time>2025-11-13T13:56:39+01:00</time><extensions><gpxtpx:TrackPointExtension><gpxtpx:hr>0</gpxtpx:hr></gpxtpx:TrackPointExtension></extensions></trkpt><trkpt lat="50.727223" lon="4.505172"><ele>80.799805</ele><time>2025-11-13T13:56:44+01:00</time><extensions><gpxtpx:TrackPointExtension><gpxtpx:hr>0</gpxtpx:hr></gpxtpx:TrackPointExtension></extensions></trkpt><trkpt lat="50.727145" lon="4.505317"><ele>81.5</ele><time>2025-11-13T13:56:49+01:00</time><extensions><gpxtpx:TrackPointExtension><gpxtpx:hr>0</gpxtpx:hr></gpxtpx:TrackPointExtension></extensions></trkpt><trkpt lat="50.727067" lon="4.505465"><ele>81.700195</ele><time>2025-11-13T13:56:54+01:00</time><extensions><gpxtpx:TrackPointExtension><gpxtpx:hr>0</gpxtpx:hr></gpxtpx:TrackPointExtension></extensions></trkpt><trkpt lat="50.72699" lon="4.505612"><ele>82.200195</ele><time>2025-11-13T13:56:59+01:00</time><extensions><gpxtpx:TrackPointExtension><gpxtpx:hr>0</gpxtpx:hr></gpxtpx:TrackPointExtension></extensions></trkpt><trkpt lat="50.726913" lon="4.505755"><ele>82.200195</ele><time>2025-11-13T13:57:04+01:00</time><extensions><gpxtpx:TrackPointExtension><gpxtpx:hr>0</gpxtpx:hr></gpxtpx:TrackPointExtension></extensions></trkpt><trkpt lat="50.726837" lon="4.505907"><ele>83</ele><time>2025-11-13T13:57:09+01:00</time><extensions><gpxtpx:TrackPointExtension><gpxtpx:hr>0</gpxtpx:hr></gpxtpx:TrackPointExtension></extensions></trkpt><trkpt lat="50.726755" lon="4.506065"><ele>83.90039</ele><time>2025-11-13T13:57:14+01:00</time><extensions><gpxtpx:TrackPointExtension><gpxtpx:hr>0</gpxtpx:hr></gpxtpx:TrackPointExtension></extensions></trkpt><trkpt lat="50.726672" lon="4.506217"><ele>84.799805</ele><time>2025-11-13T13:57:19+01:00</time><extensions><gpxtpx:TrackPointExtension><gpxtpx:hr>0</gpxtpx:hr></gpxtpx:TrackPointExtension></extensions></trkpt><trkpt lat="50.726592" lon="4.506363"><ele>84.799805</ele><time>2025-11-13T13:57:24+01:00</time><extensions><gpxtpx:TrackPointExtension><gpxtpx:hr>0</gpxtpx:hr></gpxtpx:TrackPointExtension></extensions></trkpt><trkpt lat="50.726503" lon="4.5065"><ele>85.799805</ele><time>2025-11-13T13:57:29+01:00</time><extensions><gpxtpx:TrackPointExtension><gpxtpx:hr>0</gpxtpx:hr></gpxtpx:TrackPointExtension></extensions></trkpt><trkpt lat="50.72641" lon="4.506628"><ele>87.40039</ele><time>2025-11-13T13:57:34+01:00</time><extensions><gpxtpx:TrackPointExtension><gpxtpx:hr>0</gpxtpx:hr></gpxtpx:TrackPointExtension></extensions></trkpt><trkpt lat="50.72632" lon="4.506738"><ele>88.799805</ele><time>2025-11-13T13:57:39+01:00</time><extensions><gpxtpx:TrackPointExtension><gpxtpx:hr>0</gpxtpx:hr></gpxtpx:TrackPointExtension></extensions></trkpt><trkpt lat="50.726227" lon="4.506838"><ele>90.299805</ele><time>2025-11-13T13:57:44+01:00</time><extensions><gpxtpx:TrackPointExtension><gpxtpx:hr>0</gpxtpx:hr></gpxtpx:TrackPointExtension></extensions></trkpt><trkpt lat="50.72613" lon="4.506935"><ele>91.40039</ele><time>2025-11-13T13:57:49+01:00</time><extensions><gpxtpx:TrackPointExtension><gpxtpx:hr>0</gpxtpx:hr></gpxtpx:TrackPointExtension></extensions></trkpt><trkpt lat="50.726035" lon="4.507033"><ele>91.299805</ele><time>2025-11-13T13:57:54+01:00</time><extensions><gpxtpx:TrackPointExtension><gpxtpx:hr>0</gpxtpx:hr></gpxtpx:TrackPointExtension></extensions></trkpt><trkpt lat="50.725943" lon="4.507112"><ele>92.100586</ele><time>2025-11-13T13:57:59+01:00</time><extensions><gpxtpx:TrackPointExtension><gpxtpx:hr>0</gpxtpx:hr></gpxtpx:TrackPointExtension></extensions></trkpt><trkpt lat="50.725852" lon="4.507197"><ele>92.799805</ele><time>2025-11-13T13:58:04+01:00</time><extensions><gpxtpx:TrackPointExtension><gpxtpx:hr>0</gpxtpx:hr></gpxtpx:TrackPointExtension></extensions></trkpt><trkpt lat="50.725755" lon="4.507292"><ele>93.600586</ele><time>2025-11-13T13:58:09+01:00</time><extensions><gpxtpx:TrackPointExtension><gpxtpx:hr>0</gpxtpx:hr></gpxtpx:TrackPointExtension></extensions></trkpt><trkpt lat="50.72566" lon="4.507427"><ele>94.100586</ele><time>2025-11-13T13:58:14+01:00</time><extensions><gpxtpx:TrackPointExtension><gpxtpx:hr>0</gpxtpx:hr></gpxtpx:TrackPointExtension></extensions></trkpt><trkpt lat="50.725565" lon="4.507603"><ele>94.600586</ele><time>2025-11-13T13:58:19+01:00</time><extensions><gpxtpx:TrackPointExtension><gpxtpx:hr>0</gpxtpx:hr></gpxtpx:TrackPointExtension></extensions></trkpt><trkpt lat="50.725493" lon="4.507807"><ele>94.600586</ele><time>2025-11-13T13:58:24+01:00</time><extensions><gpxtpx:TrackPointExtension><gpxtpx:hr>0</gpxtpx:hr></gpxtpx:TrackPointExtension></extensions></trkpt><trkpt lat="50.725442" lon="4.507985"><ele>94.90039</ele><time>2025-11-13T13:58:29+01:00</time><extensions><gpxtpx:TrackPointExtension><gpxtpx:hr>0</gpxtpx:hr></gpxtpx:TrackPointExtension></extensions></trkpt><trkpt lat="50.725408" lon="4.508153"><ele>94.799805</ele><time>2025-11-13T13:58:34+01:00</time><extensions><gpxtpx:TrackPointExtension><gpxtpx:hr>0</gpxtpx:hr></gpxtpx:TrackPointExtension></extensions></trkpt><trkpt lat="50.72538" lon="4.50835"><ele>94.299805</ele><time>2025-11-13T13:58:39+01:00</time><extensions><gpxtpx:TrackPointExtension><gpxtpx:hr>0</gpxtpx:hr></gpxtpx:TrackPointExtension></extensions></trkpt><trkpt lat="50.725342" lon="4.508602"><ele>93.700195</ele><time>2025-11-13T13:58:44+01:00</time><extensions><gpxtpx:TrackPointExtension><gpxtpx:hr>0</gpxtpx:hr></gpxtpx:TrackPointExtension></extensions></trkpt><trkpt lat="50.72529" lon="4.508948"><ele>92.799805</ele><time>2025-11-13T13:58:49+01:00</time><extensions><gpxtpx:TrackPointExtension><gpxtpx:hr>0</gpxtpx:hr></gpxtpx:TrackPointExtension></extensions></trkpt><trkpt lat="50.725222" lon="4.509388"><ele>91.100586</ele><time>2025-11-13T13:58:54+01:00</time><extensions><gpxtpx:TrackPointExtension><gpxtpx:hr>0</gpxtpx:hr></gpxtpx:TrackPointExtension></extensions></trkpt><trkpt lat="50.725147" lon="4.509915"><ele>89</ele><time>2025-11-13T13:58:59+01:00</time><extensions><gpxtpx:TrackPointExtension><gpxtpx:hr>0</gpxtpx:hr></gpxtpx:TrackPointExtension></extensions></trkpt><trkpt lat="50.725123" lon="4.51051"><ele>87.40039</ele><time>2025-11-13T13:59:04+01:00</time><extensions><gpxtpx:TrackPointExtension><gpxtpx:hr>0</gpxtpx:hr></gpxtpx:TrackPointExtension></extensions></trkpt><trkpt lat="50.725215" lon="4.511157"><ele>85.299805</ele><time>2025-11-13T13:59:09+01:00</time><extensions><gpxtpx:TrackPointExtension><gpxtpx:hr>0</gpxtpx:hr></gpxtpx:TrackPointExtension></extensions></trkpt><trkpt lat="50.725373" lon="4.511843"><ele>82.299805</ele><time>2025-11-13T13:59:14+01:00</time><extensions><gpxtpx:TrackPointExtension><gpxtpx:hr>0</gpxtpx:hr></gpxtpx:TrackPointExtension></extensions></trkpt><trkpt lat="50.72549" lon="4.512573"><ele>78.799805</ele><time>2025-11-13T13:59:19+01:00</time><extensions><gpxtpx:TrackPointExtension><gpxtpx:hr>0</gpxtpx:hr></gpxtpx:TrackPointExtension></extensions></trkpt><trkpt lat="50.725445" lon="4.513335"><ele>76.40039</ele><time>2025-11-13T13:59:24+01:00</time><extensions><gpxtpx:TrackPointExtension><gpxtpx:hr>0</gpxtpx:hr></gpxtpx:TrackPointExtension></extensions></trkpt><trkpt lat="50.72529" lon="4.514005"><ele>76</ele><time>2025-11-13T13:59:29+01:00</time><extensions><gpxtpx:TrackPointExtension><gpxtpx:hr>0</gpxtpx:hr></gpxtpx:TrackPointExtension></extensions></trkpt><trkpt lat="50.725087" lon="4.514413"><ele>74.600586</ele><time>2025-11-13T13:59:34+01:00</time><extensions><gpxtpx:TrackPointExtension><gpxtpx:hr>0</gpxtpx:hr></gpxtpx:TrackPointExtension></extensions></trkpt><trkpt lat="50.724945" lon="4.514637"><ele>73.799805</ele><time>2025-11-13T13:59:39+01:00</time><extensions><gpxtpx:TrackPointExtension><gpxtpx:hr>0</gpxtpx:hr></gpxtpx:TrackPointExtension></extensions></trkpt><trkpt lat="50.72493" lon="4.514643"><ele>73.299805</ele><time>2025-11-13T13:59:44+01:00</time><extensions><gpxtpx:TrackPointExtension><gpxtpx:hr>0</gpxtpx:hr></gpxtpx:TrackPointExtension></extensions></trkpt><trkpt lat="50.724932" lon="4.514642"><ele>73.299805</ele><time>2025-11-13T13:59:49+01:00</time><extensions><gpxtpx:TrackPointExtension><gpxtpx:hr>0</gpxtpx:hr></gpxtpx:TrackPointExtension></extensions></trkpt><trkpt lat="50.72493" lon="4.514642"><ele>73.299805</ele><time>2025-11-13T13:59:54+01:00</time><extensions><gpxtpx:TrackPointExtension><gpxtpx:hr>0</gpxtpx:hr></gpxtpx:TrackPointExtension></extensions></trkpt><trkpt lat="50.724932" lon="4.514642"><ele>73.299805</ele><time>2025-11-13T13:59:59+01:00</time><extensions><gpxtpx:TrackPointExtension><gpxtpx:hr>0</gpxtpx:hr></gpxtpx:TrackPointExtension></extensions></trkpt><trkpt lat="50.72493" lon="4.514642"><ele>73.299805</ele><time>2025-11-13T14:00:04+01:00</time><extensions><gpxtpx:TrackPointExtension><gpxtpx:hr>0</gpxtpx:hr></gpxtpx:TrackPointExtension></extensions></trkpt><trkpt lat="50.72493" lon="4.514642"><ele>73.299805</ele><time>2025-11-13T14:00:09+01:00</time><extensions><gpxtpx:TrackPointExtension><gpxtpx:hr>0</gpxtpx:hr></gpxtpx:TrackPointExtension></extensions></trkpt><trkpt lat="50.724932" lon="4.514642"><ele>73.299805</ele><time>2025-11-13T14:00:14+01:00</time><extensions><gpxtpx:TrackPointExtension><gpxtpx:hr>0</gpxtpx:hr></gpxtpx:TrackPointExtension></extensions></trkpt><trkpt lat="50.72493" lon="4.514643"><ele>73.299805</ele><time>2025-11-13T14:00:19+01:00</time><extensions><gpxtpx:TrackPointExtension><gpxtpx:hr>0</gpxtpx:hr></gpxtpx:TrackPointExtension></extensions></trkpt><trkpt lat="50.72493" lon="4.514643"><ele>73.299805</ele><time>2025-11-13T14:00:24+01:00</time><extensions><gpxtpx:TrackPointExtension><gpxtpx:hr>0</gpxtpx:hr></gpxtpx:TrackPointExtension></extensions></trkpt><trkpt lat="50.72493" lon="4.514643"><ele>73.299805</ele><time>2025-11-13T14:00:29+01:00</time><extensions><gpxtpx:TrackPointExtension><gpxtpx:hr>0</gpxtpx:hr></gpxtpx:TrackPointExtension></extensions></trkpt><trkpt lat="50.72493" lon="4.514643"><ele>73.299805</ele><time>2025-11-13T14:00:34+01:00</time><extensions><gpxtpx:TrackPointExtension><gpxtpx:hr>0</gpxtpx:hr></gpxtpx:TrackPointExtension></extensions></trkpt><trkpt lat="50.72493" lon="4.514642"><ele>73.299805</ele><time>2025-11-13T14:00:39+01:00</time><extensions><gpxtpx:TrackPointExtension><gpxtpx:hr>0</gpxtpx:hr></gpxtpx:TrackPointExtension></extensions></trkpt><trkpt lat="50.72493" lon="4.514642"><ele>73.299805</ele><time>2025-11-13T14:00:44+01:00</time><extensions><gpxtpx:TrackPointExtension><gpxtpx:hr>0</gpxtpx:hr></gpxtpx:TrackPointExtension></extensions></trkpt><trkpt lat="50.724932" lon="4.514633"><ele>73.299805</ele><time>2025-11-13T14:00:49+01:00</time><extensions><gpxtpx:TrackPointExtension><gpxtpx:hr>0</gpxtpx:hr></gpxtpx:TrackPointExtension></extensions></trkpt><trkpt lat="50.724933" lon="4.514633"><ele>73.299805</ele><time>2025-11-13T14:00:54+01:00</time><extensions><gpxtpx:TrackPointExtension><gpxtpx:hr>0</gpxtpx:hr></gpxtpx:TrackPointExtension></extensions></trkpt><trkpt lat="50.724932" lon="4.514633"><ele>73.299805</ele><time>2025-11-13T14:00:59+01:00</time><extensions><gpxtpx:TrackPointExtension><gpxtpx:hr>0</gpxtpx:hr></gpxtpx:TrackPointExtension></extensions></trkpt><trkpt lat="50.724932" lon="4.514633"><ele>73.299805</ele><time>2025-11-13T14:01:04+01:00</time><extensions><gpxtpx:TrackPointExtension><gpxtpx:hr>0</gpxtpx:hr></gpxtpx:TrackPointExtension></extensions></trkpt><trkpt lat="50.724932" lon="4.514633"><ele>73.299805</ele><time>2025-11-13T14:01:09+01:00</time><extensions><gpxtpx:TrackPointExtension><gpxtpx:hr>0</gpxtpx:hr></gpxtpx:TrackPointExtension></extensions></trkpt><trkpt lat="50.724932" lon="4.514633"><ele>73.299805</ele><time>2025-11-13T14:01:14+01:00</time><extensions><gpxtpx:TrackPointExtension><gpxtpx:hr>0</gpxtpx:hr></gpxtpx:TrackPointExtension></extensions></trkpt><trkpt lat="50.724932" lon="4.514633"><ele>73.299805</ele><time>2025-11-13T14:01:19+01:00</time><extensions><gpxtpx:TrackPointExtension><gpxtpx:hr>0</gpxtpx:hr></gpxtpx:TrackPointExtension></extensions></trkpt><trkpt lat="50.724922" lon="4.514657"><ele>73.299805</ele><time>2025-11-13T14:01:24+01:00</time><extensions><gpxtpx:TrackPointExtension><gpxtpx:hr>0</gpxtpx:hr></gpxtpx:TrackPointExtension></extensions></trkpt><trkpt lat="50.724835" lon="4.514812"><ele>73.100586</ele><time>2025-11-13T14:01:29+01:00</time><extensions><gpxtpx:TrackPointExtension><gpxtpx:hr>0</gpxtpx:hr></gpxtpx:TrackPointExtension></extensions></trkpt><trkpt lat="50.72473" lon="4.51497"><ele>72.700195</ele><time>2025-11-13T14:01:34+01:00</time><extensions><gpxtpx:TrackPointExtension><gpxtpx:hr>0</gpxtpx:hr></gpxtpx:TrackPointExtension></extensions></trkpt><trkpt lat="50.724623" lon="4.515108"><ele>72.5</ele><time>2025-11-13T14:01:39+01:00</time><extensions><gpxtpx:TrackPointExtension><gpxtpx:hr>0</gpxtpx:hr></gpxtpx:TrackPointExtension></extensions></trkpt><trkpt lat="50.724498" lon="4.515197"><ele>71.40039</ele><time>2025-11-13T14:01:44+01:00</time><extensions><gpxtpx:TrackPointExtension><gpxtpx:hr>0</gpxtpx:hr></gpxtpx:TrackPointExtension></extensions></trkpt><trkpt lat="50.724357" lon="4.515303"><ele>71</ele><time>2025-11-13T14:01:49+01:00</time><extensions><gpxtpx:TrackPointExtension><gpxtpx:hr>0</gpxtpx:hr></gpxtpx:TrackPointExtension></extensions></trkpt><trkpt lat="50.724178" lon="4.515365"><ele>70.299805</ele><time>2025-11-13T14:01:54+01:00</time><extensions><gpxtpx:TrackPointExtension><gpxtpx:hr>0</gpxtpx:hr></gpxtpx:TrackPointExtension></extensions></trkpt><trkpt lat="50.723997" lon="4.515422"><ele>68.90039</ele><time>2025-11-13T14:01:59+01:00</time><extensions><gpxtpx:TrackPointExtension><gpxtpx:hr>0</gpxtpx:hr></gpxtpx:TrackPointExtension></extensions></trkpt><trkpt lat="50.723808" lon="4.515495"><ele>67</ele><time>2025-11-13T14:02:04+01:00</time><extensions><gpxtpx:TrackPointExtension><gpxtpx:hr>0</gpxtpx:hr></gpxtpx:TrackPointExtension></extensions></trkpt><trkpt lat="50.7236" lon="4.515583"><ele>64.700195</ele><time>2025-11-13T14:02:09+01:00</time><extensions><gpxtpx:TrackPointExtension><gpxtpx:hr>0</gpxtpx:hr></gpxtpx:TrackPointExtension></extensions></trkpt><trkpt lat="50.723407" lon="4.515655"><ele>62.299805</ele><time>2025-11-13T14:02:14+01:00</time><extensions><gpxtpx:TrackPointExtension><gpxtpx:hr>0</gpxtpx:hr></gpxtpx:TrackPointExtension></extensions></trkpt><trkpt lat="50.723228" lon="4.51577"><ele>61.299805</ele><time>2025-11-13T14:02:19+01:00</time><extensions><gpxtpx:TrackPointExtension><gpxtpx:hr>0</gpxtpx:hr></gpxtpx:TrackPointExtension></extensions></trkpt><trkpt lat="50.722952" lon="4.515885"><ele>59.700195</ele><time>2025-11-13T14:02:24+01:00</time><extensions><gpxtpx:TrackPointExtension><gpxtpx:hr>0</gpxtpx:hr></gpxtpx:TrackPointExtension></extensions></trkpt><trkpt lat="50.722643" lon="4.51601"><ele>58.600586</ele><time>2025-11-13T14:02:29+01:00</time><extensions><gpxtpx:TrackPointExtension><gpxtpx:hr>0</gpxtpx:hr></gpxtpx:TrackPointExtension></extensions></trkpt><trkpt lat="50.722375" lon="4.51613"><ele>57.600586</ele><time>2025-11-13T14:02:34+01:00</time><extensions><gpxtpx:TrackPointExtension><gpxtpx:hr>0</gpxtpx:hr></gpxtpx:TrackPointExtension></extensions></trkpt><trkpt lat="50.722177" lon="4.516207"><ele>56.299805</ele><time>2025-11-13T14:02:39+01:00</time><extensions><gpxtpx:TrackPointExtension><gpxtpx:hr>0</gpxtpx:hr></gpxtpx:TrackPointExtension></extensions></trkpt><trkpt lat="50.722112" lon="4.51612"><ele>55.799805</ele><time>2025-11-13T14:02:44+01:00</time><extensions><gpxtpx:TrackPointExtension><gpxtpx:hr>0</gpxtpx:hr></gpxtpx:TrackPointExtension></extensions></trkpt><trkpt lat="50.722083" lon="4.516135"><ele>55.799805</ele><time>2025-11-13T14:02:49+01:00</time><extensions><gpxtpx:TrackPointExtension><gpxtpx:hr>0</gpxtpx:hr></gpxtpx:TrackPointExtension></extensions></trkpt><trkpt lat="50.722078" lon="4.516135"><ele>55.799805</ele><time>2025-11-13T14:02:54+01:00</time><extensions><gpxtpx:TrackPointExtension><gpxtpx:hr>0</gpxtpx:hr></gpxtpx:TrackPointExtension></extensions></trkpt><trkpt lat="50.722075" lon="4.516133"><ele>55.799805</ele><time>2025-11-13T14:02:59+01:00</time><extensions><gpxtpx:TrackPointExtension><gpxtpx:hr>0</gpxtpx:hr></gpxtpx:TrackPointExtension></extensions></trkpt><trkpt lat="50.722075" lon="4.516133"><ele>55.799805</ele><time>2025-11-13T14:03:04+01:00</time><extensions><gpxtpx:TrackPointExtension><gpxtpx:hr>0</gpxtpx:hr></gpxtpx:TrackPointExtension></extensions></trkpt><trkpt lat="50.722067" lon="4.516118"><ele>55.799805</ele><time>2025-11-13T14:03:09+01:00</time><extensions><gpxtpx:TrackPointExtension><gpxtpx:hr>0</gpxtpx:hr></gpxtpx:TrackPointExtension></extensions></trkpt><trkpt lat="50.722072" lon="4.516028"><ele>56</ele><time>2025-11-13T14:03:14+01:00</time><extensions><gpxtpx:TrackPointExtension><gpxtpx:hr>0</gpxtpx:hr></gpxtpx:TrackPointExtension></extensions></trkpt><trkpt lat="50.72211" lon="4.51604"><ele>56</ele><time>2025-11-13T14:03:19+01:00</time><extensions><gpxtpx:TrackPointExtension><gpxtpx:hr>0</gpxtpx:hr></gpxtpx:TrackPointExtension></extensions></trkpt><trkpt lat="50.722117" lon="4.516053"><ele>56.5</ele><time>2025-11-13T14:03:24+01:00</time><extensions><gpxtpx:TrackPointExtension><gpxtpx:hr>0</gpxtpx:hr></gpxtpx:TrackPointExtension></extensions></trkpt><trkpt lat="50.722125" lon="4.516063"><ele>56.5</ele><time>2025-11-13T14:03:29+01:00</time><extensions><gpxtpx:TrackPointExtension><gpxtpx:hr>0</gpxtpx:hr></gpxtpx:TrackPointExtension></extensions></trkpt><trkpt lat="50.722127" lon="4.516068"><ele>56.299805</ele><time>2025-11-13T14:03:34+01:00</time><extensions><gpxtpx:TrackPointExtension><gpxtpx:hr>0</gpxtpx:hr></gpxtpx:TrackPointExtension></extensions></trkpt><trkpt lat="50.72212" lon="4.516077"><ele>56.299805</ele><time>2025-11-13T14:03:39+01:00</time><extensions><gpxtpx:TrackPointExtension><gpxtpx:hr>0</gpxtpx:hr></gpxtpx:TrackPointExtension></extensions></trkpt><trkpt lat="50.722118" lon="4.516077"><ele>56.299805</ele><time>2025-11-13T14:03:44+01:00</time><extensions><gpxtpx:TrackPointExtension><gpxtpx:hr>0</gpxtpx:hr></gpxtpx:TrackPointExtension></extensions></trkpt><trkpt lat="50.72212" lon="4.51608"><ele>56.299805</ele><time>2025-11-13T14:03:49+01:00</time><extensions><gpxtpx:TrackPointExtension><gpxtpx:hr>0</gpxtpx:hr></gpxtpx:TrackPointExtension></extensions></trkpt><trkpt lat="50.721793" lon="4.516042"><ele>54.700195</ele><time>2025-11-13T14:03:54+01:00</time><extensions><gpxtpx:TrackPointExtension><gpxtpx:hr>0</gpxtpx:hr></gpxtpx:TrackPointExtension></extensions></trkpt><trkpt lat="50.721677" lon="4.516172"><ele>56.299805</ele><time>2025-11-13T14:03:59+01:00</time><extensions><gpxtpx:TrackPointExtension><gpxtpx:hr>0</gpxtpx:hr></gpxtpx:TrackPointExtension></extensions></trkpt><trkpt lat="50.721527" lon="4.516278"><ele>57.90039</ele><time>2025-11-13T14:04:04+01:00</time><extensions><gpxtpx:TrackPointExtension><gpxtpx:hr>0</gpxtpx:hr></gpxtpx:TrackPointExtension></extensions></trkpt><trkpt lat="50.721392" lon="4.51648"><ele>59.799805</ele><time>2025-11-13T14:04:09+01:00</time><extensions><gpxtpx:TrackPointExtension><gpxtpx:hr>0</gpxtpx:hr></gpxtpx:TrackPointExtension></extensions></trkpt><trkpt lat="50.721302" lon="4.516468"><ele>60.600586</ele><time>2025-11-13T14:04:14+01:00</time><extensions><gpxtpx:TrackPointExtension><gpxtpx:hr>0</gpxtpx:hr></gpxtpx:TrackPointExtension></extensions></trkpt><trkpt lat="50.72122" lon="4.516383"><ele>60.799805</ele><time>2025-11-13T14:04:19+01:00</time><extensions><gpxtpx:TrackPointExtension><gpxtpx:hr>0</gpxtpx:hr></gpxtpx:TrackPointExtension></extensions></trkpt><trkpt lat="50.721125" lon="4.516243"><ele>61.700195</ele><time>2025-11-13T14:04:24+01:00</time><extensions><gpxtpx:TrackPointExtension><gpxtpx:hr>0</gpxtpx:hr></gpxtpx:TrackPointExtension></extensions></trkpt><trkpt lat="50.721037" lon="4.516102"><ele>61</ele><time>2025-11-13T14:04:29+01:00</time><extensions><gpxtpx:TrackPointExtension><gpxtpx:hr>0</gpxtpx:hr></gpxtpx:TrackPointExtension></extensions></trkpt><trkpt lat="50.72096" lon="4.515972"><ele>61.600586</ele><time>2025-11-13T14:04:34+01:00</time><extensions><gpxtpx:TrackPointExtension><gpxtpx:hr>0</gpxtpx:hr></gpxtpx:TrackPointExtension></extensions></trkpt><trkpt lat="50.720857" lon="4.515842"><ele>62.200195</ele><time>2025-11-13T14:04:39+01:00</time><extensions><gpxtpx:TrackPointExtension><gpxtpx:hr>0</gpxtpx:hr></gpxtpx:TrackPointExtension></extensions></trkpt><trkpt lat="50.720787" lon="4.51567"><ele>62.799805</ele><time>2025-11-13T14:04:44+01:00</time><extensions><gpxtpx:TrackPointExtension><gpxtpx:hr>0</gpxtpx:hr></gpxtpx:TrackPointExtension></extensions></trkpt><trkpt lat="50.7207" lon="4.515475"><ele>61.5</ele><time>2025-11-13T14:04:49+01:00</time><extensions><gpxtpx:TrackPointExtension><gpxtpx:hr>0</gpxtpx:hr></gpxtpx:TrackPointExtension></extensions></trkpt><trkpt lat="50.720665" lon="4.515325"><ele>62</ele><time>2025-11-13T14:04:54+01:00</time><extensions><gpxtpx:TrackPointExtension><gpxtpx:hr>0</gpxtpx:hr></gpxtpx:TrackPointExtension></extensions></trkpt><trkpt lat="50.720645" lon="4.515123"><ele>60.700195</ele><time>2025-11-13T14:04:59+01:00</time><extensions><gpxtpx:TrackPointExtension><gpxtpx:hr>0</gpxtpx:hr></gpxtpx:TrackPointExtension></extensions></trkpt><trkpt lat="50.720537" lon="4.515062"><ele>62.600586</ele><time>2025-11-13T14:05:04+01:00</time><extensions><gpxtpx:TrackPointExtension><gpxtpx:hr>0</gpxtpx:hr></gpxtpx:TrackPointExtension></extensions></trkpt><trkpt lat="50.720415" lon="4.51502"><ele>63</ele><time>2025-11-13T14:05:08+01:00</time><extensions><gpxtpx:TrackPointExtension><gpxtpx:hr>0</gpxtpx:hr></gpxtpx:TrackPointExtension></extensions></trkpt></trkseg></trk></gpx>
